,ty,at,pt,rs,tq,tw,1,0,
ty,-0.6668387218329825,0.5649413437390396,-0.5409326847474757,0.44396744749020256,0.37398372711082667,-0.6870840605332277,-0.508379230651962,-0.5259111480926042,
at,-0.5431260117397306,0.6336710766423865,-0.6221299636049933,0.20301968412266444,0.40198835793580595,-0.5671175944487331,0.6719249948785745,-0.1744959685424773,
pt,-0.6224003117998683,0.6217738189839754,-0.4167925478348244,0.4333674692536672,-0.6511302011788593,-0.6884223143019899,-0.6768064849024834,-0.08611342649934306,
rs,-0.49758404819338,-0.6033508984317223,0.649979817887953,0.6881460493655311,0.3846290854403596,-0.6932796765708,-0.5148198230816263,0.25279256149749807,
tq,0.6281297573911019,-0.47782835491451464,0.4989232510535779,-0.589974465631539,-0.5581367679613684,-0.6839052990283672,0.68240327160984,0.102188149682546,
tw,0.5144485375249714,0.6028531148706481,0.6535217045123839,-0.2167060642309235,-0.29713970425010927,-0.4726162795896136,0.37785809893633604,0.443933960027567,
1,0.0,0.0,0.0,0.0,0.0,0.0,0.0,0.0,
0,0.0,0.0,0.0,0.0,0.0,0.0,0.0,0.0,
