,ty,at,pt,rs,tq,tw,1,0,
ty,0.6333910906029508,-0.3199755829257073,-0.3224023540048505,0.0,-0.6799146547303313,-0.4384042087048743,0.0,0.0,
at,-0.7064133049217142,0.0,0.5418644059280001,0.0,-0.24081241083334462,0.44580114487638006,0.0,-0.4744027059162267,
pt,-0.31385167997669783,0.0,0.7112954119881271,0.43949188305671344,0.2142963570667336,0.0,0.27258805666966957,0.26034248073749117,
rs,-0.4389586923754539,-0.276678581604062,0.4393685630930642,0.7199563601289958,0.5265063325781317,0.6799180561307648,-0.2306175966474022,0.14590168288116734,
tq,0.6384318741717931,0.4141537697199622,0.6285650509139207,0.0,-0.6808619875667588,-0.2111150440715555,-0.5555654579870856,0.0,
tw,0.0,0.0,0.3851558486969888,-0.14102508385746879,0.6767166694913541,-0.14182316629168415,0.0,0.0,
1,0.0,0.0,0.0,0.0,0.0,0.0,0.0,0.0,
0,0.0,0.0,0.0,0.0,0.0,0.0,0.0,0.0,
