,ty,at,pt,rs,tq,tw,1,0,
ty,0.6807474605607214,0.0,0.7330298588640187,0.0,-0.1262482154681949,0.0,0.0,0.7250348286406295,
at,0.7246914836827594,0.0,0.0,0.7240093639210093,0.7241879306318114,0.6951229225098053,-0.7481973030424061,0.0,
pt,0.7005464034490159,-0.442552722048598,-0.7327419845193041,-0.5970332985672946,-0.034297339446851066,0.6645121342709182,-0.7300164564280921,0.73564808966029,
rs,0.7423338748453381,0.7257937542851535,-0.7443514112951485,0.0,-0.7307905653791,-0.7302957659402921,0.0,0.7381459507369834,
tq,0.0,-0.719026367854661,-0.7404592248580433,0.0,0.0,0.7423940047832152,0.7468911730763633,-0.6922569277347853,
tw,0.7308855740250557,-0.6167786268089447,0.36359206174875885,0.0,0.7395564897204802,0.6494366081215243,0.0,-0.7364354271626891,
1,0.0,0.0,0.0,0.0,0.0,0.0,0.0,0.0,
0,0.0,0.0,0.0,0.0,0.0,0.0,0.0,0.0,
