,ty,at,pt,rs,tq,tw,1,0,
ty,-0.47988285994093105,-0.18721988521609645,-0.3119353908919129,0.0,-0.5997296870158609,-0.46526335072975833,0.45729761936306274,0.6551450794594026,
at,0.0,0.6018617155184945,-0.3509153572753766,-0.12368854258106397,0.10038560197682145,0.5556566766972091,0.5672651140110696,-0.13892696473175034,
pt,0.25830161183735095,-0.5227007842371445,0.3083521335319432,0.3660215462978525,0.0,-0.42546030796947315,0.0,0.6238331180168749,
rs,-0.169801870154616,-0.40175427288837107,0.5164840145511999,0.47684480077437646,-0.6729774569528257,0.24227874115343792,0.34052859515792927,0.5517858301869611,
tq,0.0,0.6373556795692017,-0.35492444041707616,0.37225654152348214,0.0,0.48075699555751505,-0.3801654678856678,0.06992930216096535,
tw,0.31778930784357856,0.49236108676244994,0.0,0.48050269921344213,0.536018637650234,0.0,0.5951898364032815,-0.13043165258176725,
1,0.0,0.0,0.0,0.0,0.0,0.0,0.0,0.0,
0,0.0,0.0,0.0,0.0,0.0,0.0,0.0,0.0,
