,ty,at,pt,rs,tq,tw,1,0,
ty,0.0,0.5216217231640936,0.6401970685299075,-0.5059054550516158,-0.12198042255671566,0.18554148010599308,-0.4906387058701904,-0.26720817325174506,
at,-0.49512298929993015,-0.6041223406936949,0.48336896761616815,-0.6763836603012949,0.5312379294459718,-0.45539297738934725,0.22908299124011083,0.4810691865797558,
pt,0.0,0.1504572469731434,0.5005919746051609,-0.6778107783935531,-0.006253052785668217,0.5414886761003345,-0.6361292456733965,-0.5523332623848273,
rs,-0.4704668175812087,-0.6914706776647536,0.5590772736626493,-0.638489199252594,-0.676457382091438,0.5854013985004202,-0.5135953940788215,-0.4580461973331377,
tq,-0.46810249957314765,-0.563082370694998,0.6166680757859625,0.49323107102069585,0.49267299579995777,-0.5539863075598296,0.528263484807312,0.4026160717789665,
tw,-0.5117272169655679,0.0,-0.49951507507994514,0.45734792697189475,0.5732879899681231,-0.5412677380259335,0.6163437064795219,0.5051994531128522,
1,0.0,0.0,0.0,0.0,0.0,0.0,0.0,0.0,
0,0.0,0.0,0.0,0.0,0.0,0.0,0.0,0.0,
