,ty,at,pt,rs,tq,tw,1,0,
ty,-0.36615335056522524,0.4725599904085483,0.45163683429966145,0.6586813874848211,-0.3840590574568627,0.6008119425967259,-0.3533391006262663,-0.04138184231516753,
at,0.20183534992993762,0.3488425213054997,-0.47388294955754123,0.5682492375953485,0.4507688951950264,0.4826697785235425,0.44032870119667805,-0.15105521628717006,
pt,-0.3604188488483114,0.6280781437449245,-0.6136967812539633,-0.4413071449539774,-0.7560194289737742,-0.5843702840030477,0.46961307745195346,-0.614556202569486,
rs,0.5763931344255753,-0.4744673854511916,-0.6283579949059002,0.7254158603861566,0.333839968709673,-0.48852491846058876,-0.6729548637331679,0.6027954149761681,
tq,0.6139661209766765,-0.5057365699566437,-0.5900835488753414,-0.14941264294026685,-0.617029922238667,0.6064214477383539,0.454400729667471,0.38221062566738406,
tw,-0.753543664125337,-0.6980916986123031,0.566472088434183,-0.47394018511659397,-0.5144412978410053,0.10461739523823683,0.35678886884771827,0.5009258244934737,
1,0.0,0.0,0.0,0.0,0.0,0.0,0.0,0.0,
0,0.0,0.0,0.0,0.0,0.0,0.0,0.0,0.0,
