,ty,at,pt,rs,tq,tw,1,0,
ty,0.0,0.31501015893180406,0.0,0.0,-0.12246065683223252,0.0,0.0,0.5566188253021113,
at,0.0,0.0,0.7098796745773269,-0.14607419014053138,0.5148434049826941,0.21279020633922976,0.6762320812078971,0.12678912119301616,
pt,0.35759207564083245,-0.1923393500853062,-0.16854163373516312,0.2608734487860082,0.47603422920843363,0.47220541162202473,-0.4309548292993528,0.0,
rs,0.48201007976195925,-0.33660152202704385,-0.2500111351229588,0.0,-0.4556255528820607,-0.5957872123422026,0.0,0.0,
tq,-0.36739561560133077,0.0,0.0,0.24756556788042497,0.0,0.5240860970277739,0.0,0.0,
tw,0.0,0.0,0.590168827842443,0.13854443900435653,-0.3523743694736145,0.0,0.0,-0.43507392888190327,
1,0.0,0.0,0.0,0.0,0.0,0.0,0.0,0.0,
0,0.0,0.0,0.0,0.0,0.0,0.0,0.0,0.0,
