,ty,at,pt,rs,tq,tw,1,0,
ty,0.0,0.0,0.0,0.0,0.0,0.0,-0.6837826462776627,0.0,
at,-0.6148898440734833,0.0,0.2301727958004275,0.0,0.0,0.6857557083957486,0.0,0.0,
pt,-0.686834075487173,0.0,0.0,0.0,0.0,0.5697066534583988,0.0,0.686149651390487,
rs,-0.6860125160584473,-0.7094558297544643,0.0,0.0,0.0,0.7196715229512937,0.0,0.6954502295934664,
tq,0.0,-0.5856800580333152,0.7499058693867133,-0.13361227453453736,0.0,0.7547236925978617,0.0,-0.7190994888728581,
tw,0.7737592868486106,-0.2135573509881513,0.0,0.0,0.7057303363850347,0.0,0.0,0.0,
1,0.0,0.0,0.0,0.0,0.0,0.0,0.0,0.0,
0,0.0,0.0,0.0,0.0,0.0,0.0,0.0,0.0,
