,ty,at,pt,rs,tq,tw,1,0,
ty,0.0,-0.7123665679021474,-0.5162469356141675,0.3655285394602546,0.06373075279534711,-0.21944464738902955,-0.664241536279947,-0.5998380608923,
at,0.6901319430582438,-0.22533024843780894,-0.6661344818780461,0.1888424138902813,0.6241008834858512,0.7069095781200747,0.4948659021037188,0.09096804916216641,
pt,-0.642552294665871,0.7036446133985949,0.34726595157536627,0.6344790491941654,0.5908707841670029,-0.693844252420545,0.523838396310425,0.6634518426555784,
rs,0.10538882966942968,-0.5371731573520985,-0.6019544126455829,0.6647240185277516,-0.6898287308526811,-0.5587372165504365,0.32322416275546423,0.705527421209856,
tq,-0.4219889198380282,-0.6742457547511083,-0.1930710432009816,-0.5996543677696928,-0.6227754677247322,0.6728603068474674,0.6818893969857848,0.6309891080959881,
tw,-0.14370797668867555,0.27534080129114175,0.023175254226002077,-0.46198156005708507,0.6979113132248299,0.0,0.12501195660030812,0.0,
1,0.0,0.0,0.0,0.0,0.0,0.0,0.0,0.0,
0,0.0,0.0,0.0,0.0,0.0,0.0,0.0,0.0,
