,ty,at,pt,rs,tq,tw,1,0,
ty,0.15237341183375155,0.0,-0.41157386699974063,0.1858726641403851,0.0,-0.042050802492656136,0.2824260817551799,0.6041426245501547,
at,0.1804511540234985,-0.5358478281852651,0.5704861257879452,-0.2993348983094859,0.6126656797559741,0.25248454620837246,-0.5498862954308542,0.0,
pt,0.4653446782945074,0.5502182858498346,0.0,0.49586618174171565,-0.22856800096848826,-0.35376106579327776,-0.4609727406193142,0.3518791053930639,
rs,0.0,0.4493326816775496,-0.0298838406731891,0.0,-0.49993229147704266,0.10433459182731343,-0.5284364775918425,0.0,
tq,-0.4675371528100489,0.6739364165590667,-0.39272787259051184,0.40087680936840137,0.406818758282682,-0.1318468338150707,-0.4929581510081985,-0.5321777464190007,
tw,0.0,-0.465814054342144,-0.14790884514789412,0.07959237373352546,0.5592185847918041,0.3726681056587803,-0.36035221443590953,-0.3996366219183388,
1,0.0,0.0,0.0,0.0,0.0,0.0,0.0,0.0,
0,0.0,0.0,0.0,0.0,0.0,0.0,0.0,0.0,
