,ty,at,pt,rs,tq,tw,1,0,
ty,0.0,-0.4293132865526275,0.0,0.11917762805297717,0.0,0.0,-0.6748964956206444,0.0,
at,-0.6649794033483012,0.0,-0.021934356509205527,0.6078308992170294,0.0,0.0,0.0,0.0,
pt,0.0,0.0,0.0,0.0,0.0,-0.5961769856132623,0.6786570920401679,0.0,
rs,0.480904675115308,-0.4490300447438661,0.0,0.0,-0.1968889189705425,0.0,-0.46804268809128385,-0.4113112733876292,
tq,0.0,0.0,0.4617221132744892,0.0,0.0,0.021948814479680473,0.0,0.0,
tw,0.0,0.0,-0.16402971981206874,0.0,0.0,0.0,0.05207511077297328,0.0,
1,0.0,0.0,0.0,0.0,0.0,0.0,0.0,0.0,
0,0.0,0.0,0.0,0.0,0.0,0.0,0.0,0.0,
