,ty,at,pt,rs,tq,tw,1,0,
ty,0.3025324747112902,0.6319355441306925,-0.6987308326177609,0.6374837489244821,0.4382077270868041,-0.5276538032065701,-0.6636016122303348,0.60421491045275,
at,-0.4643760648370764,-0.34001046202182034,-0.7283486607385498,-0.560777515942708,-0.06235813869132777,-0.3569789295852362,0.7330337677319583,0.08690321009845986,
pt,-0.6472292487805477,0.5757939283543201,-0.7126532413589448,0.5908770834344923,0.6056063918481547,0.6214292211024095,-0.14595511152148696,0.11815216402364132,
rs,0.5365229915245754,-0.5847840672920813,-0.4178728517197527,0.7025992026616449,-0.64636605283059,0.4223147418167699,-0.42314304411740256,0.5113539396699169,
tq,-0.7090998479042895,0.00709375545478734,0.6170346646289625,0.2768663219024048,0.6717265150304442,0.5736557385010465,0.3134489655892125,-0.6260161511632322,
tw,0.48114417710094126,0.444907929988748,0.6581647622290642,-0.5201258841093147,0.2702074180433309,-0.2468658392546522,-0.7085878463012967,0.41863721634376583,
1,0.0,0.0,0.0,0.0,0.0,0.0,0.0,0.0,
0,0.0,0.0,0.0,0.0,0.0,0.0,0.0,0.0,
