,ty,at,pt,rs,tq,tw,1,0,
ty,0.0,0.6969100236771154,0.0,-0.023751127602292667,-0.4412899023934521,-0.42553571176525673,-0.284937458072393,0.0,
at,0.0,0.0,0.0,0.0,0.5862917844745658,0.0,-0.5447576410669881,0.5459616206505163,
pt,-0.5049489973766658,-0.32153272910691,0.0,0.576202709543369,0.04435095752435656,-0.4634077870667554,0.6046686802782886,0.48696821584891387,
rs,0.5280890900152357,-0.3983774348109759,-0.5740932775019555,0.677122211099964,-0.5362206800054252,-0.6361873549661584,-0.6332464735975932,-0.5913081315290937,
tq,0.26430953844779115,-0.5239328469313254,0.0,0.0,0.6770690317694653,0.6698860770344475,0.6808369339198137,0.27303024678370286,
tw,-0.6666086638343894,0.5318654807316264,0.0,0.0,0.5220342603159582,0.6688220710614614,-0.36512026393113955,0.0,
1,0.0,0.0,0.0,0.0,0.0,0.0,0.0,0.0,
0,0.0,0.0,0.0,0.0,0.0,0.0,0.0,0.0,
