,ty,at,pt,rs,tq,tw,1,0,
ty,0.0,0.0,0.0,0.0,-0.334961861347765,0.6564215078333409,0.0,0.0,
at,0.0,0.0,0.0,-0.3175998482807902,0.4513643355401292,-0.0804862312543524,0.0,0.37800146519076455,
pt,0.0,0.6879854840794272,0.0,0.0,0.4146349761036464,-0.6672362744626864,0.0,0.0,
rs,-0.25148085996948905,0.43095727763823466,-0.4009537952704948,0.0,-0.5500760614078994,0.0,0.0,0.0,
tq,-0.6613837082429961,0.38492232406247084,-0.37625569623374067,-0.5585412019517972,0.0,0.0,0.6666379720627443,0.0,
tw,0.0,0.670401930747944,-0.18051083723923675,-0.5734763792780556,0.5857241878738506,0.0,-0.3033782862745746,0.0,
1,0.0,0.0,0.0,0.0,0.0,0.0,0.0,0.0,
0,0.0,0.0,0.0,0.0,0.0,0.0,0.0,0.0,
