,ty,at,pt,rs,tq,tw,1,0,
ty,0.0,0.0,0.3759845948911625,0.31933488563751655,-0.42963040175358974,0.53154466614758,-0.3851873638780756,-0.11062373170950308,
at,-0.623857253499664,-0.5633719651091574,0.14352065577659587,0.23075408634960703,0.0,0.5223892139005052,0.4486784091056633,0.8164837213806965,
pt,-0.3326919102856843,0.0,0.0,0.0,-0.40081236820905586,-0.40365282582864115,-0.1279358563507633,-0.5494133627161317,
rs,0.48905261292327445,-0.20092652398247335,0.6092835474695358,-0.19775856430055436,0.37587726276193845,-0.26908479184703255,0.0,0.0,
tq,-0.0720248326733043,0.6806649218372315,0.0,-0.15216486541652513,0.0,0.11328555284258432,0.0,0.16053707279422086,
tw,-0.3964682545655529,0.0,0.36005561007697734,0.0,0.5690885780712612,0.0,0.5930394826180003,-0.3746563152010511,
1,0.0,0.0,0.0,0.0,0.0,0.0,0.0,0.0,
0,0.0,0.0,0.0,0.0,0.0,0.0,0.0,0.0,
