,ty,at,pt,rs,tq,tw,1,0,
ty,0.0,0.2961205449985082,0.0,0.6293720038902891,-0.07801932735873691,-0.5333728448718246,-0.05222425170031527,0.06486116559160138,
at,0.6931104531432738,0.36996667044316717,-0.09929383066619171,-0.14623862439449958,-0.48178040995100685,0.6670577710630908,0.2733861180308122,0.0,
pt,-0.6596967105810907,-0.18234795251013752,0.0,0.6942259330583459,0.0,-0.7433818238188868,0.32881477681357485,0.0,
rs,0.0,-0.6294756382388648,0.24540695899892634,0.0,0.0,-0.14427415556168321,-0.566093173572389,0.255314929785401,
tq,0.0,0.6331058216226381,-0.6148491964753102,-0.23611365700161543,0.0,-0.5140044536594653,0.0,-0.6656690463305925,
tw,-0.4821444099877022,-0.5919845197580073,0.6344494347631937,-0.21329287722993065,0.0,0.0,-0.40024027197348117,-0.07364513119192354,
1,0.0,0.0,0.0,0.0,0.0,0.0,0.0,0.0,
0,0.0,0.0,0.0,0.0,0.0,0.0,0.0,0.0,
