,ty,at,pt,rs,tq,tw,1,0,
ty,-0.6939755011894535,0.5379017506485255,-0.22271344668908546,-0.704136335504578,-0.0031320273264512405,-0.21469534061800424,0.5519078504444994,0.6756169297201067,
at,-0.7030036428910641,0.20517275628888645,-0.6202576358626729,-0.6517498050794708,0.4789236670617257,0.6078178577023696,0.0,0.5600057180241637,
pt,0.20668652979867067,0.18342623309048464,-0.16108231959940641,0.27913619782040133,0.5610266154137247,-0.4705395754822131,-0.41963775868363,0.6252248333054717,
rs,0.6905348125064428,0.6769622650095158,0.6401951089946627,0.0,-0.6724220668837726,-0.49005722717644423,-0.496780798422907,0.6680278366570321,
tq,-0.19692541703191238,0.5309366687380626,-0.08542884317675317,-0.6722051877110613,0.0,0.057191970362343074,-0.5163348026070832,-0.5054267170467616,
tw,-0.19638371064489202,0.6797197677367476,-0.6543297709914838,0.3125248232363183,-0.032448909106970514,0.33620657465733117,0.6969587126399678,-0.02889456612852929,
1,0.0,0.0,0.0,0.0,0.0,0.0,0.0,0.0,
0,0.0,0.0,0.0,0.0,0.0,0.0,0.0,0.0,
