,ty,at,pt,rs,tq,tw,1,0,
ty,0.0,-0.7100863064303414,-0.6516606559310949,0.0,0.0,-0.7082596370987221,-0.6055368831247889,0.7054907667609669,
at,-0.616280049918611,0.0,-0.6792496772255174,-0.6169279997259619,0.7131351547064446,0.0,0.48412812532229327,0.0,
pt,0.5848613960768255,0.0,0.6363110130459998,-0.7114663228203175,-0.7016898828556614,0.6503920255170125,0.0,0.6702542404181819,
rs,0.6985839562249413,0.0,-0.6756656688640311,0.0,-0.7311647895775366,-0.4378601794231719,0.0,0.7010026329820115,
tq,-0.6784448664543621,0.6695229924344643,-0.7100942574737303,-0.5197800890277448,0.6723618700574698,-0.5501005811027997,0.7075054341102711,0.6978044460159748,
tw,0.0,0.6851836556655113,-0.5754935902185847,-0.3901601024738778,0.49526327699267897,0.0,0.0,0.6134400752044333,
1,0.0,0.0,0.0,0.0,0.0,0.0,0.0,0.0,
0,0.0,0.0,0.0,0.0,0.0,0.0,0.0,0.0,
