,ty,at,pt,rs,tq,tw,1,0,
ty,0.0,0.06047155142264369,-0.5537166460844808,-0.21564096655715714,-0.572452558452759,0.15781058610015297,0.36430542876549793,0.5578105054841087,
at,0.0,0.0,-0.6275668284482492,0.08344470947102482,0.0,0.23124994666629384,0.008571346451393392,-0.4688606130872253,
pt,0.40927242035652983,0.0,0.0,-0.09553197951709284,-0.5053587641737401,-0.5521334031036103,-0.5750532604792353,0.0,
rs,0.4024899008854021,-0.4069164565870845,0.0,0.17558098052830118,0.0,0.3639109535143909,0.4004632709770302,0.6326107577512635,
tq,-0.20206788919786106,0.43340562192036447,0.17227180749530943,0.5854255311419457,0.0,0.0,0.6416535359693426,0.43675790378404944,
tw,0.051109483622832574,0.3169656779010941,-0.16045597690523813,0.0,0.559114193567628,0.0,0.0,-0.3107665247425201,
1,0.0,0.0,0.0,0.0,0.0,0.0,0.0,0.0,
0,0.0,0.0,0.0,0.0,0.0,0.0,0.0,0.0,
