,ty,at,pt,rs,tq,tw,1,0,
ty,0.0,0.14840658584106212,0.0,-0.7387343488441876,0.0,0.0,0.27627556347337623,-0.1537786259882364,
at,0.0,0.0,0.0,-0.02513649795776004,0.0,0.41564510825179907,0.0,0.0,
pt,0.0,0.0,0.0,0.0,0.0,-0.7835803758196098,-0.5845894303479764,0.0,
rs,0.0,0.0,0.0,0.0,0.0,0.0,0.16689384458930193,0.0,
tq,0.6616668253108301,0.2880756434654951,-0.5324305935744167,0.0,0.0,-0.394894915343237,0.0,-0.2183860950481946,
tw,0.7509661495392452,0.0,0.3882168749201947,0.0,0.0,0.0,0.35186729183158716,0.0,
1,0.0,0.0,0.0,0.0,0.0,0.0,0.0,0.0,
0,0.0,0.0,0.0,0.0,0.0,0.0,0.0,0.0,
