,ty,at,pt,rs,tq,tw,1,0,
ty,0.0,-0.7198224884338352,-0.660035653607438,0.23100025174027625,-0.10685387605383422,0.0,-0.6918098722285742,-0.36977400100879015,
at,0.6278296229164779,0.2936960152444579,0.0,0.5441217500745116,0.7145478802513375,0.36840240297155574,0.11807665887870465,0.0,
pt,-0.1436727349995057,-0.17251533809601877,0.0,0.632711904811914,-0.7223542703167021,0.0,-0.6847772568236474,0.4436179565163078,
rs,-0.6103757095929667,0.5208111998928953,0.4945882760535262,-0.6858618871780252,-0.4764081824776742,-0.6502845213029097,-0.5995559828468728,-0.4624315833960292,
tq,-0.3379033016782505,0.2763000823257866,-0.5401282681754219,0.6254217926524064,0.7071220837518386,0.6353062061641204,-0.6188249564211591,-0.6745722633332399,
tw,0.6881501711042911,-0.7204885024935196,0.0,0.6547033403791358,0.7110737307854993,0.0,-0.7024936972597954,-0.5010256710951536,
1,0.0,0.0,0.0,0.0,0.0,0.0,0.0,0.0,
0,0.0,0.0,0.0,0.0,0.0,0.0,0.0,0.0,
