,ty,at,pt,rs,tq,tw,1,0,
ty,0.8524932322904777,0.0,0.0,0.0,0.20827605463286347,0.584755229752856,0.0,0.0,
at,0.0,0.0,-0.9811985482510621,0.0,0.0,0.0,0.0,-0.14382158517050514,
pt,0.0,0.0,0.0,-0.22582347929179192,0.0,0.07096400257034263,0.0,0.45836333523226025,
rs,0.3203892155582626,-0.4719673279141605,0.34691753286832516,0.0,0.0,0.0,0.46224657016771675,-0.6804906164955791,
tq,0.8329336613592073,0.5686089748733232,-0.050768840694237705,0.8131932180132035,0.0,-0.260061518104987,0.7194495655758919,0.0,
tw,0.8978941741699313,0.0,-0.05484431025236636,0.0,0.0,0.4740085983839579,0.14662399627017475,0.0,
1,0.0,0.0,0.0,0.0,0.0,0.0,0.0,0.0,
0,0.0,0.0,0.0,0.0,0.0,0.0,0.0,0.0,
