,ty,at,pt,rs,tq,tw,1,0,
ty,-0.6922865533327129,0.0,0.0,0.0,-0.06768115269966268,-0.6853790090739665,0.0,0.0,
at,0.0,0.0,-0.7164064729055507,0.0,0.0,0.0,0.0,-0.560392249198105,
pt,0.0,0.0,0.0,-0.05362949356933614,0.0,-0.659591536429846,0.0,-0.4364735426593899,
rs,-0.5207052779474464,-0.5395404592991506,-0.6270171633729212,0.0,0.0,0.0,-0.7409692042186309,0.306999211203756,
tq,0.7303401162310201,-0.7282033096425765,0.09980507369103327,0.2468099382638545,0.0,-0.7074445926074461,0.7391874406656304,0.0,
tw,-0.5739522620132916,0.0,-0.1587148330915983,0.0,0.0,-0.01036766156203115,-0.7033563097072881,0.0,
1,0.0,0.0,0.0,0.0,0.0,0.0,0.0,0.0,
0,0.0,0.0,0.0,0.0,0.0,0.0,0.0,0.0,
