,ty,at,pt,rs,tq,tw,1,0,
ty,0.531193414743556,0.20915266760581594,0.4371600041588616,-0.05476264214515105,-0.3852575576959671,-0.6191644732582445,-0.19952067093326623,0.0640767832792528,
at,-0.0706002275858239,-0.4351852310180659,0.18411686163954935,0.5400668388598024,0.34248084009343305,0.14840718481420112,-0.5190322762249027,-0.23077219434878432,
pt,0.6274540757621664,0.1877934583800685,-0.41853141027435087,-0.17993384551013028,0.46616847033967546,0.047683469805741244,0.6175998691403102,0.30368805725723647,
rs,0.257153326753379,-0.40944886373969464,-0.56050568187957,0.42713817138080107,-0.6768008611184207,0.05270133499606999,-0.39417369678507447,-0.28252354297979443,
tq,-0.3916407775051547,0.3285464429176206,-0.4353270350280707,0.3243400943139186,0.672645623084899,-0.4668543560195896,0.33610422662515804,0.3108191647098681,
tw,-0.6283849633885584,0.2680513939252284,0.17369792421600994,-0.6462454020289697,0.15174802706747853,-0.08959902272736009,0.4462110316774776,0.24732470542944152,
1,0.0,0.0,0.0,0.0,0.0,0.0,0.0,0.0,
0,0.0,0.0,0.0,0.0,0.0,0.0,0.0,0.0,
