,ty,at,pt,rs,tq,tw,1,0,
ty,0.0,0.37021883135439987,0.0,0.6914773755554969,0.24088850113860155,0.0,0.0,0.0,
at,0.0,0.0,0.0,-0.3385069496698509,0.1588665176620114,0.0,0.6190756608783685,0.0,
pt,0.0,0.0,0.0,0.0,-0.496385811314944,-0.45117500920807957,0.0,0.0,
rs,0.48775969152208276,-0.6165221701165406,-0.3060924015419354,0.0,0.0,0.0,0.0,0.6124762771753589,
tq,0.0,0.0,0.0,-0.5156470019158246,0.0,-0.593744368354382,0.3455724658236479,0.0,
tw,0.0,0.0,0.0,0.0,0.0,-0.4399470540902841,-0.4975499486604365,0.0,
1,0.0,0.0,0.0,0.0,0.0,0.0,0.0,0.0,
0,0.0,0.0,0.0,0.0,0.0,0.0,0.0,0.0,
