,ty,at,pt,rs,tq,tw,1,0,
ty,0.0,0.0,0.0,-0.16261960697907446,-0.7414097109112491,0.08268037616916218,0.0,0.2569606918583142,
at,-0.1689565924622652,0.0,0.0,0.2732156672889547,0.0,0.0,0.0,-0.5339513864049031,
pt,-0.5606361625674259,-0.517504525480665,0.0,0.0,0.0,-0.16701287185073113,0.0,0.0,
rs,0.0,-0.20441133017788155,0.50166161309051,0.0,0.0,0.0,0.0,0.3778342519981996,
tq,0.3435748674006617,0.47603858987630765,0.0,-0.15969552714312685,0.0,-0.30667884746845875,0.15912796167760462,0.0,
tw,0.0,0.44264878263340507,-0.46770348164669817,-0.22153507239859507,0.0,0.0,0.30213544186506675,0.3643870746859272,
1,0.0,0.0,0.0,0.0,0.0,0.0,0.0,0.0,
0,0.0,0.0,0.0,0.0,0.0,0.0,0.0,0.0,
