,ty,at,pt,rs,tq,tw,1,0,
ty,0.48157427853051205,-0.4479915968461813,-0.5344399661926814,-0.5339638790919204,-0.16190048253727576,0.0,-0.5375437987083372,0.27778420841150403,
at,-0.622195860749627,0.0,-0.4660548889228196,-0.4541724998754386,0.5440425455086716,-0.6598905994267981,-0.2544947629976566,0.0,
pt,0.040296105435217264,0.5799978180979667,-0.2839751370871753,-0.26996406993610944,-0.21867725324256343,0.3341335092382412,-0.4494347298619796,-0.5014648403815891,
rs,-0.406305795199947,0.6702313213575561,-0.2652331286980891,0.4574950787717741,-0.527763054729893,0.5402426011248833,-0.4706003935745853,0.550523759721161,
tq,-0.14114742609554964,0.06761668314853957,0.5044738973092394,-0.46595659262321876,0.4359504383979733,-0.41610688648553074,0.19625018803941086,0.16122678120417408,
tw,-0.4846355550656042,0.32408340618400555,-0.56437809561734,-0.5441620981346559,0.5272332152629882,0.11022255888294712,-0.5563877826242056,-0.2966168232965015,
1,0.0,0.0,0.0,0.0,0.0,0.0,0.0,0.0,
0,0.0,0.0,0.0,0.0,0.0,0.0,0.0,0.0,
