,ty,at,pt,rs,tq,tw,1,0,
ty,0.0,0.4981693790080712,-0.26867756796171033,0.4034385845219067,0.036231507417960225,-0.5069122910939077,-0.1368537461647679,0.6006634097671419,
at,-0.28170399259920936,0.0,0.047515715578253834,0.0,0.6094141802332886,0.0,-0.366888372001915,0.0,
pt,0.0,-0.21461738539691358,-0.18844538818733678,0.45718288972953974,-0.20402401684115748,0.0,0.38767138964742254,0.5157094330702175,
rs,0.0,-0.1263864343046765,0.0,0.0,-0.506386684907213,-0.4575515874878748,0.0,0.6205248813342817,
tq,0.0,0.0,0.0,0.0,0.0,-0.5194219568832318,0.0,-0.6297035061741315,
tw,-0.49911960976629643,0.0,0.0,-0.07501253541937995,0.44510242481070417,0.0,0.6596677766332659,-0.5608220229481224,
1,0.0,0.0,0.0,0.0,0.0,0.0,0.0,0.0,
0,0.0,0.0,0.0,0.0,0.0,0.0,0.0,0.0,
