,ty,at,pt,rs,tq,tw,1,0,
ty,0.0,0.10172096998151288,0.0,-0.3706937685356693,-0.421153844625824,0.0,0.0,0.0,
at,0.0,0.0,0.0,-0.7140775477178166,0.41032906669164887,0.0,-0.3543407650630904,0.0,
pt,0.0,0.0,0.0,0.0,-0.07663203991992495,-0.4142367513519729,0.0,0.0,
rs,0.7107186197493733,0.23504733309924797,0.2859584837332125,0.0,0.0,0.0,0.0,0.46337506650467636,
tq,0.0,0.0,0.0,0.31053613560494747,0.0,0.7824227090207503,0.538670425798104,0.0,
tw,0.0,0.0,0.0,0.0,0.0,0.13027521824745528,0.27765333216145766,0.0,
1,0.0,0.0,0.0,0.0,0.0,0.0,0.0,0.0,
0,0.0,0.0,0.0,0.0,0.0,0.0,0.0,0.0,
