,ty,at,pt,rs,tq,tw,1,0,
ty,0.0,0.15221829802093384,0.0,0.13449095255473295,-0.07808905495379886,0.0,-0.5629762928807734,0.0,
at,-0.6251705627023098,0.0,-0.2107541170332001,0.5636280002929619,0.6139765253639105,-0.4866897417939349,0.2650908866737106,-0.38737600239844777,
pt,0.48732219142573463,0.49308693362413186,0.0,0.0,-0.33514076705177775,-0.5059622531244273,0.0,0.15935302300815382,
rs,0.0,-0.5204915064418353,0.08477828264625506,0.0,-0.5638085401124845,0.11560129631537985,-0.6280434078683962,0.04562830897779718,
tq,0.0,0.3263662772377416,0.0,0.0,0.0,-0.21719948479546203,0.5552981869499949,-0.45138854146950935,
tw,0.0,0.0,0.0,-0.22705662360514203,0.0,0.0,-0.2461200241176018,0.0,
1,0.0,0.0,0.0,0.0,0.0,0.0,0.0,0.0,
0,0.0,0.0,0.0,0.0,0.0,0.0,0.0,0.0,
