,ty,at,pt,rs,tq,tw,1,0,
ty,0.0,0.6099525515217158,0.6483874872906972,0.3054000469317408,0.6597536295889233,0.0,0.004137868446153426,-0.7079360057448928,
at,0.547824118428019,-0.6174902427647722,0.0,-0.5713848624344211,-0.6923593995177035,-0.6677354047500852,0.4362906323187309,0.0,
pt,0.5134648274766302,0.6482531754199015,0.0,0.5748188160912735,0.44049797955785014,0.0,0.5037504437570456,0.5112332976084119,
rs,-0.6094563523858434,-0.47433995490020997,0.5907895552303654,0.625881679754518,0.6846998244142581,-0.681106705260598,0.5781504340465082,0.6626338880675473,
tq,0.6584197533658526,0.6969399270301398,-0.06633889153700254,0.6390740469077527,-0.5433694247475462,0.45970722536669134,-0.6994846763409089,0.6178700519849765,
tw,-0.10049363513377327,-0.504838966821383,0.0,-0.6857167586905448,-0.6357544968657954,0.0,-0.44071690040399836,-0.7085382401644768,
1,0.0,0.0,0.0,0.0,0.0,0.0,0.0,0.0,
0,0.0,0.0,0.0,0.0,0.0,0.0,0.0,0.0,
