,ty,at,pt,rs,tq,tw,1,0,
ty,0.4624414552624981,0.5306878370217016,-0.34110289313272046,-0.36991427599688936,-0.21184186987407222,0.3348775231646019,-0.1478406217620467,0.5727317653843932,
at,0.015229647722880999,0.2836118063358764,-0.25231189836367507,0.30071918080229026,0.46591695345844364,-0.4110756912477397,-0.6121396802828473,0.47029499983276696,
pt,-0.18521569534998553,0.19106099083094874,-0.13764525965064853,0.609685110424721,-0.0813794094086706,-0.3463256569250327,-0.0618915041518713,0.5592470808521426,
rs,-0.4796317432074573,0.3469703833578286,-0.33295799439650486,0.085778477607746,-0.598684039615219,0.5242593391196025,-0.14571551884410694,-0.18155870620781492,
tq,-0.5183331165081466,-0.15284348397748293,-0.3953304392827859,-0.1380153154597584,0.5363620548239283,-0.609380445623364,-0.18253811615635387,-0.2328604610432526,
tw,0.61096660366158,0.6667062753660599,0.48790408710676514,-0.23690425470700427,0.4330542117525894,0.4551492535389397,-0.5541239561664345,-0.34820626082550055,
1,0.0,0.0,0.0,0.0,0.0,0.0,0.0,0.0,
0,0.0,0.0,0.0,0.0,0.0,0.0,0.0,0.0,
