,ty,at,pt,rs,tq,tw,1,0,
ty,0.0,0.0,-0.6409946905998095,0.048485467309993306,0.0,-0.5928295897536163,0.0,0.0,
at,-0.20750953153318058,0.0,-0.5469530597366791,0.5832196320551806,0.6009093903394431,0.0,0.6739334789323954,0.6800268204358242,
pt,-0.6364432320248501,0.0,0.0,0.3630775391684195,0.0,0.45651642692459293,0.5538012058478535,-0.4891326201608975,
rs,-0.6608697695685697,0.0,0.0,0.0,0.41360149966720194,0.1820549991543536,-0.627272970054707,0.6351175852673632,
tq,0.5175151636827549,-0.6658594872908932,-0.20133100544632285,-0.6426337031472852,-0.7017590863238798,-0.5243031319689639,0.0,0.0,
tw,-0.5585729739285753,0.0,0.0,0.0,-0.6666909247405174,0.0,0.22525563768928872,0.0,
1,0.0,0.0,0.0,0.0,0.0,0.0,0.0,0.0,
0,0.0,0.0,0.0,0.0,0.0,0.0,0.0,0.0,
