,ty,at,pt,rs,tq,tw,1,0,
ty,0.0,0.08918991496204838,-0.08933342938466947,0.0,0.2024115797098247,-0.34182707802588946,-0.660171000688127,0.28496662270841133,
at,0.0,0.0,0.17061979987918555,0.4604052895820882,-0.053225900012433026,0.44276251321951615,0.6562943956178799,-0.00939818144750433,
pt,-0.19228386333819203,0.47735009226996156,0.0,0.07715898078067514,-0.35622082310038494,0.47018807321764394,0.3592529724979966,-0.5400607524319354,
rs,0.0,-0.5885286288704186,0.0,0.5819842543368673,0.0,-0.2924796167728391,-0.49902883926593594,0.45594428561454714,
tq,0.0,0.027705270654448843,0.0,-0.3239643893306041,0.0,-0.7088511057231973,-0.06310902566947019,-0.05223538922915458,
tw,-0.12159289756139595,0.0,-0.29951291711551076,0.0,0.5743641498709579,0.0,0.3709889744261947,0.025233785101401066,
1,0.0,0.0,0.0,0.0,0.0,0.0,0.0,0.0,
0,0.0,0.0,0.0,0.0,0.0,0.0,0.0,0.0,
