,ty,at,pt,rs,tq,tw,1,0,
ty,0.0,0.0,0.0,0.10232841824210391,-0.7436035275352275,-0.6337824209106158,0.0,0.10295560916326586,
at,-0.7426152157859109,0.0,-0.3736364249093721,0.0,-0.34199242425025994,-0.2463325344245525,0.6454423145497585,0.03453356670693001,
pt,0.6103437870166588,-0.761782145905938,0.0,0.0,0.1787244711592091,0.16100712012863563,0.0,0.0,
rs,0.7103867612201528,-0.07189519064776864,-0.6581105368672797,0.0,0.0,0.0,-0.6511985987651698,0.0,
tq,-0.3359384108714387,0.4764013461060935,-0.07318652603667287,0.4533993113587936,0.0,-0.03436225000333459,0.7610701086227449,0.6197920362334037,
tw,-0.11162288548095291,-0.24925243026150481,0.14933297236904144,-0.4409080144015468,0.0,0.0,0.0,0.0,
1,0.0,0.0,0.0,0.0,0.0,0.0,0.0,0.0,
0,0.0,0.0,0.0,0.0,0.0,0.0,0.0,0.0,
