,ty,at,pt,rs,tq,tw,1,0,
ty,-0.5088785065438178,-0.3122244725939355,-0.34863327131126753,0.0,-0.06099565411561597,-0.3350152682645432,0.09725166097281182,0.19814934006272666,
at,0.0,0.3944423241141952,0.45210440335518176,0.14947819867266482,0.6808432284925077,0.438823683085781,-0.07065903490237138,0.5632179504218124,
pt,-0.03631163004679652,-0.4367610695508596,-0.4004455238909435,0.40263114321977167,0.0,0.25100589721783884,0.0,-0.4950492937132238,
rs,-0.34374184650216305,-0.6353675299168657,0.26521874738579165,0.577693201511128,-0.4166735171559881,-0.38080850260232285,-0.584404045103944,0.4808788153556216,
tq,0.0,-0.056764745717542725,-0.5130158255626996,-0.17234603415813504,0.0,-0.1784386995167188,0.3059944478394797,-0.561622083479137,
tw,-0.7222551791580328,0.0894486934764742,0.0,-0.28744291051297505,-0.42042483798623453,0.0,-0.16060127835971863,-0.5933723810127466,
1,0.0,0.0,0.0,0.0,0.0,0.0,0.0,0.0,
0,0.0,0.0,0.0,0.0,0.0,0.0,0.0,0.0,
