,ty,at,pt,rs,tq,tw,1,0,
ty,0.0,-0.6462958671919313,-0.6601340261000705,0.3633389496647221,-0.27815551170966346,0.10130014760598513,-0.6808100154477236,0.026773650818628102,
at,-0.04770653955518383,0.0,-0.6718252286193162,-0.09317261013343592,0.6389837892655618,0.4031768867446306,0.0,0.0,
pt,-0.4435932739624345,-0.6922173028779542,0.0,0.5331058002561078,0.13796888877297628,-0.3516107226646935,-0.5662101221803894,0.5683923615520475,
rs,0.0,0.5485231351434134,0.5834426212634021,0.5419548906347984,-0.2120842158385872,0.13956550823418878,-0.5113088462179054,-0.2396421967855631,
tq,-0.12809560762165625,-0.007103655735120605,0.6107632758710745,-0.1390427424214988,0.4820432419843931,0.5183590728235631,-0.041413845269870506,-0.20867155567546056,
tw,-0.5776308250717399,0.4943151312651916,-0.7063392707883613,0.41706134773531395,0.0,0.0,-0.30602732155046497,-0.5891926640054911,
1,0.0,0.0,0.0,0.0,0.0,0.0,0.0,0.0,
0,0.0,0.0,0.0,0.0,0.0,0.0,0.0,0.0,
