,ty,at,pt,rs,tq,tw,1,0,
ty,0.0,-0.18970932100564505,0.4644500247294313,0.07090712254549693,-0.16720721819508702,0.1883893906539877,-0.22797913148292462,0.7066091738067853,
at,0.6435795949005892,0.0,-0.5622753797451312,0.6050771957607142,0.4829922995478227,0.6743315713896175,0.0,0.0,
pt,0.3941044290010735,0.6901880339166888,0.0,0.41423740465852976,0.3900591466713585,-0.7119997151059972,0.6650780831482692,-0.0573050718417495,
rs,0.0,-0.5627151730107316,-0.6051159053625155,0.5888184653514265,-0.6782247955309633,0.45929742828305153,-0.4285988714155254,0.524576840518815,
tq,0.7071545697294216,-0.2941448584208846,0.3652098120024165,-0.5948918667908507,0.6707150598507242,-0.7078052758248196,0.6732002046395535,0.3007821586090964,
tw,-0.6735159264068992,0.4882314162189833,-0.3873175702614198,-0.4072885763718239,0.0,0.0,-0.6431397926520416,0.5039666869011323,
1,0.0,0.0,0.0,0.0,0.0,0.0,0.0,0.0,
0,0.0,0.0,0.0,0.0,0.0,0.0,0.0,0.0,
