,ty,at,pt,rs,tq,tw,1,0,
ty,0.0,-0.5155696924318302,0.0,0.0,0.0,0.0,0.0,0.1329540263170246,
at,-0.6559195669005964,-0.0025853452227855545,0.0,0.0,0.0,0.0,0.0,0.0,
pt,-0.6648297896200532,0.0,0.0,-0.37226818845570053,0.0,0.13224413621380812,0.0,0.0,
rs,0.0,0.0,-0.15268913598340209,0.0,-0.5395942082148389,0.5239486915252005,0.0,-0.11604753953220925,
tq,0.0,-0.6063914655610212,0.0,0.0,0.5667925688322653,0.5772328600016305,0.38882600968642556,0.0,
tw,0.0,0.0,0.0,0.0,0.4997602204614985,0.0,0.0,0.37749162330152497,
1,0.0,0.0,0.0,0.0,0.0,0.0,0.0,0.0,
0,0.0,0.0,0.0,0.0,0.0,0.0,0.0,0.0,
