,ty,at,pt,rs,tq,tw,1,0,
ty,0.0,-0.6147758968839695,0.11095072985381998,0.5135152320271439,0.4429305538666497,0.0,0.0,-0.19264782289967175,
at,0.6151560170799942,0.0,-0.44055691298585076,-0.2985225990404756,0.0,-0.6546498478404469,-0.6469188818312308,-0.6227861580580158,
pt,0.7192006167524289,0.13814861123908762,0.0,0.3265047272822623,0.0,0.03606485568346734,0.0,-0.35532142492944807,
rs,-0.26532489941865306,0.0,0.30296047351664124,0.6044895875849536,-0.30965764501828613,-0.3697218456531788,0.0,0.4829610473594013,
tq,-0.3532694362275764,0.0,0.0,0.06243725992813276,0.0,-0.2921429410954375,0.11303138723476445,-6.438447404817358E-4,
tw,-0.033039977093503134,-0.2853255821961814,-0.26635695445850593,-0.39727019987236234,0.2826717347678549,0.0,-0.22778568183049627,-0.07244718430489332,
1,0.0,0.0,0.0,0.0,0.0,0.0,0.0,0.0,
0,0.0,0.0,0.0,0.0,0.0,0.0,0.0,0.0,
