,ty,at,pt,rs,tq,tw,1,0,
ty,0.0,0.0,0.0,0.0,0.0,0.0,0.6934887506573112,0.0,
at,0.2778985223373592,0.0,-0.7256134117191714,0.0,0.0,0.7140390837874789,0.0,0.0,
pt,-0.15008886642467825,0.0,0.0,0.0,0.0,0.7277043310391139,0.0,0.7159978267954907,
rs,-0.624472459668833,-0.7317591617548898,0.0,0.0,0.0,0.5248266167595524,0.0,0.7185431291121328,
tq,0.0,0.7356430655291867,-0.28477221792647117,0.4936658861583114,0.0,0.6582499499333028,0.0,-0.017385908818143697,
tw,-0.7176762216953535,0.4823138545955414,0.0,0.0,0.5212082951702731,0.0,0.0,0.0,
1,0.0,0.0,0.0,0.0,0.0,0.0,0.0,0.0,
0,0.0,0.0,0.0,0.0,0.0,0.0,0.0,0.0,
