,ty,at,pt,rs,tq,tw,1,0,
ty,0.0,0.5092856422827279,-0.5270566799773823,0.0,-0.6995550629650659,0.0,-0.15066009817232995,0.584749427022585,
at,0.0,0.0,-0.6817643378066908,0.0,0.0,-0.10373942535650137,0.0,-0.11920223173839066,
pt,0.0,-0.6936253904397076,0.0,-0.13511959191988474,0.0,0.0,0.0,0.0,
rs,0.5462250884106705,0.0,0.4201027893687813,0.0,0.0,-0.48408655938900474,-0.6056759913768167,0.0,
tq,0.0,0.5610338350696975,-0.653718497634271,0.41390294245364956,0.17106489061022584,-0.7025657209595811,0.0,-0.6558894588837038,
tw,0.0,-0.09773817918087559,-0.6011225625878328,0.0,0.0,0.0,0.5694609469035936,0.0,
1,0.0,0.0,0.0,0.0,0.0,0.0,0.0,0.0,
0,0.0,0.0,0.0,0.0,0.0,0.0,0.0,0.0,
