,ty,at,pt,rs,tq,tw,1,0,
ty,0.5769631911280684,0.35210979469214143,0.38214170378515855,0.3222014212959369,-0.6666136041024553,0.5533075824687086,-0.670407576610232,-0.6768655909869649,
at,-0.6315225885179829,-0.5509797426127075,0.6491990623017718,-0.5698046980379083,0.5933695152753865,-0.5652225642341566,0.5674180342522657,0.6578984273403131,
pt,-0.6830573599814801,0.6901283255495678,-0.712837816334679,0.6423059993517768,0.62209062644783,0.6560302873123183,-0.3679155383980007,0.511899652273447,
rs,0.3423032062583979,0.6193525680300236,-0.6859521256761889,0.7058176845039645,-0.40661930924783174,-0.5850200514869882,-0.556061953643789,0.48977752748958553,
tq,-0.6640434924187317,-0.7083148972700182,0.3204903878923011,0.3245591841930102,0.33103158182232423,0.6611834419825119,0.3485090156845814,-0.48538696627116945,
tw,-0.7036869056530632,0.567222924396899,-0.5866846368927716,0.3100377562122438,0.46071505569214816,0.5840635130588094,0.6477317597781094,0.21857124142833426,
1,0.0,0.0,0.0,0.0,0.0,0.0,0.0,0.0,
0,0.0,0.0,0.0,0.0,0.0,0.0,0.0,0.0,
