,ty,at,pt,rs,tq,tw,1,0,
ty,0.0,0.6119927321680715,-0.5729221839201343,-0.3967205930760011,-0.4318785076800259,0.5617005938108831,0.5471645471589764,-0.49022798453981037,
at,-0.5144710084636691,0.52349328160206,-0.5442446763492963,0.45187694514385945,0.3333728777960568,-0.28054700913689773,-0.5915957637542184,-0.5119810020038064,
pt,-0.22890899330655107,-0.45382176323964457,0.6605351261244224,-0.4724122003572412,0.21981582775750003,0.37513593780776094,-0.6454632652490216,0.5375273966378424,
rs,0.36862509202642807,-0.6357790748359642,0.6074844647716324,0.39172964678482813,-0.5535970094070308,0.4591485965608204,0.4889291425241724,0.4804315730003405,
tq,-0.4036442626618263,0.5748461350781875,-0.006666656287841893,-0.5643576101366001,0.6047014699269315,0.015254012368809963,-0.0856503505158332,-0.16858589378529187,
tw,-0.5001531954244286,0.4530283336284984,-0.15964802557762886,-0.08419923393704024,0.3349929085830327,0.0,-0.32771948367118814,0.0,
1,0.0,0.0,0.0,0.0,0.0,0.0,0.0,0.0,
0,0.0,0.0,0.0,0.0,0.0,0.0,0.0,0.0,
