,ty,at,pt,rs,tq,tw,1,0,
ty,0.0,0.0,0.20490887311234557,0.0,-0.12852467137546958,-0.21130384674562772,0.0,0.5626825549787602,
at,-0.3432110416628842,0.0,0.0,0.0,0.0,0.0,0.0,0.0,
pt,-0.4229677433229908,-0.5929296464327182,0.0,0.097519497083053,0.0,0.0,0.18675348001363162,0.0,
rs,0.6543895333440533,0.0,0.0,0.7346541756562671,0.0,0.41774775808170383,0.0,0.6318690801113159,
tq,-0.5299168433303614,-0.15583736428466655,-0.377887262930061,0.0,0.2829766408428688,-0.7271507184634537,0.313237358922976,-0.39160509643026503,
tw,0.3362435347062904,0.0,0.0,0.0,0.0,0.6527392151064353,0.29630911304297947,0.0,
1,0.0,0.0,0.0,0.0,0.0,0.0,0.0,0.0,
0,0.0,0.0,0.0,0.0,0.0,0.0,0.0,0.0,
