,ty,at,pt,rs,tq,tw,1,0,
ty,0.7417894885701092,-0.7293413845143719,0.6719715928371067,0.7278892764056131,-0.6885664040919811,0.0,-0.6536078513217227,-0.6352342108041161,
at,-0.7430571962003275,0.0,0.7354966831886883,0.7086089949962449,0.7293192689905533,-0.7539993916826815,0.659160407645097,0.0,
pt,-0.7393430259307276,-0.7192830982957265,0.722420285185744,0.0475009287353729,-0.7429243933013241,0.6880777258257227,0.7390355834611709,0.7444279085593694,
rs,-0.7510564053322515,-0.7344641796813276,-0.6963080314806772,0.740326787897327,0.22237731343100675,-0.7358429404101275,-0.6496386066123339,0.7109352540922351,
tq,-0.7382531008497084,-0.7446641328101934,-0.7135489551379198,-0.7334808209870259,-0.7236273167889562,-0.7292936619987643,0.7090908550446123,0.12191911432851756,
tw,-0.7430017141194173,-0.7343296516515138,-0.7375455459490232,-0.7645705146091641,0.7307115277412118,0.6626139722962894,0.730922979871793,0.5995567482714635,
1,0.0,0.0,0.0,0.0,0.0,0.0,0.0,0.0,
0,0.0,0.0,0.0,0.0,0.0,0.0,0.0,0.0,
