,ty,at,pt,rs,tq,tw,1,0,
ty,0.19795760826325254,-0.7455845883322711,0.0631305763183343,-0.1564982763728692,-0.35963932465021975,0.5527005743484901,-0.03176761152476105,0.4546045400581803,
at,0.48880224670081984,-0.4622685771250214,0.1473171767635512,0.5352017880379528,0.6637925441110607,0.062078625252378616,-0.45858244274377113,0.23577253613732557,
pt,-0.07491329175338429,0.3627444228851007,-0.2190669870112301,0.4098646201181885,-0.0716873390348945,-0.5377067470942675,-0.4052188307298608,0.4648436468850985,
rs,-0.3150157109931511,0.4596155849735229,-0.6011132470830995,0.4179267308908693,-0.668097072174618,0.36634157158548664,-0.6683704887842793,0.3485657822570108,
tq,-0.7738908905080374,-0.5402017605603094,0.23443553941633508,-0.12988919926959652,0.7403147403752234,0.5886099871657098,0.4197213215968553,-0.055135951974600736,
tw,-0.6992685091887085,-0.6988976065182436,-0.23835095096667577,-0.46745936500647955,0.41606813774592394,-0.532928197777018,-0.07382383600971101,0.7576959333987688,
1,0.0,0.0,0.0,0.0,0.0,0.0,0.0,0.0,
0,0.0,0.0,0.0,0.0,0.0,0.0,0.0,0.0,
