,ty,at,pt,rs,tq,tw,1,0,
ty,-0.23648344534672333,0.32921633013763113,0.5916433684632486,0.005612702274493577,-0.5888329492359976,-0.3340707998762628,0.06387967592677578,0.33168837728252537,
at,-0.03082815978751198,-0.578933629164193,0.3123545827188082,0.11291503641175407,-0.21246573523025916,-0.7143609746007857,0.6294357160694796,-0.7236432811206939,
pt,-0.29032431077552745,-0.05992136381131358,-0.6416557775188696,0.3281893869534153,-0.6468311196397939,0.3391709373385063,-0.49940608336003767,-0.3082184734968491,
rs,-0.46465058682465704,0.29218930440575164,-0.19293510270800443,-0.29644973082274795,-0.22300303290663387,0.11388186839235673,-0.6217363556276092,0.6284225477725579,
tq,0.2818644835086724,-0.6520652696030013,-0.5228388144016757,-0.543602566958796,0.0975292134661762,0.5906442836426927,0.6360143814026977,0.6782491072701026,
tw,0.21293933711016358,-0.363703945854817,-0.6609902628079103,0.44659212190719055,-0.7272830242372256,-0.2218947620886787,0.6754820111470399,0.27465345909792876,
1,0.0,0.0,0.0,0.0,0.0,0.0,0.0,0.0,
0,0.0,0.0,0.0,0.0,0.0,0.0,0.0,0.0,
