,ty,at,pt,rs,tq,tw,1,0,
ty,-0.06522362732799147,0.0,0.0,0.0,-0.602405400898881,-0.612414401274043,0.0,0.0,
at,0.0,0.0,-0.6761294134216747,0.0,0.0,0.0,0.0,-0.39146428902461633,
pt,0.0,0.0,0.0,0.1439396032044763,0.0,0.22491578413783803,0.0,0.3194155718872006,
rs,-0.08310790183648409,-0.49692393593174733,-0.7408964203458012,0.0,0.0,0.0,-0.10176063327584174,0.42605550859490204,
tq,0.6974242319152022,0.7663035957578733,-0.3230177075744988,0.21643736040810316,0.0,-0.2692456450582944,0.08856933971626497,0.0,
tw,0.013181853254478989,0.0,-0.6287247753822018,0.0,0.0,-0.5068987155237876,0.35683017250599663,0.0,
1,0.0,0.0,0.0,0.0,0.0,0.0,0.0,0.0,
0,0.0,0.0,0.0,0.0,0.0,0.0,0.0,0.0,
