,ty,at,pt,rs,tq,tw,1,0,
ty,0.0,0.0,-0.6060091828770963,-0.6841218933723082,0.4734349689691634,-0.704756231301905,-0.6622410931999916,-0.5961429599007168,
at,-0.6380327618758136,-0.551444584246778,0.5758529165686259,0.6844140035030164,0.0,0.6946785998447635,0.26093988067672125,0.4225740620771573,
pt,0.4599519952594928,0.0,0.0,0.0,0.039058073875945065,0.3477256247883285,0.2273655898063662,0.6493234525481278,
rs,0.6936852983634227,0.6612181917274863,0.5832811313680065,0.7045109060554138,0.39213637343286334,-0.7040205292663358,0.0,0.0,
tq,0.35347637265171256,-0.6893672674592273,0.0,-0.6998075610899409,0.0,0.6931983514567647,0.0,0.7134001931129782,
tw,-0.6567004080888887,0.0,-0.48748431118522034,0.0,-0.2320160421015491,0.0,0.699800518941234,-0.6630908109633639,
1,0.0,0.0,0.0,0.0,0.0,0.0,0.0,0.0,
0,0.0,0.0,0.0,0.0,0.0,0.0,0.0,0.0,
