,ty,at,pt,rs,tq,tw,1,0,
ty,0.0,-0.6959042361411462,-0.4349634751408171,0.0,-0.5732813990952903,-0.594795333844186,-0.6308448144797435,0.7001044107172,
at,0.6372681737511032,0.0,-0.33622019600558056,0.2858614813784079,0.723227251078182,-0.18101835542261943,0.5189614438869856,-0.3532718156823126,
pt,-0.7117388835393682,-0.7027782800556773,0.6498665510602072,-0.10088363566337333,-0.16143743061683258,0.0,-0.5544835561992286,0.7155427561671457,
rs,0.680676132300075,-0.5601078728892669,0.673747133219661,0.0,-0.6909969116811917,-0.6339723898699761,-0.6770213347604609,-0.4602248170437978,
tq,-0.68762307221201,-0.43965056710853073,-0.7224947813113025,0.5299619721688664,0.0,0.1447940571164533,0.5772719093830244,-0.6771151644480259,
tw,-0.577724598965529,-0.3580417388617522,0.0,-0.48094678188907636,0.6530994689853832,-0.24488253891503975,0.0,-0.6715403923995329,
1,0.0,0.0,0.0,0.0,0.0,0.0,0.0,0.0,
0,0.0,0.0,0.0,0.0,0.0,0.0,0.0,0.0,
