,ty,at,pt,rs,tq,tw,1,0,
ty,0.0,-0.6764914286715664,0.5427799143551828,-0.3607636503636638,-0.3291480374742303,0.06020431854423274,0.22668256251904073,-0.33715189120425154,
at,-0.265316943559083,-0.3512304995191771,-0.18123414855029035,-0.6892834858635757,0.6830519084722326,-0.3452624830532478,-0.30374283911927147,0.6274140798874412,
pt,0.11767502053065633,-0.5942188498502838,0.40696526092994395,0.6451950538043473,-0.18093597240180714,-0.40834470481277907,-0.03850048253631991,0.6847540219663545,
rs,-0.26371557713060695,-0.598326315434607,-0.44060165312971805,0.39547629514450733,-0.6804748950255166,-0.46902694510094545,-0.5611152377461021,0.682491323055042,
tq,-0.2673922312548501,0.15160046238071825,-0.47431691156806016,0.29176447505564596,0.630868500445325,0.025567141031185684,-0.539234125282027,-0.6093215595560011,
tw,-0.2676002141833905,0.4518358806571796,0.5000586258863301,-0.22535955452729287,0.48114961553740243,0.0,-0.08596694143086553,0.0,
1,0.0,0.0,0.0,0.0,0.0,0.0,0.0,0.0,
0,0.0,0.0,0.0,0.0,0.0,0.0,0.0,0.0,
