,ty,at,pt,rs,tq,tw,1,0,
ty,0.0,0.4691560076109331,0.7203113819705048,0.0,-0.1330938785746972,0.0,-0.42515258285288177,-0.2003266978756359,
at,0.0,0.0,-0.5294743312468024,0.0,0.0,-0.4134764296645002,0.0,-0.3812771195101566,
pt,0.0,-0.28632067101884984,0.0,0.405793225303129,0.0,0.0,0.0,0.0,
rs,-0.5270192979010621,0.0,0.41390608409788054,0.0,0.0,0.6512615268932858,-0.6055515240560119,0.0,
tq,0.0,-0.5794304116546398,0.030608276884824575,0.4888213583188058,0.7237902094592229,-0.46539675372166417,0.0,-0.6558309061085358,
tw,0.0,0.6732896796128749,0.0414863952395613,0.0,0.0,0.0,-0.21156536451404517,0.0,
1,0.0,0.0,0.0,0.0,0.0,0.0,0.0,0.0,
0,0.0,0.0,0.0,0.0,0.0,0.0,0.0,0.0,
