,ty,at,pt,rs,tq,tw,1,0,
ty,0.0,-0.5978600140245574,0.0,0.44617871544883164,-0.06079219702908435,-0.5769523492540846,0.4515827512232145,0.6559251042867101,
at,-0.41258036792098063,-0.3426711626275046,-0.6004962847844777,-0.3098889832662508,-0.33773152875707335,0.0010525622958965698,0.3438548894948274,0.45249971651498727,
pt,-0.617031888256151,0.35821062868920284,0.6080627074121475,-0.6013122179094091,-0.5265585258716018,-0.18256996603223621,0.5214924087645711,0.5654061979817676,
rs,-0.6742698752499409,0.2483019424471308,-0.536294991856103,0.6681896759414591,0.661891573668625,0.48373997535186797,-0.7125962308688276,0.6552767435537327,
tq,-0.48282015259895916,-0.3310744121183978,0.0,0.6247509998337782,-0.567738329337883,-0.5650154223069163,0.5692895297221411,-0.7013179989180099,
tw,0.5894051278098886,-0.5754422438936994,0.6329301312603839,-0.44704730701820367,0.2292681108854083,-0.6275123022838834,0.6149988301390331,0.16860250012791422,
1,0.0,0.0,0.0,0.0,0.0,0.0,0.0,0.0,
0,0.0,0.0,0.0,0.0,0.0,0.0,0.0,0.0,
