,ty,at,pt,rs,tq,tw,1,0,
ty,0.0,0.20133817278445038,0.0,0.5123936579439533,0.0,0.0,0.49433782246864794,0.46679756922975496,
at,0.0,0.0,0.0,-0.02246669556609582,0.0,-0.2935255457975919,0.0,0.0,
pt,0.0,0.0,0.0,0.0,0.0,0.2321557939312625,-0.03355037682157991,0.0,
rs,0.0,0.0,0.0,0.0,0.0,0.0,-0.5123090952087949,0.0,
tq,0.305023696018252,0.30803463459112745,0.03751731210628175,0.0,0.0,0.5470179411508619,0.0,-0.5157328028059545,
tw,0.1277078943759121,0.0,0.08484610955197888,0.0,0.0,0.0,0.003791303029259524,0.0,
1,0.0,0.0,0.0,0.0,0.0,0.0,0.0,0.0,
0,0.0,0.0,0.0,0.0,0.0,0.0,0.0,0.0,
