,ty,at,pt,rs,tq,tw,1,0,
ty,0.0,-0.5016655962092951,0.4003158690799465,0.0,-0.6898366331538321,-0.4359624029209329,-0.6719784795138217,-0.7014471967097787,
at,0.0,0.0,0.46856070649865206,-0.16997854965240786,0.6721855149948739,0.6636419337461857,0.3809000062404594,0.05169536432942267,
pt,0.5443965219151403,0.6134072760441693,0.0,0.5653003896508181,-0.28149995452872295,-0.6054850738257311,0.6413670019033473,0.4741414513952342,
rs,0.0,-0.617279798663962,0.0,0.701755239296175,0.0,-0.6858014578683975,-0.704136994352704,0.26595831454960933,
tq,0.0,-0.6961371626365945,0.0,-0.18681613744927214,0.0,-0.3725790296858577,0.6698324847722805,0.4832560675923309,
tw,0.6485078473911664,0.0,0.4498458619027893,0.0,-0.6517148407262778,0.0,0.6944492979991511,0.43889893021284804,
1,0.0,0.0,0.0,0.0,0.0,0.0,0.0,0.0,
0,0.0,0.0,0.0,0.0,0.0,0.0,0.0,0.0,
