,ty,at,pt,rs,tq,tw,1,0,
ty,0.0,-0.6626149936861735,-0.47540036818747045,0.4178569655748746,-0.4273996917573296,0.38700929305499326,0.3474951715013525,0.6236825352834138,
at,0.4550002336948025,0.0,-0.5621559083012847,0.0,0.0267348735463801,0.0,-0.30788345686790625,0.0,
pt,0.0,-0.3595735362197351,0.5651837823618383,-0.4616154448479949,0.7180636212769415,0.0,0.2528099713016141,0.411937744305568,
rs,0.0,-0.14379180094650823,0.0,0.0,-0.6056050640649739,-0.574132271795268,0.0,0.22307854912739267,
tq,0.0,0.0,0.0,0.0,0.0,0.4728275187497282,0.0,-0.11979878743540504,
tw,-0.34281919996566734,0.0,0.0,0.3949365661278125,-0.4797441138295127,0.0,0.6121661756741689,-0.22699992134162386,
1,0.0,0.0,0.0,0.0,0.0,0.0,0.0,0.0,
0,0.0,0.0,0.0,0.0,0.0,0.0,0.0,0.0,
