,ty,at,pt,rs,tq,tw,1,0,
ty,0.0,0.1167789160295577,0.14358871860828254,0.6266358777682438,-0.3663767401508565,0.0,-0.6199428139747772,0.11609103697125275,
at,-0.663868509872006,-0.4564971633715755,0.0,-0.6975567020647049,-0.6320762627335598,0.23561901067631932,0.6195327299718913,0.0,
pt,0.42844396131320467,-0.6566164387080601,0.0,0.3880956009843439,0.16154495041960137,0.0,0.24726026432001935,0.5812273158783178,
rs,0.4849840830262449,-0.6233364139936853,-0.5937868051506457,0.6879029719174191,0.391166600587969,-0.6909446722289668,-0.5551318407017721,-0.16203460610718237,
tq,-0.7161388368626261,-0.5584174301142303,-0.647374429659458,-0.3562945731213622,-0.43626270809016965,0.4744275262221301,-0.48228103498850033,-0.6724855648118129,
tw,0.30034611578419074,0.1330924511747647,0.0,0.07436566123051747,-0.6978640817809115,0.0,0.7142071032498665,0.07122692858842297,
1,0.0,0.0,0.0,0.0,0.0,0.0,0.0,0.0,
0,0.0,0.0,0.0,0.0,0.0,0.0,0.0,0.0,
