,ty,at,pt,rs,tq,tw,1,0,
ty,-0.6369953326930666,-0.08109448065331425,0.655013816593277,-0.4659567982749166,-0.3238067457060545,0.14491762628284777,-0.6797510694331267,-0.4867946441759987,
at,0.2263808621791062,0.6045706887071188,-0.2746889750939508,-0.43040293358850595,0.3598284706581784,0.5961334283974877,-0.26322459998600967,-0.6344362508184584,
pt,0.6473471432644149,-0.5819258745133965,-0.22912355769974285,-0.5861597770520623,-0.12198326368831078,-0.07370435528943878,-0.6951468818970475,0.6175659829779058,
rs,-0.31177468727618723,-0.6032938037031477,-0.42841820425225585,0.25598002161196387,-0.516134015265749,0.6890908831917714,0.5464588069080042,0.5719311573971216,
tq,-0.37569397838369617,0.6837090881856446,0.600072249217087,-0.2507353918208212,0.39541547120815884,0.5822577593022688,0.2922949646888143,-0.3991014517762428,
tw,0.26999891031820256,0.09359220519973331,-0.4432631968462862,0.5792288973904699,0.43260139439441186,-0.3584829498359803,-0.37512909337222683,0.48616528702226963,
1,0.0,0.0,0.0,0.0,0.0,0.0,0.0,0.0,
0,0.0,0.0,0.0,0.0,0.0,0.0,0.0,0.0,
