,ty,at,pt,rs,tq,tw,1,0,
ty,0.0,-0.610633725082492,0.6600244333696744,0.0,-0.4584168471566227,0.0,-0.6604574901716297,0.6604205907777259,
at,0.0,0.0,0.45436310616113507,0.0,0.0,-0.48527506450041197,0.0,-0.038185125760175125,
pt,0.0,0.44070631289205614,0.0,0.635767506789651,0.0,0.0,0.0,0.0,
rs,-0.6648386378958184,0.0,-0.6329498288417819,0.0,0.0,0.5627345751042934,-0.5845293290782596,0.0,
tq,0.0,0.6325962605416048,0.5783351892056245,-0.02621400005553721,0.682426737392082,0.3720979741257519,0.0,-0.6702900273701193,
tw,0.0,0.5271175733971528,0.5500427201704943,0.0,0.0,0.0,-0.5928054602415587,0.0,
1,0.0,0.0,0.0,0.0,0.0,0.0,0.0,0.0,
0,0.0,0.0,0.0,0.0,0.0,0.0,0.0,0.0,
