,ty,at,pt,rs,tq,tw,1,0,
ty,0.0,-0.3434268250942607,0.0,0.0,-0.03425666914080169,0.23107287088559372,0.0,0.39992792897717844,
at,-0.1450825193447076,0.0,0.41110253642272254,-0.6090604527870422,0.6747816625691305,-0.6989693320542015,-0.7142055677757807,-0.6728550238059734,
pt,0.6892819257737498,0.0,0.0,-0.649295564490866,0.42797236724361376,0.15668801218459683,0.048505560428967594,0.6621260495939401,
rs,0.5613840726000465,0.0,0.6426593480040479,0.0,-0.6646527737251413,-0.5279259206344356,0.7149514090154127,0.5490737718865744,
tq,-0.26950510068167893,-0.25857825957591957,0.0,-0.31538972723577774,0.0,0.025423640567695527,0.0,-0.04404668002048735,
tw,-0.634113994777708,-0.6136671848480871,-0.35647975646558644,0.6407433069149561,0.0,0.0,0.31163390123017704,-0.5322663955396161,
1,0.0,0.0,0.0,0.0,0.0,0.0,0.0,0.0,
0,0.0,0.0,0.0,0.0,0.0,0.0,0.0,0.0,
