,ty,at,pt,rs,tq,tw,1,0,
ty,0.5160012937030558,0.07194860728983389,0.6573019101571335,0.6979361372018227,-0.4633732066371587,0.3645560573805422,-0.2577434155508143,-0.3076257365725044,
at,0.6223666697604489,-0.3515150305112097,0.0,0.0,0.08369751796892046,0.4766931678913324,-0.6375347819272325,0.31621464760715096,
pt,0.09572617634483882,-0.043627393310916765,-0.6555156181449465,0.0,-0.5474543087805606,0.45524378328122633,-0.24148896047612525,0.3124734954532067,
rs,0.6257033623753533,0.4364091702299047,0.6790546773601421,0.0,0.689281930160703,-0.7207155673383531,-0.5997846258293597,0.2772630537119355,
tq,-0.41792300244430275,-0.6475183732663423,-0.5538781950181764,0.0,0.0,0.0,0.0,-0.5060507454728203,
tw,-0.17678969724277274,-0.6285466751096006,0.6885185009708364,-0.08760720800153624,-0.7118856860543654,0.5715071754534881,0.575111269943304,-0.5643497070637586,
1,0.0,0.0,0.0,0.0,0.0,0.0,0.0,0.0,
0,0.0,0.0,0.0,0.0,0.0,0.0,0.0,0.0,
