,ty,at,pt,rs,tq,tw,1,0,
ty,0.6302615838975278,0.0,0.1601749315887479,0.6895428814661179,0.0,0.6096602247163577,-0.30181261007018434,-0.05534221147536707,
at,0.4408122912717242,-0.5353757620537242,0.3362989861530337,0.4018672965812984,0.14817771222470194,-0.555366053090138,0.26293397963790227,0.0,
pt,0.6678536813892952,0.31531317954393595,0.0,-0.6436474460168934,0.3087949675874342,-0.08253603564905965,-0.601466858446913,0.23183421998078602,
rs,0.0,-0.6265265482047059,0.6410604875821224,0.0,-0.6395749579225728,-0.42965383363470055,0.3059403469142122,0.0,
tq,-0.4049611099054912,-0.6503590030925647,0.6807721318004176,0.5732911464608421,0.70876397329321,-0.05568846945679337,0.5594384329091096,-0.5288015425771438,
tw,0.0,-0.6818570079054234,0.5583075476302818,-0.577531645461897,0.16458928475865256,-0.4745689680685873,-0.2171962607224222,0.631867620486481,
1,0.0,0.0,0.0,0.0,0.0,0.0,0.0,0.0,
0,0.0,0.0,0.0,0.0,0.0,0.0,0.0,0.0,
