,ty,at,pt,rs,tq,tw,1,0,
ty,0.15759793699140312,0.5309717789146793,-0.5193473016128612,0.3718069140309552,0.24820468221214853,-0.2260435764698669,0.5894921548658718,0.5189140422916111,
at,-0.6372595956806367,-0.013539247808545653,0.5775283890160207,-0.31805338807188777,-0.6148863113049868,0.5202783553974436,0.20996232864061098,-0.4616518657749532,
pt,0.12066381920065138,-0.6923317638586327,-0.08886971284923567,0.4863890735691945,0.5632189929931615,-0.5694785222292603,0.6770827404030035,0.3591638493462083,
rs,-0.3164414330885222,-0.27731030480866,-0.46191616851135575,0.6848336408139979,0.12989209940763985,-0.4211949247918322,-0.4350543078875951,0.7033527382808338,
tq,0.15606192278179018,0.1329275024111403,-0.2411018793238001,-0.03201661993738581,-0.26982099116554803,0.7039247471178929,0.18402204463353575,-0.1204304812026269,
tw,0.5931576729693029,-0.4295299817980767,0.6908198605562321,-0.26049528306263,0.436519437221267,-0.1544847657989683,-0.3801364639285748,-0.16970485980017927,
1,0.0,0.0,0.0,0.0,0.0,0.0,0.0,0.0,
0,0.0,0.0,0.0,0.0,0.0,0.0,0.0,0.0,
