,ty,at,pt,rs,tq,tw,1,0,
ty,0.1807178008416939,-0.01328000269246964,0.07812480725150817,0.3934153536992646,-0.4339823080724932,-0.6326599409060294,0.02545497598437268,-0.6308973990214326,
at,0.057018295696063516,0.2337952836650488,0.4949341949392979,-0.32097035555193487,-0.5032892351315829,0.19237961826308556,0.5487567382470232,0.5246462844487756,
pt,-0.4784426368990271,-0.4641828644069078,0.6342772079884437,0.4693599467919883,0.3424154256620336,-0.09452571187665075,0.45530220851443454,-0.09066462901949586,
rs,-0.5407414413364949,0.2032394948070802,0.41460351078984325,0.649975448960042,-0.1687355021713134,-0.15846964999655913,-0.6644214661908022,0.5493046653530823,
tq,-0.5014246906754715,0.49373463747560703,0.18150578522802907,-0.0032961101497619026,-0.40390453695618284,-0.6574961277912453,-0.23767212613942224,0.5715349972186266,
tw,0.40783022367076227,0.4791674280415902,-0.6407314337224567,-0.05876988660242404,-0.5873146415218325,0.6264603663347412,0.6904082182594726,-0.10861212565502075,
1,0.0,0.0,0.0,0.0,0.0,0.0,0.0,0.0,
0,0.0,0.0,0.0,0.0,0.0,0.0,0.0,0.0,
