,ty,at,pt,rs,tq,tw,1,0,
ty,0.0,0.0,0.0,0.6954896268083124,0.0,-0.01993306172630251,-0.7103129109232645,-0.6831621713898456,
at,0.0,0.0,-0.6855785091765879,-0.6734096888300897,0.3420981007860396,0.0,-0.7025799860368906,0.0,
pt,0.0,0.0,0.0,0.0,0.0,-0.4254914619336411,0.0,0.0,
rs,0.0,0.0,0.0,0.0,-0.2711167160445963,0.0,0.0,0.0,
tq,-0.2738323945525854,-0.6836819766331498,0.0,0.0,0.0,0.0,0.0,0.0,
tw,0.0,-0.7171099463179813,-0.7048579513156952,0.0,-0.6614296591139934,0.0,0.4495980660955789,-0.22980266623408388,
1,0.0,0.0,0.0,0.0,0.0,0.0,0.0,0.0,
0,0.0,0.0,0.0,0.0,0.0,0.0,0.0,0.0,
