,ty,at,pt,rs,tq,tw,1,0,
ty,0.0,-0.705440754418158,0.0,0.2021060515576136,-0.7049408472826112,-0.7378080718798504,0.7564480855890171,0.0,
at,0.0,0.0,0.0,0.0,-0.5572136310371355,0.0,-0.07414536689420556,-0.7068874919314363,
pt,-0.768793954949942,0.2705580932538286,0.0,0.3068107277392409,-0.17683471385504618,0.48661789520274357,0.6293362035802907,-0.7806417609192144,
rs,0.7490837200273476,0.4348034501287165,-0.5956361124065894,0.79104054474694,0.04076668241108828,0.3497912844760593,-0.7265818935384653,0.3082916291971322,
tq,-0.6524033949362961,-0.5691002713373787,0.0,0.0,0.4060421821743892,-0.780661786165104,0.33027874718779804,-0.7567188774260248,
tw,0.19366802365314656,0.6962862642966838,0.0,0.0,0.7238810041359874,-0.7865009398590562,0.7448752685262062,0.0,
1,0.0,0.0,0.0,0.0,0.0,0.0,0.0,0.0,
0,0.0,0.0,0.0,0.0,0.0,0.0,0.0,0.0,
