,ty,at,pt,rs,tq,tw,1,0,
ty,0.37667089155943423,0.39650640430811895,0.605157716455651,0.0,-0.17542604168347006,0.42158156102716654,0.0,0.0,
at,-0.5958885320030766,0.0,0.13925437425289916,0.0,0.6727520527203761,0.6764835999221922,0.0,0.7138169662148101,
pt,-0.4018550495162197,0.0,-0.733296076624879,0.6339425415081815,-0.18367636062577364,0.0,-0.6623944405921117,0.5992909260555208,
rs,0.6181586626444614,-0.6411610501092269,0.5802274764386908,0.11652334638357607,-0.6790859141657214,0.5770404229966366,0.5600824526275784,0.12495947443323299,
tq,0.3490183480044203,-0.5598147417570235,-0.41314478264086935,0.0,0.24539735656374,0.6871337659999561,0.019060645687926866,0.0,
tw,0.0,0.0,-0.05561449581191332,-0.30885566818964894,0.6361283952847473,0.11840471260515359,0.0,0.0,
1,0.0,0.0,0.0,0.0,0.0,0.0,0.0,0.0,
0,0.0,0.0,0.0,0.0,0.0,0.0,0.0,0.0,
