,ty,at,pt,rs,tq,tw,1,0,
ty,0.0,-0.06254251377447048,0.4377180948867678,0.3214958299722655,0.4349862489695083,0.0,-0.07546508080763174,0.40837291730589215,
at,0.7856252955025383,0.7614467049133162,0.0,0.07845651758938779,-0.45268795578966875,0.36757007211166187,-0.6087865981993229,0.0,
pt,-0.8968092007674375,-0.4350909330736862,0.0,0.011417679948898416,0.4808313382977396,0.0,-0.49595018009464775,0.20412458689093949,
rs,0.3324030480864589,0.716904261410319,-0.24656592129426247,0.509359343535767,0.37302510530873917,-0.7930442758040905,-0.3986033090392974,-0.19132551518868268,
tq,-0.48749197865325644,0.6399597753058021,-0.14630155315913357,-0.21584864143912955,0.7285617049113187,-0.34425781709404624,0.2158640962627049,-0.30554860128017175,
tw,0.7539258080950596,-0.6214495297507642,0.0,-0.2890698110501143,0.19069007210683317,0.0,-0.3757919143543029,0.13630854713256252,
1,0.0,0.0,0.0,0.0,0.0,0.0,0.0,0.0,
0,0.0,0.0,0.0,0.0,0.0,0.0,0.0,0.0,
