,ty,at,pt,rs,tq,tw,1,0,
ty,0.0,0.0,0.6935812847005123,0.0,0.0,-0.641550820469765,0.0,0.0,
at,0.0,0.0,-0.3187096736663453,0.6173224879091969,0.0,0.0,-0.7073124454031345,-0.6372693935172901,
pt,-0.07267994623500547,-0.6047082160918301,0.0,0.0,0.12855842473342985,0.0,-0.6973980693333163,-0.5010132273210339,
rs,-0.5132083513697531,-0.2519747472737059,0.0,0.0,-0.7064922533035697,0.0,0.0,0.6647327457207525,
tq,0.0,0.0,-0.3382922821974888,-0.6953417497149242,0.0,0.0,0.0,-0.7082519285962917,
tw,0.0,-0.6624094474961184,-0.38809763211455134,0.0,0.6882019870657444,0.0,-0.4720225608781618,-0.6741974791292901,
1,0.0,0.0,0.0,0.0,0.0,0.0,0.0,0.0,
0,0.0,0.0,0.0,0.0,0.0,0.0,0.0,0.0,
