,ty,at,pt,rs,tq,tw,1,0,
ty,0.0,0.07418816444335859,0.6970640526194716,0.35155287888479153,-0.46026321802443665,-0.25755019617234354,0.0,0.0,
at,0.0,-0.4187553081859918,-0.5039011496323786,-0.4564911091363751,-0.7301998320485649,-0.06171594180320449,0.42384822281716894,-0.08836949275387222,
pt,0.057726870620300394,0.0,0.0,0.21547723179273756,-0.6402620268610408,0.08609474846904616,0.0,-0.730189814395306,
rs,0.0,-0.602631919655982,-0.7332278345586022,0.7384738639832535,0.5626054237323195,-0.1986034757853931,0.0,0.5628934546330557,
tq,-0.6560887693329721,0.0,0.0,0.6993288697734408,0.0,-0.0998549254645623,0.7354438013950222,0.16956973123365024,
tw,0.12529695956285863,0.0,0.6542789682239025,-0.4729206340840018,0.6463657968673117,0.23791621252361447,0.0,0.7286139397408727,
1,0.0,0.0,0.0,0.0,0.0,0.0,0.0,0.0,
0,0.0,0.0,0.0,0.0,0.0,0.0,0.0,0.0,
