,ty,at,pt,rs,tq,tw,1,0,
ty,0.0,0.4300307913305304,0.0,0.0,-0.6826665235207305,0.07960873193588347,0.0,0.4906713837136852,
at,-0.47217628053765714,0.0,-0.39341502070501766,-0.6842934551202776,0.0,0.0,0.0,0.0,
pt,0.0,-0.5094638735679659,0.0,-0.5322941882329265,-0.4246960333279807,-0.646466029298151,0.31370035388897494,0.0,
rs,0.5296314855966435,0.0,-0.356265412767036,-0.4918386562302499,0.42563713415503796,0.20960046366889873,0.0,0.0,
tq,0.0,0.35508713988449475,0.0,0.5625629006850648,0.0,0.0,0.0,-0.14548021264119051,
tw,-0.45106073225627963,0.0,0.0,0.36208039684925264,-0.262890770927549,0.0,0.0,0.0,
1,0.0,0.0,0.0,0.0,0.0,0.0,0.0,0.0,
0,0.0,0.0,0.0,0.0,0.0,0.0,0.0,0.0,
