,ty,at,pt,rs,tq,tw,1,0,
ty,0.5498953197387249,0.5620828288486549,-0.4029941468113725,-0.28325363852710683,-0.31862933559262363,0.5534550236695399,-0.5141216495662523,0.6416532425438192,
at,0.5604049723254655,0.6302134184056202,0.25938464396371824,0.46099018337339875,0.5693663220522751,0.4906931632878191,-0.6550988486313989,0.4244467962663238,
pt,0.42022934187829847,0.5641341598015853,0.5309132176464306,-0.21765876636970988,-0.20510468261794013,-0.5067195393616365,-0.6657650078309999,-0.35445318590930125,
rs,-0.5178107665118901,0.33694714649939195,-0.643892467567296,0.3411558028332343,-0.5426317977999654,-0.4221738288083913,-0.061473672764535,0.5692461764608596,
tq,-0.3640260993121638,-0.6405775147852643,-0.43912678585800335,0.32821414095547335,0.6030830606104303,0.4501276085415434,-0.5436117879878775,-0.6021975957184522,
tw,-0.3025701280039077,-0.47437477692378743,0.4197438243180916,-0.363338964707746,0.3590746737693743,-0.6288898732041471,-0.09938015752887694,0.528246544124869,
1,0.0,0.0,0.0,0.0,0.0,0.0,0.0,0.0,
0,0.0,0.0,0.0,0.0,0.0,0.0,0.0,0.0,
