,ty,at,pt,rs,tq,tw,1,0,
ty,0.0,-0.53295065908859,0.0,0.0,0.5248435006505737,0.6646442963785373,0.0,-0.13497167908170357,
at,0.5205317188552337,0.0,-0.4194035101462067,-0.12165420245333321,0.4458462518542694,-0.6640372680459448,0.671953767976484,0.5213702570114229,
pt,0.7001927356812244,0.0,0.0,0.5659996716150484,-0.3459970717497485,0.6570799730735098,0.5285512682723973,-0.2538213128717002,
rs,0.6923386629056886,0.0,0.5980332700599232,0.0,-0.5543798759611153,0.7274472544619075,-0.6498381689325115,-0.3299805235244672,
tq,-0.7135828469975021,0.6811653974969897,0.0,0.6042878917147442,0.0,0.5144374158957851,0.0,-0.3584328748757805,
tw,-0.7174173178860558,0.5234562855895389,0.7033956398313529,-0.45064452162933627,0.0,0.0,-0.5751901870695953,0.521082673151073,
1,0.0,0.0,0.0,0.0,0.0,0.0,0.0,0.0,
0,0.0,0.0,0.0,0.0,0.0,0.0,0.0,0.0,
