,ty,at,pt,rs,tq,tw,1,0,
ty,0.0,-0.7365493053701844,-0.6737958159890237,-0.7027642756858266,0.0,0.13868575029909627,0.03043284598875989,0.0,
at,0.0,0.0,-0.7528480301847409,0.0,0.0,0.7661521897751025,0.0,0.0,
pt,0.4475774255619364,0.0,0.0,-0.7246205930957759,0.0,0.7552419532325825,-0.3768128777385017,0.0,
rs,0.0,0.0,-0.14326635783933359,0.0,-0.7126050616853362,0.0,0.0,0.0,
tq,0.6493266505809426,-0.5982309038449584,-0.7328981850186252,0.0,0.6336387369212138,-0.6857043837909103,0.0,0.0,
tw,-0.6458384689854083,0.0,-0.7563830021549027,0.0,0.5898241262406244,0.0,-0.7463215270164566,0.7502908797307726,
1,0.0,0.0,0.0,0.0,0.0,0.0,0.0,0.0,
0,0.0,0.0,0.0,0.0,0.0,0.0,0.0,0.0,
