,ty,at,pt,rs,tq,tw,1,0,
ty,-0.6472332720022235,0.6239695330229404,0.26841683175267783,0.5710665113948001,-0.449776501944337,0.6195157579261843,0.5182941788476417,0.6912283743913884,
at,0.7031116903802446,0.36632993983879786,0.6760296664804597,-0.6888753673278086,0.6831963791929555,0.6696402297652188,-0.33902788743455486,0.5411910398273935,
pt,-0.49522348273680533,0.24071840648215637,0.7037272994485622,-0.4083485169070449,-0.3199636643422495,-0.23505520700895566,-0.6955159232339939,0.4569851364886128,
rs,0.7055196733817273,-0.3833723854777008,0.35991189178707833,0.6554385083062564,-0.6939520827852047,-0.08776112542736926,-0.4032117050181612,0.6586079865964546,
tq,-0.5742427107636163,-0.320103048785492,-0.6042957261744596,-0.6676556460529026,0.6984235503774717,-0.7004474757237991,0.22553655413118465,0.20547688746171736,
tw,0.69254494569485,0.5614184562727785,-0.4092545732468874,0.18897847895963935,0.4743896410511733,-0.5182808150359659,-0.7080864310859555,0.44785099324932576,
1,0.0,0.0,0.0,0.0,0.0,0.0,0.0,0.0,
0,0.0,0.0,0.0,0.0,0.0,0.0,0.0,0.0,
