,ty,at,pt,rs,tq,tw,1,0,
ty,0.0,0.34864380891252983,-0.3169920529816062,-0.4860473369605656,-0.3699424107309236,-0.5272708646071146,-5.350882236444904E-4,0.2276178417588813,
at,0.7208606924736899,0.0,0.3882212583464833,0.0,0.5491479107492094,0.0,0.5879439831996235,0.0,
pt,0.0,0.4155699742413136,-0.3998398466568714,0.7119147458951314,-0.35973732409695874,0.0,0.24117291565901866,0.36759586031040653,
rs,0.0,-0.5396894241795203,0.0,0.0,-0.15358261943114584,-0.3002549632042199,0.0,0.6929732211062941,
tq,0.0,0.0,0.0,0.0,0.0,0.5192049690848465,0.0,-0.07381212192509437,
tw,-0.44093558263765475,0.0,0.0,-0.23747734509208188,-0.5103120301598192,0.0,-0.10690877724103431,-0.4918848392541225,
1,0.0,0.0,0.0,0.0,0.0,0.0,0.0,0.0,
0,0.0,0.0,0.0,0.0,0.0,0.0,0.0,0.0,
