,ty,at,pt,rs,tq,tw,1,0,
ty,0.0,0.0,0.0,0.42971153357459047,-0.561065649571326,-0.11306214243573476,0.0,-0.023681297229722897,
at,0.7147642389162054,0.0,0.0,0.9096533865985139,0.0,0.0,0.0,0.7889417180420866,
pt,-0.18105188145435736,0.4745239852570222,0.0,0.0,0.0,-0.6684996273834767,0.0,0.0,
rs,0.0,0.11402651674774278,0.48304471798362636,0.0,0.0,0.0,0.0,-0.6835878995402405,
tq,-0.1602752414679227,0.5501636342254494,0.0,0.4984976445267355,0.0,-0.8501939344847591,0.8527415770075686,0.0,
tw,0.0,0.21809856522074256,0.5233421640144515,0.26720261400851797,0.0,0.0,0.19745306744572533,-0.33349431824198716,
1,0.0,0.0,0.0,0.0,0.0,0.0,0.0,0.0,
0,0.0,0.0,0.0,0.0,0.0,0.0,0.0,0.0,
