,ty,at,pt,rs,tq,tw,1,0,
ty,-0.6141864885009901,-0.5523964990136673,0.6293578016933724,0.4367479557402919,0.011418228083168754,-0.34592525460289447,0.15540156677450404,0.6306403069446863,
at,0.2765753692746911,0.5932300705589587,0.6502911745786512,0.5362723996939631,0.6370107349947641,0.5523042181334785,-0.4824284992188552,0.4292745240257344,
pt,-0.4939171541657854,-0.6470517057564977,-0.37935755716372604,-0.5533184404806605,-0.01054484925747462,-0.6771188776057889,-0.6257363999572405,0.5185208064894768,
rs,-0.6032233101769771,-0.6563493627879756,0.6769715996739425,-0.6666185276528843,-0.5387560203536503,-0.6187892027109249,-0.5052101746679778,-0.4635999617991729,
tq,0.6821409458041549,0.4174215894001453,-0.19342216984127095,0.5989704921333756,0.627682013368794,0.6322221285790495,0.4150831471640333,0.2381770400648729,
tw,-0.3654290905824102,-0.6600153975136263,-0.6016616347216708,-0.49722212390551423,-0.3913670831238268,0.6328786275794062,-0.3616641236682979,-0.39054718773321756,
1,0.0,0.0,0.0,0.0,0.0,0.0,0.0,0.0,
0,0.0,0.0,0.0,0.0,0.0,0.0,0.0,0.0,
