,ty,at,pt,rs,tq,tw,1,0,
ty,-0.4565724093749018,-0.40425922230528133,-0.49867951197884397,0.0,0.2979292779144439,-0.3580874819115223,0.0,0.0,
at,0.5237704253934112,0.0,0.1435361426535899,0.0,0.4348942863985118,0.7136530554652756,0.0,-0.5706509334988467,
pt,0.49680655662505324,0.0,-0.6039741267009394,0.043017373203675234,-0.09973425049066892,0.0,0.18026150084960205,0.05924428088100955,
rs,-0.725403788017603,0.8071048202540934,0.0998278247635156,0.17331623902043763,0.3615157862922928,-0.6208617915245924,-0.4420954132787484,-0.5315704895450962,
tq,0.006154661116028893,-0.7788381287379536,-0.5469614313644658,0.0,-0.1630322927271398,-0.32210462700256726,-0.5101197638713318,0.0,
tw,0.0,0.0,-0.4763673148638858,-0.44348347522497006,-0.7477507209076002,0.6969432515091399,0.0,0.0,
1,0.0,0.0,0.0,0.0,0.0,0.0,0.0,0.0,
0,0.0,0.0,0.0,0.0,0.0,0.0,0.0,0.0,
