,ty,at,pt,rs,tq,tw,1,0,
ty,0.0,-0.5301970893497843,0.6078396643054921,0.16401652901386093,-0.32244664973897424,0.700460186616541,-0.6863084482755896,0.3867556392367471,
at,0.6448397120645624,-0.7128364733987168,0.705810756889755,-0.6969114387709869,0.7455229632185668,0.7236940323369286,-0.39368446871387053,-0.044021553997651446,
pt,0.0,0.5194772241076503,-0.541706399930904,0.43797644902109545,-0.2771846251316373,-0.6486810305005924,-0.6866382137965219,-0.6267117277585131,
rs,-0.6583783181130658,0.46833013966783626,0.6714860896764975,-0.7156215649635513,-0.7168348616233156,-0.5236162520362339,0.4473677810208565,0.7119460512928644,
tq,-0.7262423625934459,-0.7072141249741978,0.654031227419204,-0.3486845952223053,0.7393282136703818,0.3603709983088799,0.7180046654949329,-0.3903944907074666,
tw,-0.676828361639274,0.0,0.6576369463045296,-0.6565437397479293,0.38286293702343854,-0.37145186413008574,-0.7276048169326235,0.7433633332816854,
1,0.0,0.0,0.0,0.0,0.0,0.0,0.0,0.0,
0,0.0,0.0,0.0,0.0,0.0,0.0,0.0,0.0,
