,ty,at,pt,rs,tq,tw,1,0,
ty,0.375541009112389,-0.7028458923179226,-0.630360848397927,-0.1586530942440943,0.03862630952643387,0.6495854890804174,-0.6036645054660317,0.584350587843504,
at,0.7180870462763855,0.0,-0.6151138768936373,0.7121177580432523,0.7176236634423953,-0.7159651848918178,0.7213696209016038,-0.7139356299822576,
pt,0.6985983151881315,-0.3286857219041363,0.0,0.6542477387403505,0.5629940629780518,-0.45792397718978123,-0.3458234211032662,-0.6546203000121196,
rs,0.6411750647877574,-0.5543967106670566,-0.6292334296880382,0.667105899761234,-0.6382788906092188,-0.5815725844736236,-0.5780380061487801,0.6394714127844189,
tq,-0.5083521206814908,-0.5572891977567536,-0.484258660138085,-0.6292676450123605,-0.6742294749841221,0.7220769611115831,-0.5041593661313108,-0.5580034395290443,
tw,-0.5241055412259814,-0.41312918979674873,-0.6911019876120049,-0.7015697123114509,0.7128414315449988,-0.6846122093984204,0.0,-0.6107088474338975,
1,0.0,0.0,0.0,0.0,0.0,0.0,0.0,0.0,
0,0.0,0.0,0.0,0.0,0.0,0.0,0.0,0.0,
