,ty,at,pt,rs,tq,tw,1,0,
ty,0.5033684175164214,0.3870067662013914,0.1679980089198299,-0.4941017602025055,-0.04973713952388587,-0.6979454976496918,0.29663743757618505,-0.4713968787400723,
at,-0.26559996942048514,0.5395342622909426,-0.7977806901084535,-0.6494971368145033,0.3330173110507655,-0.5549172737317926,0.6763303687803741,-0.6573950890107271,
pt,-0.7498504961579497,-0.782403215652018,0.7392526002530685,0.5184503320585361,0.014161724920489529,0.3079140244906363,0.6972309096255602,-0.3608738747882677,
rs,-0.56827683263207,-0.4869376754356411,-0.4430788523823554,0.18553995803466025,-0.6127315648946665,-0.4419685569031261,-0.5494023888620722,-0.20725389581678172,
tq,0.7733768865422104,0.3923346905555257,-0.7283171274577391,-0.12787806479616692,0.7042001093074975,-0.44858647137284197,-0.7277919953475979,-0.7312453903593952,
tw,-0.6559003836357591,-0.7796269754692309,-0.7623723270779723,0.6285154807783687,0.6429631643902244,-0.1706458112535235,-0.20457106308737635,0.45169734251555116,
1,0.0,0.0,0.0,0.0,0.0,0.0,0.0,0.0,
0,0.0,0.0,0.0,0.0,0.0,0.0,0.0,0.0,
