,ty,at,pt,rs,tq,tw,1,0,
ty,0.0,0.578124528661087,-0.5374271762121912,0.0,-0.1395957095991485,-0.44847440992638987,0.0,0.0,
at,-0.5757906962450301,0.0,0.0,0.0,0.6233026752626935,-0.537399996805251,0.0,0.6150822474659928,
pt,-0.5356665464408746,0.5879572567885979,0.0,0.0,0.0,0.0,0.6170658604422109,0.0,
rs,-0.5230751985715123,0.0,-0.5975389573797598,0.0,0.0,0.5839274561344524,0.0,0.0,
tq,0.0,0.0,0.6361159631031462,0.0,0.0,0.0,0.0,0.0,
tw,-0.19767924462866682,0.0,0.0,0.269346096244016,0.0,0.0,0.0,0.0,
1,0.0,0.0,0.0,0.0,0.0,0.0,0.0,0.0,
0,0.0,0.0,0.0,0.0,0.0,0.0,0.0,0.0,
