,ty,at,pt,rs,tq,tw,1,0,
ty,-0.8149547351915196,-0.3795332332452768,-0.4384473703791575,0.49260987098392167,-0.7247473173982752,0.23529198676425553,-0.7328206070518127,-0.6067101596362692,
at,0.1624357893127749,-0.3188259370645703,-0.6007779851441528,-0.7598851177611518,-0.6440537028378251,0.7586126548994995,-0.798831683787139,-0.8108502136813756,
pt,0.6713202718104299,-0.6767650240528944,-0.11959803975463881,0.7389103606212968,-0.44386218401781785,0.45875960169233937,-0.16169733256629704,0.7456531810602502,
rs,-0.7728448305984549,0.23635634174355136,-0.5194487716216637,0.7741715328561849,0.798198574091664,-0.7375722463802519,-0.7948661141225849,0.7147042142728176,
tq,-0.5570810515349573,-0.650788442207785,0.5706718605878396,0.12407352248295751,-0.7857209037926636,0.7303529199509559,0.6572702502542116,-0.2649189111303386,
tw,0.7149910115203105,0.20498229532367437,-0.5824159480537959,-0.12508330966596515,-0.10243711005126103,0.6491377963735142,0.40343967083015897,0.38356524838780104,
1,0.0,0.0,0.0,0.0,0.0,0.0,0.0,0.0,
0,0.0,0.0,0.0,0.0,0.0,0.0,0.0,0.0,
