,ty,at,pt,rs,tq,tw,1,0,
ty,0.0,0.24911601453395318,0.0,0.0,-0.16812635120170763,-0.0681424300045584,0.0,0.63833267467407,
at,-0.6646503358459442,0.0,-0.6426887854929967,-0.12906203065842067,0.0,0.0,0.0,0.0,
pt,0.0,-0.45726979137731855,0.0,-0.34789151921854594,-0.6397784939806168,-0.2168216340456052,0.010606846901367257,0.0,
rs,0.3487449213522795,0.0,-0.4156629419298773,0.3288174906702306,-0.29135572582560115,0.008328978355213979,0.0,0.0,
tq,0.0,-0.621652345841064,0.0,0.2491051641279428,0.0,0.0,0.0,-0.6304050387120995,
tw,-0.6802637441261005,0.0,0.0,0.2709325339364271,0.6580719397350868,0.0,0.0,0.0,
1,0.0,0.0,0.0,0.0,0.0,0.0,0.0,0.0,
0,0.0,0.0,0.0,0.0,0.0,0.0,0.0,0.0,
