,ty,at,pt,rs,tq,tw,1,0,
ty,0.6150971377949828,-0.6270802424339126,0.23273174108104522,0.3281048902394842,0.06549206988259726,0.6995948308502057,-0.525608109063374,0.3647238974743828,
at,-0.7346410667116059,-0.7119847000317417,0.6826829905181512,-0.582163165071579,-0.41350668654515366,-0.5315916637034088,0.6380506351676403,0.41339868005933444,
pt,-0.6479587717065961,0.44714101520499233,-0.5577742839922407,0.4841405854270464,-0.37565183898570803,0.34252232140045513,0.6199165803915643,-0.7068311106718927,
rs,0.4504150195480993,-0.2545127263223311,-0.7473115384737681,0.7534156918280546,-0.5716984359573033,0.3496807993502077,0.6429427299154624,0.7458260580135452,
tq,-0.37834924419194854,0.672363389779693,-0.5293929536750741,0.7021436768614827,0.2179425881744066,0.5225322741882229,0.45901832512357876,0.47634880655230244,
tw,-0.7189142501232566,-0.5084098848429703,-0.3998478461354029,-0.3450857354046429,-0.7443475217387224,-0.516022877598034,0.05946132340874771,-0.012831542122010672,
1,0.0,0.0,0.0,0.0,0.0,0.0,0.0,0.0,
0,0.0,0.0,0.0,0.0,0.0,0.0,0.0,0.0,
