,ty,at,pt,rs,tq,tw,1,0,
ty,0.0,-0.7107731995644566,0.7156513291494281,-0.7112503332414631,-0.6932276566206983,0.5041994467161152,-0.05215219111914872,0.7145171215784507,
at,-0.6304683691609446,-0.7074756217897324,-0.6853700753498185,0.7056963326217132,-0.18381874512656396,0.4920715759340362,-0.7013903020371911,0.7051179296096048,
pt,0.720212669173808,0.6820877323402122,-0.1498170622922918,-0.7106996997422393,0.7072901065702648,0.712928267321077,-0.7098133072048515,-0.7159814840090198,
rs,-0.7182111111443407,0.7022106872576862,-0.29761068135820923,0.0,-0.7182711419105656,0.6964416114390755,-0.5745074936870286,0.6476183291789531,
tq,-0.6100204283147713,0.7093671602901643,0.6696428295626579,-0.429246112244767,0.7080889209955559,0.6905404202001654,0.16409522219639822,-0.7128333148996333,
tw,0.7126053834084883,-0.6700321603894346,0.7106413460822288,-0.6806523723628382,0.2438119806189533,0.0,-0.562842411416991,-0.6886320354164176,
1,0.0,0.0,0.0,0.0,0.0,0.0,0.0,0.0,
0,0.0,0.0,0.0,0.0,0.0,0.0,0.0,0.0,
