,ty,at,pt,rs,tq,tw,1,0,
ty,0.3480148207286757,-0.6161927507437418,0.6858220617223998,-0.5602385739419918,-0.3101885442246584,-0.24071517615952615,-0.6137670069334156,-0.648653047671049,
at,-0.5573451374782131,-0.43612955347803595,0.5217711893125501,-0.5595375995616664,0.5103159985439181,0.5685332943605265,-0.5551283921362886,-0.6056802672883049,
pt,0.5275107618842616,-0.5306214940407386,-0.21345652977055132,0.6887488311132239,0.6829812177533242,-0.300339061210529,-0.6852365442797308,0.6674384143200396,
rs,-0.5303262697787049,0.48335754701010675,0.4898693467591709,0.6272124533282062,-0.6621995668839662,-0.5766406952118802,-0.676468211655626,-0.2928040028558362,
tq,-0.6473769681884476,0.6784134826239423,-0.5521749662487953,0.28575386137923137,0.49336283513040746,0.04102819310146607,-0.2734284059437764,-0.533278253785066,
tw,-0.5577322220339447,0.6906137410603347,-0.5315543074584792,0.20107092326863663,-0.410337790258398,0.6572233968742903,-0.5149753323742873,-0.5141678206094313,
1,0.0,0.0,0.0,0.0,0.0,0.0,0.0,0.0,
0,0.0,0.0,0.0,0.0,0.0,0.0,0.0,0.0,
