,ty,at,pt,rs,tq,tw,1,0,
ty,0.0,0.5540100894034689,0.0,0.0,-0.5417281064251129,0.519381988167444,0.0,-0.2866454708327933,
at,-0.6969282511640457,0.0,0.10540344448821445,0.29401266982857144,0.0,0.0,0.0,0.0,
pt,0.0,0.4313218337600726,0.0,0.3058853749521421,0.57393029646357,-0.6485254593668313,0.3164898228127787,0.0,
rs,-0.5717709915308279,0.0,0.5009629757701793,0.6671436462806898,0.6818997338050623,-0.2890379598449072,0.0,0.0,
tq,0.0,0.5160279968148875,0.0,-0.21214373825085303,0.0,0.0,0.0,0.39684077248277666,
tw,0.6916146830841634,0.0,0.0,0.0371649794290595,0.44006675143270196,0.0,0.0,0.0,
1,0.0,0.0,0.0,0.0,0.0,0.0,0.0,0.0,
0,0.0,0.0,0.0,0.0,0.0,0.0,0.0,0.0,
