,ty,at,pt,rs,tq,tw,1,0,
ty,0.0,0.12383530996189354,0.5071883352575741,0.7106760214455932,-0.41349901379676923,-0.6577875757172256,0.5243212184559154,0.48887489675187645,
at,-0.47242934641502377,-0.37682119477667475,0.4425431397239479,0.3664855806238135,-0.15335368720279688,0.0,-0.24850968243005606,-0.40033381795859757,
pt,-0.39384635397030426,0.0,-0.6357466492815398,-0.5195993412519251,0.5374795350587065,0.37524538812400887,-0.46364695108506865,-0.3945511576995483,
rs,-0.1340761438361138,-0.4495234447056169,-0.2934414379038327,0.0,0.0,0.2847907479164348,-0.42612882930092083,0.0,
tq,-0.5708902274285633,0.6057548013849121,0.5134614610697763,0.0,0.6397183347405101,-0.5106051735912303,-0.4525194889037601,-0.4540301530717196,
tw,-0.38494175910754835,-0.5336478584063775,0.0,0.5663607308463918,0.057862459068566706,0.24807293297333605,-0.6102921224934792,0.3662418861515723,
1,0.0,0.0,0.0,0.0,0.0,0.0,0.0,0.0,
0,0.0,0.0,0.0,0.0,0.0,0.0,0.0,0.0,
