,ty,at,pt,rs,tq,tw,1,0,
ty,0.0,0.0,0.0,0.0,-0.7646439279128787,0.7467559941662154,0.0,0.0,
at,0.0,0.0,0.0,0.7728127250265382,0.11096975501284792,0.7665748852974261,0.0,0.7009029896261288,
pt,0.0,0.726729392285049,0.0,0.0,0.7292829953613604,0.5389646353600941,0.0,0.0,
rs,-0.6750652823921298,0.7653173183429997,-0.7037221539606786,0.0,-0.7671918506751602,0.0,0.0,0.0,
tq,-0.7529233016431193,-0.4201413347805588,0.7766355783212759,-0.749706312634999,0.0,0.0,0.7586311320610764,0.0,
tw,0.0,-0.6608250103155074,0.742299447544196,0.7042917146981992,0.636211763221037,0.0,-0.7342292692237671,0.0,
1,0.0,0.0,0.0,0.0,0.0,0.0,0.0,0.0,
0,0.0,0.0,0.0,0.0,0.0,0.0,0.0,0.0,
