,ty,at,pt,rs,tq,tw,1,0,
ty,-0.4998497156401775,-0.1128117563112289,-0.12724778740738593,-0.03590679516125079,-0.47522820377095315,-0.3086675836588281,-0.710263010408053,-0.17978015911403394,
at,-0.16602305636734327,-0.02511793067204839,0.0,0.0,0.3156000698295906,-0.2506671780063369,0.12976318111348412,-0.3316510848310442,
pt,0.4103665514831578,-0.41999489050208705,-0.14127099361662682,0.0,-0.5263764509733044,0.43971420833029906,-0.281830861215416,0.10520131900945151,
rs,0.10602635654592886,-0.33496519362219085,-0.5929446519860111,0.0,-0.7029600053297145,-0.35215757474237164,-0.4305339875526062,0.25525379052827474,
tq,-0.7065989390191822,0.046329331292619604,-0.17220294466993832,0.0,0.0,0.0,0.0,-0.38805574779877283,
tw,-0.640356218677292,0.6656938032364791,-0.010409173247317723,0.3653195182214636,-0.45590766631323304,0.1694380786941863,0.5221473731430568,-0.23005158438048284,
1,0.0,0.0,0.0,0.0,0.0,0.0,0.0,0.0,
0,0.0,0.0,0.0,0.0,0.0,0.0,0.0,0.0,
