,ty,at,pt,rs,tq,tw,1,0,
ty,0.0,-0.6127410405167628,0.16463919541527486,0.0,-0.09806244494879544,-0.3725428700713692,-0.12992596146591204,0.1688813216834601,
at,0.0,0.0,-0.44325098997271756,-0.4144239971599832,0.4247833863146551,-0.36720758574465406,0.08643557075766281,-0.4240590512974124,
pt,-0.4289595111783493,-0.6746713847804957,0.0,0.6716791414052392,-0.20536635528621297,0.5896527842701724,-0.49060651907925806,0.4197215726864089,
rs,0.0,-0.13036601542751217,0.0,0.7176349234396112,0.0,0.0044734219231344855,-0.6400598664363952,0.4927472350437751,
tq,0.0,-0.465759829682,0.0,-0.08593858998187452,0.0,0.38577405145889393,0.5940216049576127,-0.31330209582637264,
tw,-0.02102168830333437,0.0,-0.28593870899420504,0.0,0.05863036340106707,0.0,0.5517265174744801,-0.3709829502036363,
1,0.0,0.0,0.0,0.0,0.0,0.0,0.0,0.0,
0,0.0,0.0,0.0,0.0,0.0,0.0,0.0,0.0,
