,ty,at,pt,rs,tq,tw,1,0,
ty,0.0,0.0,0.29549761275865394,0.0,0.0,0.41495311549865216,0.4353343244284066,0.0,
at,0.0,0.0,0.0,-0.1550786947293056,0.0,-0.1433409324497026,0.6667721267544833,-0.5371688652783637,
pt,-0.6601286154325897,0.32924547236467533,0.0,0.0,0.0,0.0,0.4377739577157561,0.0,
rs,0.03338429380069541,-0.21814731869671622,0.13194750988877618,0.0,-0.406759992565918,0.0,-0.3256219726007722,0.409330296460561,
tq,-0.5723582516639906,0.1826538837090274,0.0,-0.0011694022045520961,0.0,0.0,0.4397032717506295,-0.028257815536438982,
tw,0.0,0.0,0.0,0.0,0.0,-0.472778879131082,0.0,0.1797900469164514,
1,0.0,0.0,0.0,0.0,0.0,0.0,0.0,0.0,
0,0.0,0.0,0.0,0.0,0.0,0.0,0.0,0.0,
