,ty,at,pt,rs,tq,tw,1,0,
ty,0.0,-0.6755963865206996,0.6074180847603858,0.6534548784399141,-0.07258299198476134,0.6636235359400613,0.5966310897828389,0.36751343295988653,
at,-0.7022540280185452,0.7124107369286649,0.5748072590562338,-0.350972570294068,0.6268601908182818,-0.5232587583019342,0.5879016804906096,0.32037585737333224,
pt,0.0,0.3353315789749084,0.7086576739768485,0.7059399486113779,-0.30281981609401554,-0.5490819198914195,-0.03562226669828192,0.5377463825625494,
rs,-0.6495713509130004,-0.5698004218157154,0.4763113701944322,0.6329756620775434,-0.6924510091124767,-0.3356408294339208,-0.6672005297148674,0.6845053749580201,
tq,0.1276353598483411,-0.46287482822407067,0.6242533116778661,-0.6610226476849272,0.6932894825693584,-0.7097448443142128,0.6025653648527453,-0.29767400160568996,
tw,0.6592008146816408,0.0,0.44666148442471726,-0.326265020463263,0.6060647495867736,0.599735777751672,-0.6742412042173843,0.6963724554460848,
1,0.0,0.0,0.0,0.0,0.0,0.0,0.0,0.0,
0,0.0,0.0,0.0,0.0,0.0,0.0,0.0,0.0,
