,ty,at,pt,rs,tq,tw,1,0,
ty,0.0,-0.40092121448232876,0.23038284362022368,-0.05526402890502173,0.24406524367349378,0.018481901301524852,-0.6963633861998209,-0.305263332855057,
at,0.7201486199320403,0.0,-0.5435510316999835,0.0,0.6350223977304473,0.0,0.6633910669416357,0.0,
pt,0.0,-0.12715371294177566,-0.14459026685212945,0.5542890122764518,-0.4594240985006248,0.0,0.44587392282766103,-0.1714587371652539,
rs,0.0,-0.5371975173769861,0.0,0.0,-0.6491318304574496,-0.6395490115539135,0.0,0.6309519914360616,
tq,0.0,0.0,0.0,0.0,0.0,0.19612667740671133,0.0,-0.6872972760747766,
tw,0.3354123476329774,0.0,0.0,-0.17761087712186835,0.6690338300810045,0.0,-0.4277730216528631,0.5263599128759894,
1,0.0,0.0,0.0,0.0,0.0,0.0,0.0,0.0,
0,0.0,0.0,0.0,0.0,0.0,0.0,0.0,0.0,
