,ty,at,pt,rs,tq,tw,1,0,
ty,0.49778364552549786,0.6291092663815312,-0.526404734478629,-0.6478513716487736,-0.3156159054630548,-0.5898473913624674,0.5702213982366118,0.6119796082166526,
at,0.682063191935316,0.5587702901795313,-0.6066760497926242,0.6637172322369089,0.6688931795135858,0.6553927798722191,0.6678988188954751,0.6940113995815526,
pt,-0.5993919899217978,-0.6732126041726065,0.5794000968209633,-0.4532256651260991,-0.4601686342940095,-0.5285781513143112,0.39055528167790726,0.5934989805639391,
rs,0.6248108622706071,0.417928581945621,0.43926916602497945,-0.03447273624661112,-0.5344275269975322,-0.1325819492460697,0.5335409008859321,0.5047273444538171,
tq,-0.1473396746104006,0.673923585440978,-0.6039243766888187,0.5527614772926995,0.5700143829616048,-0.5916452490175418,0.6340919594662555,0.5461699121792135,
tw,-0.4268008888160162,-0.6562207586720963,-0.6167392790040229,-0.1900449089016219,0.6037379490720581,-0.6059300502982399,-0.629888807922492,0.6626462557685501,
1,0.0,0.0,0.0,0.0,0.0,0.0,0.0,0.0,
0,0.0,0.0,0.0,0.0,0.0,0.0,0.0,0.0,
