,ty,at,pt,rs,tq,tw,1,0,
ty,-0.6619522172430484,0.0,-0.36076030619437033,0.23047119863338408,0.5879070152650194,0.01780302641162382,0.14074307588514248,0.0,
at,-0.20137014812459397,0.0,-0.3047935159941604,0.0028775223550821624,0.48449177916614916,-0.4863540260358267,-0.3013059236554292,-0.6933247155916792,
pt,0.0,0.0,-0.3643631632013759,0.0,-0.36667043182769593,0.4932933888813643,0.32758193181221834,-0.5482126447736977,
rs,0.6818818034291123,-0.5680484780459591,0.0627752937213261,0.6639674653269402,-0.5052513680169305,0.6174255501718887,-0.3589657825754369,0.5672921647408943,
tq,-0.49955838401645003,0.0,0.11348036842462868,0.06489012670369773,-0.07439861303850168,0.413566966685456,0.0,-0.25662721517368714,
tw,0.4246420160293413,0.5124340889432132,0.6665377823912725,-0.3485327032812358,-0.36131630460854414,-0.6297487213069287,-0.05556046617457435,0.6772351310066446,
1,0.0,0.0,0.0,0.0,0.0,0.0,0.0,0.0,
0,0.0,0.0,0.0,0.0,0.0,0.0,0.0,0.0,
