,ty,at,pt,rs,tq,tw,1,0,
ty,0.0,0.14101994183662314,0.0,0.0,0.24393778236155822,0.0,0.0,0.5714065551737764,
at,0.0,0.0,-0.24795493570298247,0.342845797736647,0.458979604569664,-0.642002942810509,-0.06630981983778114,-0.24873023990129006,
pt,0.6446045984290582,0.11565895412641697,-0.08361972887845809,-0.3123702983437465,-0.002928325191910524,0.3434342586419426,0.20105930614130438,0.0,
rs,0.580039526763694,-0.3005178640926024,-0.31969984829927206,0.0,-0.5823311546777671,0.029274359034494192,0.0,0.0,
tq,-0.06356435073965289,0.0,0.0,0.072060458250215,0.0,0.01833992095116882,0.0,0.0,
tw,0.0,0.0,-0.2447740929865945,0.3710777206052183,0.4364102300275298,0.0,0.0,-0.1890482724282367,
1,0.0,0.0,0.0,0.0,0.0,0.0,0.0,0.0,
0,0.0,0.0,0.0,0.0,0.0,0.0,0.0,0.0,
