,ty,at,pt,rs,tq,tw,1,0,
ty,0.0,0.15064581191693396,0.39138617329961095,0.03879150736596824,-0.37913526361932876,0.21059196459485077,-0.19693628986611902,0.5182722326448915,
at,-0.5997265494667662,0.0,-0.5647202074336023,0.0,-0.38197997869117856,0.0,0.47368132797552726,0.0,
pt,0.0,0.5052626741134507,0.5357832496266334,0.5526153593532785,0.3386638384083903,0.0,0.30756716250983707,0.5945717613349365,
rs,0.0,-0.38130105258563246,0.0,0.0,0.017780635692025773,-0.3957821018463094,0.0,0.3989379851155468,
tq,0.0,0.0,0.0,0.0,0.0,0.3616013559672005,0.0,-0.4599348524688982,
tw,0.3091168061235979,0.0,0.0,0.21815392620905397,-0.617191617259853,0.0,0.615313671568502,0.14754972975088937,
1,0.0,0.0,0.0,0.0,0.0,0.0,0.0,0.0,
0,0.0,0.0,0.0,0.0,0.0,0.0,0.0,0.0,
