,ty,at,pt,rs,tq,tw,1,0,
ty,0.0,-0.5577828029740969,0.0,0.0,0.0,-0.3369455938698634,-0.6044711681830776,0.0,
at,-0.3487145129159159,0.0,0.0,-0.04066003597881059,0.0,0.0,0.0,0.0,
pt,0.0,-0.29080020374230836,0.0,0.0,0.0,0.04813325526103875,0.0,0.0,
rs,0.0,-0.4837438129779825,0.0,0.0,0.0,0.0,0.0,0.47803439857761826,
tq,0.0,-0.5456807265423329,0.0,0.5460297910457891,0.0,0.6977783294728094,0.0,0.0,
tw,0.0,0.0,-0.3216998795483468,0.0,0.6256432425584444,-0.6597169948631005,0.6425837811864157,-0.4331338845547347,
1,0.0,0.0,0.0,0.0,0.0,0.0,0.0,0.0,
0,0.0,0.0,0.0,0.0,0.0,0.0,0.0,0.0,
