,feature,importance_mean,importance_std,val_imp_0,val_imp_1,val_imp_2,val_imp_3,val_imp_4
1,Toolwearmin,0.026246137155458427,0.0027988471222524882,0.022260951654775485,0.023574201181710608,0.029326260131548154,0.028396688935100056,0.02767258387415783
0,TorqueNm,0.008534053424060706,0.002824075985353123,0.003882222181878947,0.008597141169216171,0.007938335124427098,0.012616134907664667,0.009636433737116645
5,Rotationalspeedrpm,0.008161339514199862,0.0029478960235298163,0.0023322380165688994,0.010053468718456027,0.008952501488981524,0.010132916895884692,0.009335572451108165
2,AirtemperatureK,0.004397579464700696,0.002928385000042142,0.0011185140807710159,0.008466823290573022,0.0010635293394101186,0.00644882481717679,0.004890205795572533
4,Type,-0.0005132905655894415,0.000825851613944515,-0.0006398425003076857,-0.0012134715955514075,-0.00041756221353295153,0.0009984093207993094,-0.0012939858393544723
3,ProcesstemperatureK,-0.0006340185734830417,0.0011325509008620702,-0.002090582494699844,0.00038873116047977163,0.0006138002693114597,-0.00021718578842666592,-0.0018648560140799297
