,feature,importance_mean,importance_std,val_imp_0,val_imp_1,val_imp_2,val_imp_3,val_imp_4
0,Toolwearmin,0.026953799005534008,0.003357995597096084,0.029565484006963128,0.03129972788818769,0.021886410130253386,0.024742240599102017,0.027275132403163815
4,AirtemperatureK,0.0158162615352206,0.0009725602775062646,0.015816132018953155,0.014564083665290273,0.014999870523344505,0.017272017436167242,0.01642920403234782
1,TorqueNm,0.010846627338328862,0.001807559823039876,0.011864519603749457,0.009901734258206396,0.013660596369474476,0.010480575483858612,0.008325710976355372
2,Type,0.006966631724443317,0.0021042043580069077,0.008973528836281441,0.007098586586431255,0.004703644120465089,0.009574727237235403,0.004482671841803398
3,ProcesstemperatureK,0.0041649166315722574,0.0006503772640352274,0.003733759357091304,0.004307157421572949,0.004614628919905606,0.005004751065158186,0.003164286394133242
5,Rotationalspeedrpm,-0.00020188436441817003,0.00038869392102064095,-0.0007047949861521685,-0.00027356652353915933,-0.000499698966776263,0.00011575175724864994,0.00035288689712809074
