,feature,importance_mean,importance_std,val_imp_0,val_imp_1,val_imp_2,val_imp_3,val_imp_4
0,Toolwearmin,0.02734414478903193,0.0031778601420252976,0.029653432093386556,0.031723614569417635,0.022786272884998793,0.02506691016211704,0.027490494235239638
4,AirtemperatureK,0.017621734637781095,0.0010560369868815166,0.01739798727980202,0.016456420489122547,0.0171236922857807,0.019599555384191003,0.017531017750009203
1,TorqueNm,0.011458644334722679,0.0021870096332690346,0.013201895321605761,0.01052079469256706,0.01446780239272849,0.010905267471255753,0.008197461795456329
2,Type,0.00737831288610824,0.002238476335853892,0.009436668300564666,0.007525705959224416,0.005251087603904914,0.010190994432622835,0.004487108134224371
3,ProcesstemperatureK,0.005295996223668542,0.0012116178296717644,0.004448236701382058,0.005460824223204486,0.006037658285211189,0.007004796236575794,0.003528465671969183
5,Rotationalspeedrpm,-9.546119424008737e-05,0.00017430645676852241,3.7115706196910736e-05,-0.00010991151315020709,0.0001286674262629406,-0.0003791172537067622,-0.00015406033680331888
