,ty,at,pt,rs,tq,tw,1,0,
ty,0.0,-0.592465566517029,0.0,0.0,-0.264448608479504,0.15066566596997333,0.0,0.05412603659047117,
at,-0.6284220289129169,0.0,-0.7131481873824811,-0.5192606666743063,0.0,0.0,0.0,0.0,
pt,0.0,-0.6855160212853767,0.0,-0.6888511705082082,-0.006337541023169895,-0.26599546741425434,-0.6671477873243782,0.0,
rs,-0.6701569835994758,0.0,0.622558516261029,0.6904604827451212,-0.5970199156655239,-0.7062116163186302,0.0,0.0,
tq,0.0,-0.7007286330972647,0.0,-0.6286152999734559,0.0,0.0,0.0,-0.7077153639987316,
tw,0.18224768000347888,0.0,0.0,0.568466422056859,0.5174578295866,0.0,0.0,0.0,
1,0.0,0.0,0.0,0.0,0.0,0.0,0.0,0.0,
0,0.0,0.0,0.0,0.0,0.0,0.0,0.0,0.0,
