,ty,at,pt,rs,tq,tw,1,0,
ty,0.0,0.5924708654357568,0.4531702907041517,0.3049075499388762,0.4251169170453675,-0.23452453424813413,0.0,0.0,
at,0.0,-0.557486684350235,-0.23002231311325674,-0.452568635248602,-0.1572726848212027,0.30680258974053376,0.3039815424037813,0.4368225891420429,
pt,0.5411142124998538,0.0,0.0,0.5314392489675683,0.585199376909634,-0.4336091796050822,0.0,-0.11735481275055494,
rs,0.0,0.5542740799755543,-0.42389087970281725,-0.6521019896638511,-0.6875710858176225,-0.5796108816236805,0.0,0.4882711350582774,
tq,-0.45919310851693773,0.0,0.0,-0.43291894302658124,0.0,0.4386128864331648,0.7030980276442356,0.43659477762531196,
tw,0.08900138893158166,0.0,-0.5625566557837272,0.41852043887570034,-0.27856618381779247,-0.3603333690718788,0.0,-0.22648803285713717,
1,0.0,0.0,0.0,0.0,0.0,0.0,0.0,0.0,
0,0.0,0.0,0.0,0.0,0.0,0.0,0.0,0.0,
