,ty,at,pt,rs,tq,tw,1,0,
ty,-0.7096291910671215,-0.8014416068115884,0.5710874352578901,0.6929520267092483,-0.6904599865522537,0.099904667146878,-0.44368109363784014,-0.1519763175951986,
at,0.6131315272990427,-0.20158909207585815,0.2804839898839649,-0.539040498227085,0.47700529228338545,-0.5044658241583044,0.6830288763882407,-0.2288606414743257,
pt,-0.00299182166302349,-0.7172531630410317,-0.010772636894876448,-0.3473208660891146,0.18756559825829475,0.7748627488689755,-0.020510116892739634,0.3418089306136961,
rs,0.5125314272819493,-0.03772471535956909,-0.7307608875803925,0.31086853545634074,-0.8165102446257425,-0.12976483899185445,-0.6928272886162745,0.0187061059190668,
tq,-0.21706098972438964,-0.7450893508452101,-0.4959364804260352,-0.514023337853138,0.8141166592824493,0.009170478051408037,0.7731901162798057,-0.7012368833422696,
tw,-0.39912553545323065,0.763771099358712,-0.7135719712259929,0.8187354373953952,0.20057717895368335,-0.23043943997828614,0.37698243863831626,-0.7855246276683171,
1,0.0,0.0,0.0,0.0,0.0,0.0,0.0,0.0,
0,0.0,0.0,0.0,0.0,0.0,0.0,0.0,0.0,
