,ty,at,pt,rs,tq,tw,1,0,
ty,0.0,-0.7114293649419776,-0.517262544997146,0.1465404704937307,-0.5587231888340027,0.7247188408897371,-0.6283228370434382,-0.6760801524165845,
at,-0.5166091005327148,0.0,0.6632124230370179,-0.2965472953999114,-0.725046607331342,-0.5107714351580875,0.0,0.0,
pt,-0.03844599129767168,-0.7146828307805637,0.0,0.4720297420812717,0.6355918779262679,0.17500024834121192,0.7062750601276626,0.7134395102136355,
rs,0.0,-0.696735433119345,0.5296548738715564,0.6806826636118822,-0.49802409961338046,-0.6666232024081402,-0.5168434942577147,0.6276189872132154,
tq,-0.4447568836843726,0.40026003628497303,0.24941281105244223,-0.4765752707329924,0.5523810099613274,-0.433124889927994,0.15261834635530255,-0.5439867980452422,
tw,-0.3988515155088333,0.7015194486259313,0.7275746234143768,0.44758908448874324,0.0,0.0,0.49390186914263673,0.08582976052313214,
1,0.0,0.0,0.0,0.0,0.0,0.0,0.0,0.0,
0,0.0,0.0,0.0,0.0,0.0,0.0,0.0,0.0,
