,ty,at,pt,rs,tq,tw,1,0,
ty,0.0,-0.6364550325912808,0.3152526732203478,-0.6392271452231925,-0.6640370239507911,0.6922769102640367,-0.689096526903673,0.32109445060034825,
at,0.15165383150722414,0.37497730245123617,0.27646320600330404,0.6438534115107877,-0.2931370003897867,0.0,-0.6224784508682638,-0.6622697031468565,
pt,-0.4992690189458377,0.0,-0.5159208410570815,0.10796870386394154,-0.30395417385735574,0.6816624189510113,0.14648733284917612,-0.6915927342743884,
rs,-0.6485842969198619,-0.5814140856155743,-0.6134489726588285,0.0,0.0,0.22719684954591002,-0.4233422265798116,0.0,
tq,-0.6378979183138926,0.6708352401885803,0.4032254304047728,0.0,0.4914862928164732,0.6980785883554977,0.6002150932262341,0.46510476826361996,
tw,-0.0633905784591507,0.6177329322013555,0.0,-0.20526161979129495,0.13876862567349657,-0.40115713618597715,-0.6684216036234542,0.558226274736206,
1,0.0,0.0,0.0,0.0,0.0,0.0,0.0,0.0,
0,0.0,0.0,0.0,0.0,0.0,0.0,0.0,0.0,
