,ty,at,pt,rs,tq,tw,1,0,
ty,-0.5227810557606833,-0.40382632835279436,-0.6948492257978119,-0.6604138235231666,-0.19289716946184657,0.0,0.5911268819086988,0.6559458717568011,
at,-0.44178786445808405,0.7028525668877194,0.3774401601524838,0.15804791745610386,0.6154660194578465,-0.40122818934319193,-0.6775369572798291,0.6386794583553779,
pt,0.609975598579031,0.6115711301863781,0.0,0.68088718420119,-0.43737042243143764,0.038062682360107555,0.6961619588665916,-0.12658596946056472,
rs,0.45676210935485234,0.45688039544803166,-0.19720609968403602,0.0,-0.6883380784402816,-0.15799049152703123,-0.5952937936033912,-0.004593735828299499,
tq,-0.6957775285542451,-0.4868377595484133,-0.6596864104184245,-0.47510683167361073,0.6094110763878956,0.40707859931583995,0.31550383042956304,0.2517233599497925,
tw,0.4170943368137001,-0.45009368478689665,0.6754356742972517,-0.01379219505775872,0.6854371376127897,-0.45917985991337973,-0.3418714677810014,0.1690281206643272,
1,0.0,0.0,0.0,0.0,0.0,0.0,0.0,0.0,
0,0.0,0.0,0.0,0.0,0.0,0.0,0.0,0.0,
