,ty,at,pt,rs,tq,tw,1,0,
ty,0.0,0.0,0.0,0.5113470927161966,0.1538836173435224,0.3766752959078933,0.0,0.5752811094123168,
at,-0.5369262030595922,0.0,0.0,-0.4008631475985972,0.0,0.0,0.0,0.024048347511206138,
pt,0.0986821340155587,0.2044811817325618,0.0,0.0,0.0,-0.39705023627769304,0.0,0.0,
rs,0.0,-0.34578648140173546,0.39755372099940844,0.0,0.0,0.0,0.0,0.4275377694094164,
tq,0.1014845624865234,-0.43627532441602784,0.0,0.29633360087029065,0.0,-0.3816252743692351,0.6895877810351863,0.0,
tw,0.0,-0.30237049748111056,-0.583164046353464,0.06477632540821741,0.0,0.0,-0.251989607525718,-0.577316366189993,
1,0.0,0.0,0.0,0.0,0.0,0.0,0.0,0.0,
0,0.0,0.0,0.0,0.0,0.0,0.0,0.0,0.0,
