,ty,at,pt,rs,tq,tw,1,0,
ty,0.0,-0.31318329470817163,-0.4095411906193635,0.6407913772090839,-0.5578328554372304,0.0,0.0,-0.22186561416550907,
at,-0.6271123970991167,0.0,-0.5418104397897047,-0.6167810523403771,0.0,-0.589131928366639,0.5752652047919443,0.21738467931765862,
pt,0.0,-0.5370450853314348,0.0,0.0,0.0,-0.4866145726725981,-0.583740795367688,0.0,
rs,0.0,0.0,-0.4748057672195123,0.0,-0.509678172334887,-0.4540905780431541,-0.5060248226057948,0.6822496430202346,
tq,-0.6026225762287654,0.0,-0.2669435846783229,0.0,0.0,0.0,0.6598450482754048,0.0,
tw,-0.5571205340651394,0.0,-0.5515042825181832,-0.6106628479753398,0.0,-0.3548422447066559,0.6666551332923688,0.1419304725202018,
1,0.0,0.0,0.0,0.0,0.0,0.0,0.0,0.0,
0,0.0,0.0,0.0,0.0,0.0,0.0,0.0,0.0,
