,ty,at,pt,rs,tq,tw,1,0,
ty,0.0,-0.6050751903550996,-0.5681266032488815,-0.5401430060236521,-0.10063342049228068,-0.6826894644695013,-0.36055828578751453,0.6386452329386545,
at,0.3967265894083999,0.6255233602727542,0.6174922027733586,-0.5882510593373127,0.6090020772156832,0.6643382486341266,-0.42082553936284345,-0.44917133710258755,
pt,0.6519216628065898,-0.0842678086541293,0.6109362683746066,-0.6646541980873335,-0.2195450199622837,0.6369641581893131,-0.5629325701642494,-0.4784993548032792,
rs,0.1713480213192837,-0.6069414383815828,0.15461927648222018,0.0,-0.557116787534641,0.6281271857892075,0.26323341012172413,0.2581520922945711,
tq,-0.5948104937290445,0.046265690475073215,0.6455374458676298,0.5990790954718578,0.6555221700055547,-0.5510909060878073,-0.5994648496837826,-0.6869281263518268,
tw,0.5620735228899185,-0.1513283238949569,0.6353406502685754,-0.6259154688696642,0.4443608386601014,0.0,-0.6305354486940634,0.5049001835638701,
1,0.0,0.0,0.0,0.0,0.0,0.0,0.0,0.0,
0,0.0,0.0,0.0,0.0,0.0,0.0,0.0,0.0,
