,ty,at,pt,rs,tq,tw,1,0,
ty,0.0,0.21600511078729548,0.0,0.0,-0.6944008321563907,-0.4613642494305872,0.0,0.4349224247644297,
at,0.20232370568237207,0.0,-0.2908887653916577,-0.1969009579995201,0.6412401860657022,-0.38145024804015926,0.10441147802260499,-0.3423496367572178,
pt,0.5715768858508832,0.0,0.0,0.6271108767061938,0.27114647004547243,-0.1433703805217088,-0.23165115593570915,-0.25383649454033375,
rs,0.6775823498664574,0.0,-0.09168909536916996,0.0,-0.2901971838560824,-0.5661937935583651,-0.2978236448630431,0.4607384307666734,
tq,-0.3780527783994848,0.2981616884276655,0.0,0.4718523271951037,0.0,0.24049565594031638,0.0,-0.6062190439740317,
tw,-0.7294738185725537,-0.03151643823214084,0.20985438426002725,-0.353993364732307,0.0,0.0,-0.45413074751411786,-0.5813432150730358,
1,0.0,0.0,0.0,0.0,0.0,0.0,0.0,0.0,
0,0.0,0.0,0.0,0.0,0.0,0.0,0.0,0.0,
