,ty,at,pt,rs,tq,tw,1,0,
ty,0.0,-0.5807766633310881,0.0,-0.6522085045838832,-0.7231910723089299,0.0,-0.7116428359591535,0.0,
at,0.7328150704524883,0.0,0.7098404764633632,0.6422637051611745,0.209380707121054,0.7178289491509716,-0.7306483782029817,-0.7044480926112594,
pt,-0.7216353742914049,-0.4508646513319924,0.0,0.0,0.73405620708018,-0.7287173797065024,0.0,-0.6611123553318705,
rs,0.0,0.7141207708231218,-0.7307997680274712,0.0,-0.6462806867911037,-0.7289992085031535,-0.6627757080974291,0.7277421019402558,
tq,0.0,-0.5026950840910592,0.0,0.0,0.0,0.7130391588780013,0.7108345916528643,-0.038743505444723665,
tw,0.0,0.0,0.0,0.08842767272281146,0.0,0.0,0.7211428477389755,0.0,
1,0.0,0.0,0.0,0.0,0.0,0.0,0.0,0.0,
0,0.0,0.0,0.0,0.0,0.0,0.0,0.0,0.0,
