,ty,at,pt,rs,tq,tw,1,0,
ty,0.0,0.0,-0.6497382383127204,-0.598884595774036,0.0,0.34731639140937903,0.0,0.0,
at,0.05087273558164878,0.0,0.08508767288054855,-0.45827867675327144,0.5832723086647219,0.0,0.01618023333416333,0.3640293963456748,
pt,-0.15644554763669555,0.0,0.0,-0.6235062968332867,0.0,-0.1494610581031196,0.5136432476354481,0.6328088635772136,
rs,0.6851988471079576,0.0,0.0,0.0,-0.41440543441402533,-0.2778437798153818,0.47230953108223606,0.47046619426872754,
tq,-0.5934472790325365,-0.35328306808297455,-0.28184550622357474,0.5170660670281042,0.40507789691260915,-0.27565851684910603,0.0,0.0,
tw,0.25551949435368165,0.0,0.0,0.0,0.44439695777562477,0.0,-0.36538129572831585,0.0,
1,0.0,0.0,0.0,0.0,0.0,0.0,0.0,0.0,
0,0.0,0.0,0.0,0.0,0.0,0.0,0.0,0.0,
