,ty,at,pt,rs,tq,tw,1,0,
ty,0.0,0.7248433100625736,0.6665414005174429,0.2963237642537476,-0.19275164887235824,-0.7103766672969014,-0.3304180895285162,-0.5250875248335942,
at,-0.6927428665540492,-0.7071496596875125,-0.6859826871647794,0.7125068737224448,0.6809739585208499,0.0,-0.661465285932039,0.6981286359616127,
pt,0.4874497687481622,0.0,0.43008098696997576,-0.14484755533703092,-0.2155477677350025,-0.4748236677272255,-0.6979244613552116,0.5453161105740493,
rs,0.7265484779129622,-0.09034411789995407,0.7026214489293222,0.0,0.0,-0.6901467652172707,-0.7085636001615525,0.0,
tq,0.3926457232404851,0.3919774330359404,-0.6862251914159498,0.0,0.638109647666011,0.7259375238476186,0.7123410241271472,0.6645596267840946,
tw,-0.6951457118931924,-0.7126930310255741,0.0,-0.5621200026852508,-0.24952870971855487,0.6685622420433369,0.23839998405974475,0.18444026168727565,
1,0.0,0.0,0.0,0.0,0.0,0.0,0.0,0.0,
0,0.0,0.0,0.0,0.0,0.0,0.0,0.0,0.0,
