,ty,at,pt,rs,tq,tw,1,0,
ty,0.0,-0.44495721681675915,0.0,0.20481358363569985,-0.19786926988857748,0.6824874662366599,-0.06614603164408994,-0.16255189120712063,
at,0.6286582358896224,0.40863432070773326,0.5644753609869236,-0.6389172598080541,0.5606679169737154,-0.6353007655610493,-0.690388830059949,-0.5487445989082821,
pt,0.5245925918745358,0.4214687619076723,-0.6193413271609824,0.6863614117345614,-0.2506795176181683,0.6220432607313516,0.5126445322841807,0.5864140268093908,
rs,0.5244355657379108,-0.01940845423251707,-0.5762968618030865,-0.5418119427734632,-0.6283424448296977,0.6130351442326457,-0.6356812099340311,0.5502089610790899,
tq,-0.09968755567467547,0.670520318897938,0.0,0.5565012565217206,0.521667417493419,0.2695317517720051,0.534361642616994,0.2953167119635113,
tw,0.6910690908172981,0.6929944488408006,-0.6504284189541126,0.6276673616838588,0.5565477715084357,-0.5665554588103028,-0.5910079811580908,0.696794752798601,
1,0.0,0.0,0.0,0.0,0.0,0.0,0.0,0.0,
0,0.0,0.0,0.0,0.0,0.0,0.0,0.0,0.0,
