,ty,at,pt,rs,tq,tw,1,0,
ty,0.0,0.03066759910007073,0.0,0.0,0.0,0.0,0.0,0.7618809477270182,
at,-0.6832407422551233,0.3539231920848696,0.0,0.0,0.0,0.0,0.0,0.0,
pt,0.11961887878855544,0.0,0.0,-0.6580146005500096,0.0,-0.6716309880169382,0.0,0.0,
rs,0.0,0.0,-0.7492106465073592,0.0,-0.7475618729914365,-0.7213714875665546,0.0,0.7555651385591978,
tq,0.0,-0.7176301767718171,0.0,0.0,0.7135726919006976,-0.5379537891656576,0.1075681050224172,0.0,
tw,0.0,0.0,0.0,0.0,0.714798958545357,0.0,0.0,-0.6886763459665948,
1,0.0,0.0,0.0,0.0,0.0,0.0,0.0,0.0,
0,0.0,0.0,0.0,0.0,0.0,0.0,0.0,0.0,
