,ty,at,pt,rs,tq,tw,1,0,
ty,0.0,-0.6712925607471177,0.0,0.0,-0.4575072522749951,0.0,0.0,0.8367211446326177,
at,0.0,0.0,0.7043584822082141,0.7629130410448913,0.765879885004028,-0.7673596712882018,0.799192599453074,0.7674942677090948,
pt,0.4137081263570857,0.7894180233527726,0.7393538187528735,-0.7734337699285807,0.08999655822635255,0.7932012087727286,0.8387595439192851,0.0,
rs,0.3631795373427309,-0.8065340620200216,-0.7517767072190795,0.0,0.6429878588704463,0.833748190356523,0.0,0.0,
tq,-0.3711415087920909,0.0,0.0,-0.7450446408698392,0.0,0.7552298425477649,0.0,0.0,
tw,0.0,0.0,0.8107676392288348,0.7017470020086899,-0.8066659417291989,0.0,0.0,0.7310996902001904,
1,0.0,0.0,0.0,0.0,0.0,0.0,0.0,0.0,
0,0.0,0.0,0.0,0.0,0.0,0.0,0.0,0.0,
