,ty,at,pt,rs,tq,tw,1,0,
ty,0.0580952635801797,0.0,-0.4854950823672476,-0.010798928071076342,-0.07931575534624627,0.5712586244635526,-0.5457194177556666,0.0,
at,-0.5120594123696194,0.0,0.4418245003496337,0.6416280664606508,0.6308053944446026,-0.6238089575693359,0.6203875475654941,0.32541999307754904,
pt,0.0,0.0,-0.6530199343020425,0.0,0.06586516382896858,-0.02010925386923022,-0.005451457089288595,0.6817873457994345,
rs,0.6161493930369148,-0.5443060290673272,-0.14267742652570944,0.5857122812994552,-0.5901624108780823,0.28839400093834067,-0.4395555892168168,0.6494844442527153,
tq,0.6771279010140349,0.0,-0.6358674361967319,-0.0016688980311428058,0.522193009626392,-0.673154726575587,0.0,-0.5649031215086506,
tw,-0.40018495283280414,-0.4252222801151583,0.579155582543071,-0.4456784066057713,0.43168018659,-0.5816221846351447,-0.4610417187868042,-0.4311244938670166,
1,0.0,0.0,0.0,0.0,0.0,0.0,0.0,0.0,
0,0.0,0.0,0.0,0.0,0.0,0.0,0.0,0.0,
