,ty,at,pt,rs,tq,tw,1,0,
ty,0.0,0.12879377078502594,0.0,0.520516584522887,-0.043600845812553135,-0.5323716117246199,-0.3499009836146158,0.07327807901333634,
at,0.26983031402814917,0.4947340373602811,-0.1897242985767567,-0.43405767162308356,0.5933377656633538,0.5713879957817785,-0.1223225351858187,0.0,
pt,0.46488263406576774,0.3520041224142407,0.0,0.181736015690031,0.0,-0.20022429653366086,-0.24769161259402253,0.0,
rs,0.0,0.5102710654946196,-0.5546322277606323,0.0,0.0,-0.37419636742665885,-0.26993419777887817,-0.09659439894274169,
tq,0.0,0.6870265644065191,0.42101569867154154,0.008706526143124801,0.0,0.4582303430237874,0.0,-0.015251978309670903,
tw,-0.36865200628658207,0.6865493969494669,-0.13804196772358096,-0.5759087885649312,0.0,0.0,-0.3216423133034457,-0.4861962107925321,
1,0.0,0.0,0.0,0.0,0.0,0.0,0.0,0.0,
0,0.0,0.0,0.0,0.0,0.0,0.0,0.0,0.0,
