,ty,at,pt,rs,tq,tw,1,0,
ty,0.0,0.0,0.0,0.5177897405930599,-0.6956083800855725,0.5909171001095642,0.0,0.4970171833467117,
at,-0.031276114649827415,0.0,0.2996346599871425,0.0,0.23745300570892952,-0.6450291467578756,0.13650538149987393,-0.11828819139708173,
pt,0.693475185706484,-0.40329766842426057,0.0,0.0,0.3363994158742303,-0.5812205296938021,0.0,0.0,
rs,0.6718237033035951,-0.22337954303447538,0.35565772412167707,0.0,0.0,0.0,-0.3333698987795395,0.0,
tq,-0.597819382465799,-0.7435025744223108,-0.6845667862082051,0.5839663574798646,0.0,-0.4382022552107195,-0.11063341976088255,-0.6947992600478211,
tw,0.5328965760116806,-0.1278054229821623,0.50116253247435,-0.34305860472111493,0.0,0.0,0.0,0.0,
1,0.0,0.0,0.0,0.0,0.0,0.0,0.0,0.0,
0,0.0,0.0,0.0,0.0,0.0,0.0,0.0,0.0,
