,ty,at,pt,rs,tq,tw,1,0,
ty,0.0,-0.675406728523835,0.6632562955234544,0.3863822939484939,0.21073032066657485,0.1676400470622233,0.3940412188627501,0.5591074766351783,
at,0.0,0.0,0.6939462865311588,-0.6328432127550383,0.0,-0.5837933693173433,-0.28305570531930735,0.5244163779833557,
pt,-0.698110826670196,0.0,0.0,0.6642446139371513,0.47666112336625566,-0.3811699795839158,0.6781807173226146,0.0,
rs,-0.3841059181026212,-0.4147628602627223,0.0,0.6855366840949004,0.0,-0.381192322519898,-0.6946580613059319,0.6953917136694499,
tq,-0.34831197242379897,0.28308701623143206,-0.6414897913815236,-0.03022386238946101,0.0,0.0,0.43637780040690743,-0.5698971141681508,
tw,-0.33728325808696746,-0.4177621510924736,-0.6994896728329969,0.0,0.2643375196523364,0.0,0.0,-0.7010885228401841,
1,0.0,0.0,0.0,0.0,0.0,0.0,0.0,0.0,
0,0.0,0.0,0.0,0.0,0.0,0.0,0.0,0.0,
