,ty,at,pt,rs,tq,tw,1,0,
ty,0.0,-0.026026794304278778,0.722934925936815,0.0,-0.7374297613902376,-0.6946384420303026,-0.7369949737822683,-0.7211163278860104,
at,0.7369904544632554,0.0,-0.696254823109609,-0.4135722169748355,-0.7328215756182912,0.7464952420459571,-0.5207581253059883,-0.545912631054241,
pt,-0.47049054027398235,-0.22097802261831273,0.6691328376495502,0.5799028868294117,-0.1255267396783638,0.0,-0.7125436472864342,0.7279727826151403,
rs,-0.7345963216555561,-0.7421689990231887,-0.7197812488803984,0.0,0.722667464203491,-0.7373473117110471,0.6782901757257245,0.7323911664959378,
tq,-0.7492901009180473,0.7195355353876592,-0.7295618765507673,0.6793273764549768,0.0,0.7155019618036358,0.6816481642689578,0.7157783966352944,
tw,0.6099121771554109,0.7166404724296459,0.0,0.496795432235177,0.7239607149760097,0.697829611964395,0.0,-0.6928477884979761,
1,0.0,0.0,0.0,0.0,0.0,0.0,0.0,0.0,
0,0.0,0.0,0.0,0.0,0.0,0.0,0.0,0.0,
