,ty,at,pt,rs,tq,tw,1,0,
ty,0.0,0.672349822408412,-0.6353494544146472,0.629236772466639,0.0,-0.7129025315062968,-0.7236416438088658,0.0,
at,0.0,0.0,-0.4826292821827259,0.0,0.0,0.7337209256576042,0.0,0.0,
pt,0.6337376913327475,0.0,0.0,0.035797552554091006,0.0,-0.6736573400117979,-0.5205751314391683,0.0,
rs,0.0,0.0,0.726932421371551,0.0,-0.7359271415119139,0.0,0.0,0.0,
tq,0.11564138544899398,-0.6083239610631823,-0.7152123009858611,0.0,0.7281651706046312,0.5970441864988144,0.0,0.0,
tw,-0.6795602482156244,0.0,0.3333105515539126,0.0,0.7049818017420247,0.0,-0.6612910234932297,-0.6896381599137551,
1,0.0,0.0,0.0,0.0,0.0,0.0,0.0,0.0,
0,0.0,0.0,0.0,0.0,0.0,0.0,0.0,0.0,
