,ty,at,pt,rs,tq,tw,1,0,
ty,0.40335089996838763,-0.5355350582770272,0.08586228026603852,0.642177640737142,-0.13690681861049184,-0.6600036314272355,-0.171758865739588,0.6385019789195305,
at,-0.43810452300394903,0.6261066721095245,0.6665281669654808,-0.45654451664972134,0.6945355250114701,-0.6980517885714743,-0.6499661169622278,0.5980925967416076,
pt,0.3572874927804978,-0.6632376987329235,0.0,-0.6773349873130825,-0.2749470595182073,-0.6139496781282926,-0.6119800627302034,0.6062095404013651,
rs,-0.6728456538018441,0.6655340929684693,-0.6137881799213268,0.4492269850206096,-0.6629223083760357,-0.28056781911627654,0.15088534832895126,0.6426502625518808,
tq,-0.4679152614907574,-0.0941012110703485,-0.7062179957504429,0.0,0.43786781866171026,0.6585829110619978,0.7224979634616345,0.6971167119938502,
tw,-0.7087386915801024,-0.19846186416927797,0.0,-0.7246879960750072,0.6832148158602267,-0.6736903812679723,-0.08478759121370404,0.32747889214457054,
1,0.0,0.0,0.0,0.0,0.0,0.0,0.0,0.0,
0,0.0,0.0,0.0,0.0,0.0,0.0,0.0,0.0,
