,ty,at,pt,rs,tq,tw,1,0,
ty,0.709927738815964,-0.6056503539955255,0.6931381860019807,0.6022583451313478,-0.07041272368459464,-0.21443206750204688,-0.415186039943867,0.14236807237125584,
at,0.651982436787446,0.0,-0.7026230053321364,-0.25639541566306834,0.6353139853154893,-0.7019822417161259,-0.6256089190339771,-0.6987211414144102,
pt,-0.36191918187736305,0.2226248720628838,0.0,-0.6322815893209067,0.20115498537922283,0.37874971076929004,-0.6225422585114821,0.4593310857532171,
rs,0.7070160354555092,-0.53314230638259,0.6918766066839035,0.5499305633926802,-0.6386545856949594,-0.7197917194062267,-0.3934228968405086,0.06489531828785292,
tq,-0.6408836217542093,-0.7059246345250824,-0.6755840597962709,0.018513533771338082,0.6732984507273775,0.7044803535949474,-0.1545662925755922,0.6690032202487002,
tw,-0.6901486685166741,-0.7065208367492553,-0.24633278461713065,0.1671859598524388,-0.5306988629504028,0.6699673681403133,0.0,-0.549579973282885,
1,0.0,0.0,0.0,0.0,0.0,0.0,0.0,0.0,
0,0.0,0.0,0.0,0.0,0.0,0.0,0.0,0.0,
