,ty,at,pt,rs,tq,tw,1,0,
ty,0.0,0.0,0.33888448730099985,0.0,0.6776443636176392,-0.6101223809404472,0.0,0.6628657928229403,
at,-0.6242022751896775,0.0,0.0,0.0,0.0,0.0,0.0,0.0,
pt,0.5526132685134755,-0.6314377607120892,0.0,0.35792078189196547,0.0,0.0,0.5352051472050166,0.0,
rs,0.619235002749217,0.0,0.0,0.6689066060564854,0.0,-0.6126449921075208,0.0,0.6901144992344653,
tq,0.013132689017959614,-0.3516276546574619,0.692043522266457,0.0,-0.6305174655283473,-0.6731726175491268,0.2352212934494848,0.08433714590075596,
tw,-0.35841209828052945,0.0,0.0,0.0,0.0,-0.5663565272958633,0.6717277176143651,0.0,
1,0.0,0.0,0.0,0.0,0.0,0.0,0.0,0.0,
0,0.0,0.0,0.0,0.0,0.0,0.0,0.0,0.0,
