,ty,at,pt,rs,tq,tw,1,0,
ty,-0.6464712029167334,-0.5037145328339124,-0.6434802596393708,-6.761019390166483E-4,0.565659547799478,-0.10921048682845277,0.7192442181066463,-0.7193507304386831,
at,0.6078798766884929,-0.5684084134027196,0.478177300438364,-0.49363261938647934,0.11445495880228235,0.492613683155361,0.0,0.6666193042387144,
pt,0.6291699443048477,0.7364009823092933,-0.557472508168152,0.6439811758604671,0.2779163431097342,-0.5273342577834488,-0.5356380386532552,-0.17877616736168894,
rs,-0.7276984702685161,-0.693641710920094,-0.02129577150263553,0.0,-0.4472327819164003,-0.7484027627883546,-0.5491199990717804,0.6584146321215474,
tq,-0.47893619487571915,-0.4694964476806684,-0.6859120865298348,0.15062166748582026,0.0,0.4734186971067182,0.5636298211017664,0.012043228119404198,
tw,0.5751354621652085,-0.4922913911586464,-0.25884640213676546,0.15963339982694638,0.49540885778161164,0.5696870776244294,0.3509773406275318,0.318078801785006,
1,0.0,0.0,0.0,0.0,0.0,0.0,0.0,0.0,
0,0.0,0.0,0.0,0.0,0.0,0.0,0.0,0.0,
