,ty,at,pt,rs,tq,tw,1,0,
ty,0.07200923215082262,-0.5373033032683286,0.6868554403590736,0.279435812040821,-0.7236985004124623,-0.7121523102609724,-0.48275899546633444,0.6078853072842955,
at,-0.4328837945944723,-0.7208955252300429,-0.7400536704946047,0.5723553560055337,-0.6568741979922612,0.5766661413144297,-0.22538725789863148,-0.6763483901952436,
pt,0.7184726702926061,0.6582809909467079,-0.4861654765577503,-0.693499373923117,-0.07437925008445333,-0.7472634904944546,0.6019047574848582,-0.37129228883426246,
rs,-0.6909692235060808,0.716986178381477,-0.6846511446743361,0.7409893238528614,-0.7256375909683378,-0.42699123205460066,-0.6730997792052694,-0.4357578220399681,
tq,-0.37280177435983824,0.5883413779482195,-0.7432443263051335,0.11974957098316598,-0.727828736595483,0.4512821295762466,0.4567676478279837,0.7424298958382928,
tw,-0.7219741193365209,0.1348210116339993,-0.7129440260247424,0.3030201412384559,0.635307740001552,0.6867670148221996,0.7490572458189267,-0.6826994677901808,
1,0.0,0.0,0.0,0.0,0.0,0.0,0.0,0.0,
0,0.0,0.0,0.0,0.0,0.0,0.0,0.0,0.0,
