,ty,at,pt,rs,tq,tw,1,0,
ty,0.0,-0.13397078681960958,0.6579530895938077,-0.07473865911587653,-0.554226561073694,-0.6449566726623411,-0.16040631992448195,0.7133090843748975,
at,-0.1622267078787861,0.0,0.5538707052670276,0.0,0.7547151476590129,0.0,-0.7452797335625785,0.0,
pt,0.0,-0.7287269000132788,0.7185733488382843,0.6109559537806666,0.5414590718812873,0.0,0.7397697038300771,0.7534767215373461,
rs,0.0,0.6958020921430308,0.0,0.0,-0.7467443958523365,-0.3079140431470062,0.0,0.7196462127867453,
tq,0.0,0.0,0.0,0.0,0.0,0.7560539237301245,0.0,0.4792116515031597,
tw,0.30281781070142955,0.0,0.0,0.1502421257669801,0.6933471431263152,0.0,0.7511043998569001,-0.5174218183163138,
1,0.0,0.0,0.0,0.0,0.0,0.0,0.0,0.0,
0,0.0,0.0,0.0,0.0,0.0,0.0,0.0,0.0,
