,ty,at,pt,rs,tq,tw,1,0,
ty,0.0,-0.44089368521646555,0.5362973530148856,0.6411403960586958,0.48659196926462256,0.22461982914952316,0.5530276314900718,0.5762938698416559,
at,0.0,0.0,0.2676956870628885,0.517941251517226,0.0,0.40154128300509223,0.010724320621948037,-0.25986978132761374,
pt,-0.661634450684026,0.0,0.0,-0.017559952835717006,-0.0020169791000403865,0.4991841795991982,-0.5384878428819064,0.0,
rs,0.523116552959052,-0.7128603029480636,0.0,0.4792445907455476,0.0,-0.6126418946713964,0.5872703202165825,0.6994383983357059,
tq,0.17621110454083272,0.5046149911949179,-0.651947727172984,-0.686343306287048,0.0,0.0,-0.5330923234828459,-0.5039921263908025,
tw,-0.5833690058884676,0.4551244660116509,0.34814195289067795,0.0,-0.5380190854388285,0.0,0.0,-0.4295237224737857,
1,0.0,0.0,0.0,0.0,0.0,0.0,0.0,0.0,
0,0.0,0.0,0.0,0.0,0.0,0.0,0.0,0.0,
