,ty,at,pt,rs,tq,tw,1,0,
ty,0.0,-0.3533653189701875,0.0,0.4050578491168994,-0.12669575790588608,0.5473804567054077,-0.3884546074777508,-0.571961445640861,
at,-0.37345629284078263,-0.3622822082385879,-0.4387945673652432,0.0829263393492197,0.6538058315494562,-0.6023545857684394,0.6325067747833437,-0.6211121602827403,
pt,0.2899424328003737,0.7064819197702163,0.11410050668282858,0.7021489241947241,0.2654802088119494,0.4824834229281327,-0.11708415654783656,0.5542697205533041,
rs,-0.584363305049845,0.38147148448623536,-0.7087759971806269,0.7189728534284747,-0.6420535463115629,-0.653146034194862,-0.7049317020417193,0.7049823923832214,
tq,-0.5073209823707758,-0.35760215923280203,0.0,-0.46699052812586045,0.6094374345690676,-0.6904154314943103,0.28076501082369326,0.2159975142140389,
tw,0.705986258855567,0.47718812177898445,-0.6232546251532866,-0.2603375189458616,-0.3497834352692847,-0.713137004119027,0.6979258785551722,0.09812496640001493,
1,0.0,0.0,0.0,0.0,0.0,0.0,0.0,0.0,
0,0.0,0.0,0.0,0.0,0.0,0.0,0.0,0.0,
