,ty,at,pt,rs,tq,tw,1,0,
ty,0.0,-0.693369384713432,0.0,0.07958572483652619,0.02637274567190293,0.0,0.0,0.0,
at,0.0,0.0,0.0,0.25412946456235547,-0.1251471960952538,0.0,0.13696074913671258,0.0,
pt,0.0,0.0,0.0,0.0,0.6486147441438709,0.5276043729220347,0.0,0.0,
rs,-0.4310335341719079,0.02967369003993278,-0.5539784532258534,0.0,0.0,0.0,0.0,0.6627482066275844,
tq,0.0,0.0,0.0,0.13279070584864894,0.0,-0.19285909030841278,0.06486889501596366,0.0,
tw,0.0,0.0,0.0,0.0,0.0,-0.26065168997093324,0.4787361067812076,0.0,
1,0.0,0.0,0.0,0.0,0.0,0.0,0.0,0.0,
0,0.0,0.0,0.0,0.0,0.0,0.0,0.0,0.0,
