,ty,at,pt,rs,tq,tw,1,0,
ty,-0.6630557311954964,0.0,-0.25946979655120356,0.0,0.7030725229222714,0.0,0.0,0.7263445083599481,
at,-0.5051636598318872,0.0,0.0,0.04758312384512084,0.7147435211938721,0.5872323305104711,-0.7484568717632731,0.0,
pt,-0.08939568212324794,-0.7300504220622113,0.6051464553923019,0.6016957532583813,-0.7682009052321648,-0.7270814471784339,-0.6970643489239527,-0.7131482682821834,
rs,-0.7183041620148782,0.4343338667677379,-0.7405598479256047,0.0,-0.7128701875024006,0.7425239636965757,0.0,0.6592639358360327,
tq,0.0,-0.7130369699864947,0.7251587659634877,0.0,0.0,0.762005839609891,-0.6417082078502118,-0.721901414199789,
tw,0.49087712957915813,0.7224298934011264,0.7420010224542744,0.0,-0.706054460374048,-0.678656467735227,0.0,0.6130269885842627,
1,0.0,0.0,0.0,0.0,0.0,0.0,0.0,0.0,
0,0.0,0.0,0.0,0.0,0.0,0.0,0.0,0.0,
