,ty,at,pt,rs,tq,tw,1,0,
ty,0.0,-0.335189546121226,0.0,0.0,0.0,-0.5657799695512302,-0.5511903150605476,0.0,
at,-0.5932538009874273,0.0,0.0,0.1478326191907352,0.0,0.0,0.0,0.0,
pt,0.0,0.39328221387173173,0.0,0.0,0.0,-0.3377843582683595,0.0,0.0,
rs,0.0,-0.6529126553887915,0.0,0.0,0.0,0.0,0.0,0.36493013260676704,
tq,0.0,0.5118540256544761,0.0,0.24592198283386274,0.0,0.3725790375598157,0.0,0.0,
tw,0.0,0.0,-0.3842473191285155,0.0,-0.6318459610499986,-0.4159322464426377,0.48860511987403177,-0.42644065661925934,
1,0.0,0.0,0.0,0.0,0.0,0.0,0.0,0.0,
0,0.0,0.0,0.0,0.0,0.0,0.0,0.0,0.0,
