,ty,at,pt,rs,tq,tw,1,0,
ty,0.0,0.47741909475302413,0.43142937877650595,0.6269955911249817,-0.5495929461455851,-0.6525474706072895,-0.6078785287914277,-0.5398882829626311,
at,0.45849644127840317,0.5794129430574781,-0.43165378632051093,-0.5160502331987608,-0.5987252136560534,0.532186012729587,0.6136642854388029,-0.5043761095060454,
pt,0.2148623549289002,-0.6720801767257091,0.2561610954599704,0.6629517939141404,-0.41369981584984533,-0.658523184247519,0.2842714680778078,0.562964757815069,
rs,-0.6166290062979118,-0.5325316270962555,-0.6010251347808646,0.6533207703882076,-0.5435008385612701,-0.6013884515555342,-0.610886660461274,0.672216191464148,
tq,-0.6029634698143338,0.49993285881943667,-0.6100766424320175,0.09670156649976461,0.5595162368985073,-0.5741019796308712,0.6282526883097568,0.6216225048498043,
tw,-0.48848398243878227,-0.461177966089657,0.46047454664611603,-0.5274393863634743,-0.7140647148218641,0.0,0.5450783879354154,0.0,
1,0.0,0.0,0.0,0.0,0.0,0.0,0.0,0.0,
0,0.0,0.0,0.0,0.0,0.0,0.0,0.0,0.0,
