,ty,at,pt,rs,tq,tw,1,0,
ty,-0.6448010322716077,-0.6184916160317906,-0.18563272101515207,0.08835841452191735,-0.3360272875552829,0.07046007466915649,0.7025887623475782,0.7549885219273793,
at,-0.00966004513630034,-0.20536809482913326,0.6625465552040618,-0.5761794700491804,-0.014049897963910636,-0.6031744171765265,-0.151857750084647,0.4009906584950819,
pt,-0.617866770607002,0.4678991395794129,-0.5333532016300484,0.030794270199747703,0.5673664018798013,-0.6809085262135193,0.2602189551510927,0.6658812198516684,
rs,0.09554113358007935,-0.3791392428719175,0.7075444763164546,-0.3658659290316461,-0.3127778650125727,-0.47340409241530856,0.03339537344425932,-0.24865846091768087,
tq,-0.09661686772223305,-0.6743838430613913,0.6190297525454082,0.6466235577835219,0.3891287413128817,0.7793725206876245,-0.21133999703350576,-0.46172535230239053,
tw,-0.16005021039415274,-0.043545370764750936,0.4668796556833129,0.7673703312031626,0.6173174819061878,-0.04838332030793208,0.5749766272646293,0.7318515254190107,
1,0.0,0.0,0.0,0.0,0.0,0.0,0.0,0.0,
0,0.0,0.0,0.0,0.0,0.0,0.0,0.0,0.0,
