,ty,at,pt,rs,tq,tw,1,0,
ty,0.0,0.6538272083384372,0.0,0.0,0.0,-0.6596507482697878,-0.2811503176683533,0.0,
at,0.18663323231669376,0.0,0.0,-0.0657099255265157,0.0,0.0,0.0,0.0,
pt,0.0,-0.4576577324292399,0.0,0.0,0.0,-0.008703380008464164,0.0,0.0,
rs,0.0,0.6565783628477687,0.0,0.0,0.0,0.0,0.0,0.4767310768955636,
tq,0.0,-0.64298035263855,0.0,0.463925302511533,0.0,0.686008636412403,0.0,0.0,
tw,0.0,0.0,0.3579913488457752,0.0,0.6542244589711559,-0.24810534753241031,0.596310478640325,-0.16212321350118858,
1,0.0,0.0,0.0,0.0,0.0,0.0,0.0,0.0,
0,0.0,0.0,0.0,0.0,0.0,0.0,0.0,0.0,
