,ty,at,pt,rs,tq,tw,1,0,
ty,-0.49504902556630453,-0.580647251952844,0.3862016368176751,0.6370267329542987,0.6970602279440155,-0.6631146991005347,0.0,0.695377326080887,
at,-0.6807972498923124,0.0,0.6550314875327329,0.6059017696324531,0.6977559047593929,0.0,0.2959570636609605,0.6401137958112312,
pt,0.0,-0.4240065846891186,0.0,0.0,0.5379639102068455,-0.48917576637620747,0.0,0.0,
rs,0.0,0.6374063610552217,-0.6036256752506575,0.0,-0.6921011041497023,-0.015191093429635809,-0.6674890940733963,0.0,
tq,-0.6910914135755545,0.0,0.6937935562134167,-0.5624944252558798,0.0,0.0,0.0,-0.09161129525256519,
tw,-0.5239366075255412,-0.6329260971991252,0.0,0.0,0.0,0.0,0.6641747016954097,0.0,
1,0.0,0.0,0.0,0.0,0.0,0.0,0.0,0.0,
0,0.0,0.0,0.0,0.0,0.0,0.0,0.0,0.0,
