,ty,at,pt,rs,tq,tw,1,0,
ty,-0.04233508245101911,0.0,0.3215787170767887,-0.6243035047748091,0.0,0.0,0.0,-0.4672475220228474,
at,0.24731700347127583,-0.15085120092216037,0.0,0.0,0.15531178734902926,0.0,0.0,0.0,
pt,0.0,0.0,0.0,0.536486281962298,0.0,0.6095657004573727,-0.6852306366591095,0.0,
rs,0.5140702744502958,-0.0672383747497135,0.0,0.0,0.0,0.0,0.7619373930288031,-0.5988546370573947,
tq,0.0,0.0,0.0,0.0,0.0,0.0,0.0,-0.43021716920974973,
tw,-0.3418555222193435,0.0,0.0,-0.517433767554932,0.0,0.0,0.0,0.0,
1,0.0,0.0,0.0,0.0,0.0,0.0,0.0,0.0,
0,0.0,0.0,0.0,0.0,0.0,0.0,0.0,0.0,
