,ty,at,pt,rs,tq,tw,1,0,
ty,0.5658258490286058,-0.6445292726106124,-0.649400823027818,-0.6768009333705343,-0.1805377104969703,0.23048638363165677,-0.5502903394482078,0.5473752966747161,
at,0.5649417042228823,0.3465051862301262,0.590573098026124,0.5653014732925457,0.6420203818213508,0.544538497011568,-0.6821611967628215,0.6841777564860637,
pt,0.6376902399076726,-0.5298586851426204,-0.616310712473358,-0.6577774556353915,-0.3294450573408879,-0.5865747452697732,-0.6855977306770513,-0.5980978209944939,
rs,0.6815497348865572,0.24703792569823343,-0.45188089756481187,0.45741539619240984,-0.5994778600324893,-0.5328567583686697,-0.10086354928222077,-0.5061082675581059,
tq,0.5123712744524411,0.6289039006178505,0.48488863734937215,-0.6194791743110319,0.6586401275564414,-0.5650266998074934,0.641397854778079,-0.6199113258015609,
tw,0.538292102026051,-0.6843579577476872,-0.5542537744834313,-0.5502093796602245,0.5054837526351031,0.6994877153120977,0.6211040590913847,0.5265148407128103,
1,0.0,0.0,0.0,0.0,0.0,0.0,0.0,0.0,
0,0.0,0.0,0.0,0.0,0.0,0.0,0.0,0.0,
