,ty,at,pt,rs,tq,tw,1,0,
ty,-0.6447287033989568,-0.23361936739447528,-0.032506436901571886,-0.0993909044332783,-0.6957611096234619,-0.05200204888008136,0.10808550200707731,-0.48457605923245256,
at,-0.07636886505356726,0.6303447839645431,-0.462511352461276,0.5300246421550827,-0.4390162274808797,0.6069602262449786,-0.4769144035224896,-0.5076562034511684,
pt,-0.1340691568087727,-0.6396823807705811,0.15052467750265744,0.628378113008282,0.5336144707014543,0.5099404367634007,0.24860240057058203,0.42998029114456066,
rs,-0.622837927840779,-0.6172281968621814,-0.3312262940417343,-0.6476135595473093,0.10637597067193233,-0.5817224100801106,-0.5853958940808416,0.35978576620971703,
tq,0.154089400195356,0.593094958138936,0.19561030900321022,-0.39449607146152615,-0.5425657445040183,0.6831589026193615,-0.5562160138899728,-0.5923002101437393,
tw,-0.5985562364866867,0.6366936164658005,-0.03330754809687555,0.5280533111583691,0.610178390483988,0.22278228830898547,0.02015468323572099,0.19050019843594065,
1,0.0,0.0,0.0,0.0,0.0,0.0,0.0,0.0,
0,0.0,0.0,0.0,0.0,0.0,0.0,0.0,0.0,
