,ty,at,pt,rs,tq,tw,1,0,
ty,0.7146246603043822,0.684749201096492,-0.656592069410296,-0.6941181356422367,-0.7067780537158082,0.0,-0.7033753171658215,-0.07832875340547359,
at,-0.39230330290218624,0.0,0.2866370995767491,-0.6420515634892119,0.6718542844613719,-0.13580589250891856,-0.13194906147402355,0.0,
pt,-0.6718804859210732,-0.6579968639478416,0.5478880532384666,-0.6813013581817629,-0.15494917766572805,0.3998172445830571,0.39554696333488454,0.6674022508137504,
rs,-0.27001412562744537,-0.5680594895836958,-0.3965099855089175,0.10352255373391818,-0.6511935645096673,-0.6524642893088425,-0.6408832142918152,0.6935163363459247,
tq,-0.6077111183025212,0.5611661563715391,-0.4568728440526911,0.4310731745137904,0.6840518666599079,-0.6245809493921133,0.45376409793929734,0.30393564653553756,
tw,0.6974862356955834,0.6377593924959618,0.6816751827487963,0.18730559936277813,0.5030300409523065,0.15509605385116695,0.6333921200788737,0.5630380624978661,
1,0.0,0.0,0.0,0.0,0.0,0.0,0.0,0.0,
0,0.0,0.0,0.0,0.0,0.0,0.0,0.0,0.0,
