,ty,at,pt,rs,tq,tw,1,0,
ty,0.0,-0.2564060609183187,0.0,0.7023603864429747,0.18517201784629692,-0.6918637368384939,0.3685970421810662,0.0,
at,0.0,0.0,0.0,0.0,-0.06707080863318321,0.0,-0.6760280309237312,-0.5502227322790145,
pt,-0.31214513371342506,0.2276421741242135,0.0,0.5713262037534936,0.494365177128508,-0.5809620017603293,-0.23026594214465387,0.42901343651904544,
rs,-0.6661690553822892,-0.2433391055142181,-0.48426895081470944,0.6870331838758958,-0.5256683631571519,0.4783492565621772,-0.6601542542723419,-0.35219254272196215,
tq,-0.41661708807887354,-0.693462708966166,0.0,0.0,0.7042881815545877,0.63666793498543,0.7087796465932766,-0.6678838519064768,
tw,-0.6751545445142069,-0.38988397430427024,0.0,0.0,0.3101477288559267,0.46623236036714133,-0.6890422356874396,0.0,
1,0.0,0.0,0.0,0.0,0.0,0.0,0.0,0.0,
0,0.0,0.0,0.0,0.0,0.0,0.0,0.0,0.0,
