,ty,at,pt,rs,tq,tw,1,0,
ty,-0.14674285840602588,0.09671802004935354,-0.6447019014535195,-0.18620334937764343,-0.30715184390457345,-0.40982889784963744,-0.6890709850768065,-0.22990430692170527,
at,0.2226800893069116,0.6888624347124949,-0.5171781634660054,0.26198411044407305,0.254972583681078,-0.4882390254102594,0.4888997972088394,0.40074539163514505,
pt,0.4287687176643275,-0.2995578532379732,-0.36269609637726663,0.4973752821172774,0.010107032613129813,0.7003582297677273,-0.7068052117128744,0.4412753549708347,
rs,-0.4498058494665112,-0.6816035499816022,-0.6163530216192824,0.6082557671594403,-0.35856330030065925,-0.3136701992360142,-0.09306485480443233,0.09152699660975278,
tq,0.4553136581817821,0.33696363751065217,-0.1902648084015713,-0.3401937321047604,0.6512815225358982,-0.6622203484528609,0.5978384239240633,-0.661538110016346,
tw,0.4167719669829996,0.6654986617469068,0.5310144492141695,0.4756336524959756,0.3698234872433293,0.6844768977063845,-0.415389505993845,0.4568076459707338,
1,0.0,0.0,0.0,0.0,0.0,0.0,0.0,0.0,
0,0.0,0.0,0.0,0.0,0.0,0.0,0.0,0.0,
