,ty,at,pt,rs,tq,tw,1,0,
ty,0.5741447310601452,0.3642391400369867,-0.6953555346988342,-0.6810087285133005,-0.4678488310715857,0.0,0.511303617134331,0.6261675476653027,
at,0.6689465603812627,0.0,-0.5645650392157241,0.7335525664710852,0.7288099678976953,-0.57736865133992,-0.6559099699168366,0.0,
pt,-0.7510734465389974,0.667984815122108,-0.6664257884259913,-0.7054419680536098,-0.47356366432971675,-0.6115170345261742,-0.7327942457504062,-0.7376274999817087,
rs,-0.7003950260325602,-0.12250342872939564,-0.46058724868054757,0.7069577769049515,-0.6776533239985227,0.5372600700020802,-0.6699918615747568,0.5717672260852565,
tq,-0.13597523806784603,-0.7347424379542833,0.5355699334048536,-0.032622621056621046,0.7349174668375631,0.7148198431920781,0.6722742100083088,-0.7238286761430243,
tw,0.4639489476897046,0.6683666421633337,0.0065105504876134404,0.6596752662599359,0.6046743433684986,0.6177062997039781,-0.6451104213281311,-0.7279839727716256,
1,0.0,0.0,0.0,0.0,0.0,0.0,0.0,0.0,
0,0.0,0.0,0.0,0.0,0.0,0.0,0.0,0.0,
