,ty,at,pt,rs,tq,tw,1,0,
ty,-0.6678057555136802,-0.02427510189291439,-0.3671881548907823,-0.7087187225751214,-0.5731179439501829,0.624504487551991,-0.5300683882790048,0.5901040216543999,
at,-0.505120165805529,0.7091595798550999,-0.5626186767281149,0.514264316525887,0.5231506755247372,-0.6399916891208954,0.7148079510746016,0.6759182858103953,
pt,0.43144449479190705,-0.5952970751005263,0.5834908365421702,-0.6727470999148676,-0.5671097913906424,0.7276590983104723,0.7058057149633035,0.7157055233933706,
rs,0.6949444045648143,-0.6849045124527106,-0.7174001997890423,-0.21617700158678402,-0.7017188747390459,0.6854998662960885,-0.6424992309418656,0.5333815704747916,
tq,-0.6865434523012599,0.7233684556424377,-0.7233963623321035,-0.6272248295858665,0.6392366562576826,0.5020979277835825,-0.5980382378728486,-0.6220148891647204,
tw,0.7192458373747384,-0.11388364267726757,-0.19131083158961631,0.6649153534963052,0.6624763308990479,-0.521506046943204,-0.37975590769995565,0.7183258557311282,
1,0.0,0.0,0.0,0.0,0.0,0.0,0.0,0.0,
0,0.0,0.0,0.0,0.0,0.0,0.0,0.0,0.0,
