,ty,at,pt,rs,tq,tw,1,0,
ty,-0.03052766900102049,0.0032230928758287666,0.050373823213049264,0.21973908954421978,-0.09992278196181184,-0.09840129575767158,-0.2855473830566946,0.2170959869628094,
at,0.3853568742441474,0.5753710647894377,0.4243012849205047,0.11560266873539678,0.515131726579144,-0.6735060021219512,-0.22030475731906635,-0.254743519423939,
pt,-0.6081329387081541,-0.47778818617861163,0.01257866254581894,0.07121675021634283,-0.07502769283214329,0.5474231254294276,-0.6032725034362009,-0.6074487039774147,
rs,0.20421103000313215,0.37845929149126906,0.5414059502648972,-0.2093516886583449,-0.557225254684901,-0.6334895226857541,-0.607161203224956,0.5939466495921025,
tq,-0.5290773570474971,0.3943613768616507,0.6278885850182208,-0.39333926238387534,0.5315254707971808,-0.033227600886695546,-0.5540874133084471,-0.6058460898095568,
tw,0.6029698213286652,-0.287554537396706,0.23793994277774969,-0.5489276067090564,0.1319467311058762,0.6218448207686355,-0.07272531462141539,-0.09312735828753073,
1,0.0,0.0,0.0,0.0,0.0,0.0,0.0,0.0,
0,0.0,0.0,0.0,0.0,0.0,0.0,0.0,0.0,
