,ty,at,pt,rs,tq,tw,1,0,
ty,0.6510159377021258,0.21052521303228328,0.4749926254490709,0.3507729402602751,-0.638848258913549,0.6520316850109543,0.4573087455265197,0.6577152583378731,
at,0.5623325596112457,0.6065814512814437,-0.630408229484965,0.506016718485374,0.2547905217089427,-0.3675059393916905,-0.6409253330296457,0.2763284238417817,
pt,-0.6656219992748437,0.5213116437193845,-0.6703872694293158,-0.6735590838742055,0.17487587850996503,-0.48916159840952383,-0.32086863374947894,0.47355013632797516,
rs,-0.4765070819410682,0.5871554761776281,-0.7044170512187055,0.7030445046676892,-0.25357742440638786,-0.4572595553598149,-0.05992079009933657,0.025382267079291126,
tq,-0.45784337523954827,-0.5494513497592276,0.6955132928057587,0.7029713405452117,0.6309630561198077,-0.18597629837603924,0.6756827282116369,-0.5519168916081083,
tw,-0.5948421127446594,-0.6748840109186528,-0.4589586184653046,-0.3412022887046799,0.6289741638232507,0.6026708747997093,-0.6171394216189279,-0.2820779283278411,
1,0.0,0.0,0.0,0.0,0.0,0.0,0.0,0.0,
0,0.0,0.0,0.0,0.0,0.0,0.0,0.0,0.0,
