,ty,at,pt,rs,tq,tw,1,0,
ty,0.0,0.7339645478214396,0.0,0.5479550913900856,-0.07124638971240005,0.0,0.0,0.0,
at,0.0,0.0,0.0,0.07957229190127994,-0.2774360490187013,0.0,0.21634282607804076,0.0,
pt,0.0,0.0,0.0,0.0,-0.10649668674422874,-0.3304845926784519,0.0,0.0,
rs,-0.5635734707753358,-0.7198010072269716,-0.38377997905034994,0.0,0.0,0.0,0.0,0.7012939704029084,
tq,0.0,0.0,0.0,0.05867089834919453,0.0,-0.7396615164124809,0.23553940283999567,0.0,
tw,0.0,0.0,0.0,0.0,0.0,0.5785154730685875,0.2698631208097331,0.0,
1,0.0,0.0,0.0,0.0,0.0,0.0,0.0,0.0,
0,0.0,0.0,0.0,0.0,0.0,0.0,0.0,0.0,
