,ty,at,pt,rs,tq,tw,1,0,
ty,0.5065613561533869,-0.43056050890732056,-0.26211935568360933,0.5673602076646537,-0.12180234093965696,0.3744378305654637,0.605138111841914,0.6440062686773946,
at,-0.4472402647440877,0.6543853447232484,-0.6905247633592364,-0.5336215309945609,0.5791412109192869,-0.2995963128425078,-0.5981227954909593,-0.5483615936513239,
pt,0.5700383841534659,0.6805649689472347,0.5079360442856197,-0.5175730238016089,-0.5089634133718592,-0.5364195011758223,-0.6766529651056513,0.4131526665727654,
rs,-0.6625124014658176,0.5719591684781383,-0.5082592362859644,0.6661907834848434,-0.6441978101457007,0.6347999434774384,-0.6258330214417904,0.5183939860144067,
tq,-0.6606742926778407,-0.5251988073775413,-0.6849922935696445,0.21413289709377975,0.6857145863824673,-0.6436423089624993,-0.6171780707690445,-0.692029051529516,
tw,0.4943306258408247,-0.6014345039460413,-0.6338502646233293,-0.6425929227998818,0.5544551995908567,0.3049766188521241,-0.5927206168911374,-0.4841859224447201,
1,0.0,0.0,0.0,0.0,0.0,0.0,0.0,0.0,
0,0.0,0.0,0.0,0.0,0.0,0.0,0.0,0.0,
