,ty,at,pt,rs,tq,tw,1,0,
ty,0.760239956246735,0.49505369669735705,0.7824039052539188,0.39923811199408127,-0.4101499968403317,0.23141300622672073,-0.43620392598075786,0.11482294913270885,
at,-0.6624379052629188,-0.7456668627928636,0.562631781886853,-0.21505400160181043,-0.7738127753451252,0.00986963531599264,0.4179645622694763,0.7118151593810847,
pt,0.1032413764983237,0.46252645443829704,0.6008344962033946,-8.088158234155054E-4,-0.7890242886679152,0.10740862062746627,0.4516600289905129,0.4152745491854743,
rs,-0.3523014259848138,0.67012030592906,-0.6119175784275591,0.5456318061808365,0.1911510162649963,-0.6698286086374702,-0.5210708692237822,0.7434991967885747,
tq,-0.3666234258701077,0.6126217217679201,0.6446625966418782,0.47299217848167235,-0.5926340397346216,0.6283668119958925,0.7820114075482016,0.4824358155096309,
tw,-0.439010937906502,0.40672494175782775,0.6372792399606059,0.08000774664941727,-0.7510985926777879,0.48223663280137674,0.5155338605825965,-0.5554173317327166,
1,0.0,0.0,0.0,0.0,0.0,0.0,0.0,0.0,
0,0.0,0.0,0.0,0.0,0.0,0.0,0.0,0.0,
