,ty,at,pt,rs,tq,tw,1,0,
ty,0.0,-0.3633330604088475,0.0,0.583677439326334,0.0,0.0,-0.4593566325189571,0.8393833795066142,
at,0.0,0.0,0.0,-0.6916954105054478,0.0,-0.6346112846515228,0.0,0.0,
pt,0.0,0.0,0.0,0.0,0.0,0.4533675544441604,-0.36211834556376704,0.0,
rs,0.0,0.0,0.0,0.0,0.0,0.0,0.4471024043464363,0.0,
tq,0.11547730870853651,-0.5490604469305294,-0.7680389118948161,0.0,0.0,0.5274243671008615,0.0,-0.5681677900989398,
tw,-0.22667529684373305,0.0,0.751215375276998,0.0,0.0,0.0,0.14645340566352794,0.0,
1,0.0,0.0,0.0,0.0,0.0,0.0,0.0,0.0,
0,0.0,0.0,0.0,0.0,0.0,0.0,0.0,0.0,
