,ty,at,pt,rs,tq,tw,1,0,
ty,0.0,0.0,0.0,0.0,-0.135149998378266,0.4686098479903382,0.0,0.0,
at,0.0,0.0,0.0,0.65969231274735,0.3878994692936434,-0.4288350707595299,0.0,0.0526772959490947,
pt,0.0,0.485521716674403,0.0,0.0,-0.08577660317491041,-0.5799836126233903,0.0,0.0,
rs,0.6118285611447732,-0.713145050718906,-0.701800139839862,0.0,-0.599670374133113,0.0,0.0,0.0,
tq,-0.5693250436632179,-0.6605213166310718,0.372781283826303,-0.47273227339622503,0.0,0.0,0.7182127919206397,0.0,
tw,0.0,-0.7259649945868488,-0.08013078695745188,0.19975911651650377,0.319008328580399,0.0,-0.6725893011512785,0.0,
1,0.0,0.0,0.0,0.0,0.0,0.0,0.0,0.0,
0,0.0,0.0,0.0,0.0,0.0,0.0,0.0,0.0,
