,ty,at,pt,rs,tq,tw,1,0,
ty,0.0,0.0,0.0,0.6696541351183659,0.0,0.6203152775569464,-0.08863786618769089,0.0,
at,0.0,0.0,0.0,-0.3067979811192681,0.4006644501143929,0.0,0.0,0.0,
pt,0.0,0.0,0.0,0.0,-0.12689973899737522,0.5197948094109807,0.0,0.32698874432957936,
rs,0.0,0.0,0.0,0.6994942674910973,-0.28173639100314085,0.0,0.0,0.0,
tq,0.0,-0.5844394313217842,-0.3953529411362871,0.534515104441381,0.0,0.6048963322768495,0.0,-0.40498001409336676,
tw,0.0,0.0,0.0,0.35614573906096264,0.7000104770466163,0.0,0.0,0.0,
1,0.0,0.0,0.0,0.0,0.0,0.0,0.0,0.0,
0,0.0,0.0,0.0,0.0,0.0,0.0,0.0,0.0,
