,ty,at,pt,rs,tq,tw,1,0,
ty,0.0,0.016406151528800376,-0.6957482682988175,0.0,0.0,-0.670919197838641,-0.7471315844014945,0.7018019933502098,
at,-0.7727630774414829,0.0,-0.033917242394310154,-0.7864921758094999,0.7566824779779437,0.0,-0.7906079176745978,0.0,
pt,0.7732732303156012,0.0,-0.7828175383642598,-0.7931801482455323,-0.5315548052805705,0.7916204057153781,0.0,0.7872061857226896,
rs,0.7815574267877305,0.0,0.792597660260653,0.0,-0.7681082552363065,-0.793021419807726,0.0,0.790292947349992,
tq,0.0815840329871015,0.7857144120648457,0.6691549438843096,-0.7180602258595769,0.561683603389376,0.7774257646553158,0.7827450299308158,-0.5603489171696944,
tw,0.0,-0.7919920769368683,0.11020459408989919,0.7511563114302534,0.5358310342777399,0.0,0.0,0.771789551480112,
1,0.0,0.0,0.0,0.0,0.0,0.0,0.0,0.0,
0,0.0,0.0,0.0,0.0,0.0,0.0,0.0,0.0,
