,ty,at,pt,rs,tq,tw,1,0,
ty,-0.5557565106009563,0.0,-0.6111778541488021,0.0,0.1262676201342271,0.0,0.0,0.6651484646916118,
at,-0.035809781942887225,0.0,0.0,0.12707934166966503,-0.34401128932527864,-0.018867123961450422,0.10320781649653908,0.0,
pt,-0.6386810436173412,0.46661116136290304,-0.5909037626121707,0.5136171391976282,-0.6417577104538904,0.07484765561689619,0.36839559922362725,-0.6543876716219524,
rs,-0.3754482512377436,-0.46136398620077207,-0.6504877696597521,0.0,-0.12151929808406582,0.1682643914725716,0.0,0.5814086110083371,
tq,0.0,0.19359398467560426,0.4129920939360747,0.0,0.0,0.39872007115418123,0.6218376075674292,0.1357437099404414,
tw,0.28077147792951523,0.6255967529091638,0.583612120423215,0.0,0.5533380708580248,-0.23442507096828585,0.0,0.36409698058618456,
1,0.0,0.0,0.0,0.0,0.0,0.0,0.0,0.0,
0,0.0,0.0,0.0,0.0,0.0,0.0,0.0,0.0,
