,ty,at,pt,rs,tq,tw,1,0,
ty,0.4263138000531702,0.0,-0.6061095685310656,0.276071870068042,0.0,0.0,0.0,0.28798734893492656,
at,-0.6903693143533384,0.2970790801719263,0.0,0.0,0.3942770427928188,0.0,0.0,0.0,
pt,0.0,0.0,0.0,0.6360359115858351,0.0,-0.48928980295090596,0.4945874399968323,0.0,
rs,-0.6925774496017637,-0.5508598296768082,0.0,0.0,0.0,0.0,-0.31456185588728697,0.5761363340994787,
tq,0.0,0.0,0.0,0.0,0.0,0.0,0.0,-0.6790398479063137,
tw,-0.29234192071286214,0.0,0.0,-0.2903232313501064,0.0,0.0,0.0,0.0,
1,0.0,0.0,0.0,0.0,0.0,0.0,0.0,0.0,
0,0.0,0.0,0.0,0.0,0.0,0.0,0.0,0.0,
