,ty,at,pt,rs,tq,tw,1,0,
ty,0.3505929051940778,0.7052626833685225,0.2702333394628439,0.4011630659724737,-0.5535691424420074,0.38484649513776414,-0.6234569158568781,0.0701094415715342,
at,0.3050784576777028,0.09589415505718703,0.4270721370919435,-0.7093487277913456,0.5630050912564398,0.706719575051697,-0.3342320166561656,-0.6966850534965625,
pt,-0.6540316302020752,-0.4570976876890746,-0.6889101619434931,0.6957540972706056,-0.28863032987374,0.5408273498751808,-0.7159404809528594,-0.6150319356377746,
rs,-0.3310846087308974,-0.7199038046601534,-0.7156936719379136,0.6284848555157619,-0.45679663126533676,0.6809748563980703,-0.3532733329201579,0.3018553778028344,
tq,0.3942600919049758,0.115719419709496,0.3711626090020337,-0.6777262112319128,0.6648997830661124,-0.6373257150283851,0.6680729697004196,0.4937984035970025,
tw,-0.7202273129239338,0.24020626218530078,0.20132787699050636,-0.38380467421947706,0.34936248297792644,0.591481895480131,-0.30807749362780695,0.3776227603863989,
1,0.0,0.0,0.0,0.0,0.0,0.0,0.0,0.0,
0,0.0,0.0,0.0,0.0,0.0,0.0,0.0,0.0,
