,feature,importance_mean,importance_std,val_imp_0,val_imp_1,val_imp_2,val_imp_3,val_imp_4
0,Toolwearmin,0.019877974449163373,0.001572221955035864,0.02075534496426612,0.02207120164802623,0.01729929499961158,0.019698367859891208,0.01956566277402172
1,TorqueNm,0.010387742651812503,0.0029063254555414886,0.007919765525560285,0.00770996937832924,0.014954958308517008,0.012670179282129546,0.00868384076452644
2,Type,0.010044336294736467,0.0026110916445227315,0.012812583838127112,0.009805561684199993,0.00905284589688482,0.012754069057417716,0.005796620997052693
4,AirtemperatureK,0.005879138720474941,0.0012378979616763464,0.005752934460521164,0.004097840642853123,0.005827258720252804,0.005729510325702236,0.007988149453045379
3,ProcesstemperatureK,0.0024533525125533195,0.0005736722546448781,0.0027118671419089635,0.0016906976875749047,0.002661959111272316,0.0019266416180403478,0.0032755970039700655
5,Rotationalspeedrpm,-0.006910789509156556,0.0011644241041988835,-0.008033936665274966,-0.008544811974535937,-0.00642446979309641,-0.005646830499095756,-0.005903898613779712
