Model,Toolwearmin,TorqueNm,Type,AirtemperatureK,ProcesstemperatureK,Rotationalspeedrpm
SVM,0.048552533,0.018295493,0.000704967,0.011254102,0.004393757,0.006629903
MLP,0.03412161,0.01639719,0.000755752,0.00221615,0.001540236,0.004136574
SGD,0.027344145,0.011458644,0.007378313,0.017621735,0.005295996,-9.55E-05
DT,0.026246137,0.008534053,-0.000513291,0.004397579,-0.000634019,0.00816134
NB,0.019877974,0.010387743,0.010044336,0.005879139,0.002453353,-0.00691079
KNN,0.013903974,0.007079123,-0.002323096,0.002146588,-0.000358754,0.002485354
LGBMC,0.001365947,0.00047382,1.82E-07,0.000193327,0.000474051,0.000651314
XGB,0.000736125,0.000320252,6.15E-05,0.000266097,0.000754205,0.00046795
