,feature,importance_mean,importance_std,val_imp_0,val_imp_1,val_imp_2,val_imp_3,val_imp_4
1,Toolwearmin,0.013903974350852532,0.0008896361332376564,0.01227238894032634,0.014825527595467514,0.013865938252582977,0.014564958918209303,0.01399105804767653
0,TorqueNm,0.00707912324301827,0.0009769377724107783,0.0064611586151807066,0.007374577628642909,0.0069288218271744695,0.008759221825538455,0.005871836318554813
5,Rotationalspeedrpm,0.002485354040965526,0.0016540644074813078,-0.0006103919943034608,0.0023736037803095966,0.004214262824662751,0.0032499221599682215,0.0031993734341905222
2,AirtemperatureK,0.0021465882378123744,0.003345422326013383,0.0031971953435925293,0.007489338179137994,0.0002255726105083733,0.0024223172614508126,-0.0026014822056278364
3,ProcesstemperatureK,-0.0003587539379003468,0.0016094353791210967,0.00012425692944184608,-0.000686542870743212,0.0002856578708857471,0.00167819882199427,-0.0031953404410803854
4,Type,-0.0023230957522727635,0.00182812591944973,-0.0002749386279695676,-0.0007659458572653044,-0.005275162169510739,-0.0018873182858735182,-0.003412113820744689
