,feature,importance_mean,importance_std,val_imp_0,val_imp_1,val_imp_2,val_imp_3,val_imp_4
1,Toolwearmin,0.0013659472181942079,0.0005025915678767761,0.001501572374618565,0.0007160411812580092,0.0009710749151928821,0.0014648445377269947,0.002176203082174588
5,Rotationalspeedrpm,0.0006513143804349752,0.00017439908494114648,0.00039052177824583367,0.0009156598852879672,0.000747323070150574,0.0006037643923395564,0.0005993027761509451
3,ProcesstemperatureK,0.00047405118668299997,0.000257875149779848,0.00036994676720181197,0.00010708290803251863,0.000904718129321358,0.0005130182411864359,0.00047548988767287526
0,TorqueNm,0.00047382022474540264,0.00020755064959910867,0.00024084865869089533,0.0004525768188538004,0.0008521182380818448,0.00048196289168056516,0.00034159451641990746
2,AirtemperatureK,0.00019332735935080337,0.00016241388358952726,0.0001867888257519601,0.00017981846820536163,0.00047218517751246303,-3.710509291610098e-05,0.00016494941820033304
4,Type,1.8167945954328245e-07,5.0706028788270506e-05,8.875494960203234e-06,-5.657210235598953e-06,-9.103827329914882e-05,6.0497434102080305e-05,2.8230951770180646e-05
