,feature,importance_mean,importance_std,val_imp_0,val_imp_1,val_imp_2,val_imp_3,val_imp_4
0,Toolwearmin,0.03412161004571401,0.01249729280537821,0.01981857681438315,0.045799965895104044,0.03216119196208922,0.05100175684548647,0.021826558711507182
1,TorqueNm,0.016397189897683996,0.0085626104495238,0.02017278974961012,0.009328335592176606,0.010239984980707995,0.010639078761206289,0.03160576040471896
5,Rotationalspeedrpm,0.0041365735101447365,0.0014914737840084837,0.00202078882978618,0.0042841244941849155,0.005861650956832332,0.005603272346542232,0.002913030923378024
4,AirtemperatureK,0.002216150284342544,0.001219495148416158,0.0019893211658367216,0.0037790164374285062,0.003378936090322804,0.0014503251535425976,0.0004831525745820908
3,ProcesstemperatureK,0.0015402360716169738,0.0008048897299228271,0.001954222617585266,0.0021610543100264445,0.002016598907216949,0.0015951156791603749,-2.5811155904165162e-05
2,Type,0.000755752482050065,0.002055448576038097,0.000637421910773095,-0.0004768220055779704,0.004252498899448343,0.00127367264596423,-0.0019080090403573724
