,feature,importance_mean,importance_std,val_imp_0,val_imp_1,val_imp_2,val_imp_3,val_imp_4
0,Toolwearmin,0.048552533181423316,0.002117193318835609,0.04930458479829425,0.04803011898729481,0.044977762384442066,0.04896017010265208,0.05149002963443339
1,TorqueNm,0.018295492644587897,0.0017779782219674877,0.016683509935511487,0.015654712981438612,0.020041772405935188,0.019695544646299745,0.01940192325375445
4,AirtemperatureK,0.011254101787069027,0.000351366606735605,0.011148831964691741,0.010994384006581703,0.01167960354248132,0.010802018517054424,0.011645670904535943
5,Rotationalspeedrpm,0.006629903032868323,0.0012465225760548313,0.0051062336231989525,0.006113827918978965,0.00886874627754608,0.0062574512673002625,0.0068032560773173545
3,ProcesstemperatureK,0.004393757162000922,0.000590370170368523,0.005017075242008562,0.003473527084702055,0.005005081958722735,0.004441721611780691,0.004031379912790567
2,Type,0.0007049665384984971,0.0006432689099078471,0.001477366479272657,0.0008093851501463911,0.0009682426133567068,0.0007441184394566536,-0.000474279989739923
