,feature,importance_mean,importance_std,val_imp_0,val_imp_1,val_imp_2,val_imp_3,val_imp_4
3,ProcesstemperatureK,0.0007542053255892523,0.00027858981907969777,0.0008012151359462205,0.00023275379255327522,0.0010034440790325228,0.0007517814477763229,0.0009818321726379198
0,Toolwearmin,0.000736125142882238,0.00035320345058899565,0.0007370695132800087,0.000958897134946235,5.7657573089731073e-05,0.0008913288624384785,0.0010356726306567365
5,Rotationalspeedrpm,0.00046795011707907453,0.0003549613352894736,0.00017549274125716607,0.0011330583929157756,0.00017014041743279584,0.00035774149365741525,0.0005033175401322199
1,TorqueNm,0.0003202519372050183,0.00029366369621551135,-2.824021123615239e-06,0.0005487493928600928,8.335059688735491e-05,0.000771947259143535,0.0002000364582577241
4,AirtemperatureK,0.0002660972305636777,9.086351519627778e-05,0.0003739810830927226,0.0002772033015479014,0.000352621578579404,0.00018471883212523021,0.00014196135747313043
2,Type,6.146661823989153e-05,0.00022622246729697365,0.00031992125015378736,-7.677642462566858e-06,-0.0003348185384675073,0.0002190007114498682,0.00011090731052587621
