,ty,at,pt,rs,tq,tw,1,0,
ty,0.0,0.0,0.0,-0.14517936769565687,0.0,0.5195420266611286,-0.10634905089726743,0.0,
at,0.0,0.0,0.0,0.5106129651130803,0.601348865217827,0.0,0.0,0.0,
pt,0.0,0.0,0.0,0.0,-0.15775462444916485,-0.5032382302497682,0.0,0.4820925819203678,
rs,0.0,0.0,0.0,-0.46045813687572745,-0.4017238762366292,0.0,0.0,0.0,
tq,0.0,-0.41129319228248223,-0.23734355222050352,0.4877196278693064,0.0,-0.055586187974143136,0.0,-0.5775533826758179,
tw,0.0,0.0,0.0,-0.3783771017796089,0.012228242424998755,0.0,0.0,0.0,
1,0.0,0.0,0.0,0.0,0.0,0.0,0.0,0.0,
0,0.0,0.0,0.0,0.0,0.0,0.0,0.0,0.0,
