,ty,at,pt,rs,tq,tw,1,0,
ty,0.0,0.3952611595978574,0.6999744811540985,-0.43589588084394565,-0.420515721809059,-0.572412124979528,0.5059896029380269,0.5960926754404455,
at,0.3361144428415423,-0.621468562483959,-0.49242631933400083,-0.445669577909222,-0.662284157368043,0.0,0.5500784404154854,-0.6991094710156279,
pt,-0.48199280917476,0.0,0.12497445441310756,-0.642853997176972,0.5801567727151735,-0.4189903280752052,-0.6585932801423438,0.6010005174324597,
rs,0.579158950407694,-0.6458524586254742,0.55330876293261,0.0,0.0,-0.6627462835337795,-0.5742399882500852,0.0,
tq,0.3962376789166012,0.4188253970427566,-0.4591845856581852,0.0,-0.6570251052392957,0.5942502153207031,0.614426913259766,-0.06696290643099356,
tw,0.21390574008665586,0.6338333247533245,0.0,-0.2042942446873735,-0.3416698687483448,-0.43201163849110563,0.6793361613760007,0.6948196953003288,
1,0.0,0.0,0.0,0.0,0.0,0.0,0.0,0.0,
0,0.0,0.0,0.0,0.0,0.0,0.0,0.0,0.0,
