,ty,at,pt,rs,tq,tw,1,0,
ty,0.1256378999058534,0.07670636069888032,-0.48855451330838984,0.07006246154205119,-0.206976125669741,0.31155370111381014,-0.47656771189228003,0.6195614344785085,
at,-0.6651653005014608,0.3790629648966416,-0.531056405471585,0.358481033220101,0.6560434364437386,0.6289100149048088,0.6266226050366585,0.018375813678937175,
pt,0.043604814434388815,-0.3365703140086638,-0.5983009914337102,0.1332471774328338,-0.4758089471858689,0.6521181947586496,-0.6821678008904666,-0.6365227514520353,
rs,0.4479242039035202,-0.3517830659279454,-0.45685603226558746,0.4722711345845496,-0.2944569366305013,0.42383207382976024,-0.659687295615552,0.3103102311158282,
tq,0.5104424131407719,0.3846989103150599,-0.2877107158443171,-0.6252505673462281,0.10795316573858553,0.563366604364673,0.5609400449455487,-0.14666346195484078,
tw,-0.5145829122702839,-0.41810061944677934,-0.5115577446867086,0.4607590067369046,0.6882663641084903,0.10439204368614402,-0.11593941119998144,0.44540350927313993,
1,0.0,0.0,0.0,0.0,0.0,0.0,0.0,0.0,
0,0.0,0.0,0.0,0.0,0.0,0.0,0.0,0.0,
