,ty,at,pt,rs,tq,tw,1,0,
ty,0.0,-0.5092616281934628,0.0,0.0,0.609214943288193,-0.48265675122276713,0.0,0.6299315039615776,
at,-0.6972032130737107,0.0,0.6966463467328714,0.6729451494132276,0.5227477261812101,0.7075832874541255,-0.31174018537537357,0.6655760869100926,
pt,0.27168620024141865,0.0,0.0,-0.3739787577140158,0.4309570740763964,-0.2614707569098743,0.6770410571405039,-0.6659547042976106,
rs,-0.6049041268015515,0.0,-0.66018755686062,0.0,-0.6797414790417703,-0.13120209064507807,-0.7074514087663372,-0.6413907815261322,
tq,0.658849231840582,0.7085126537269529,0.0,0.684975521806596,0.0,0.678226668247655,0.0,0.6835335376256509,
tw,-0.6503534386800581,0.7082188027402213,0.6769229127725381,0.7016898716465104,0.0,0.0,-0.6877325005437926,-0.6933355609457129,
1,0.0,0.0,0.0,0.0,0.0,0.0,0.0,0.0,
0,0.0,0.0,0.0,0.0,0.0,0.0,0.0,0.0,
