,ty,at,pt,rs,tq,tw,1,0,
ty,0.42414068307801794,0.10807932295537995,0.44455389846978427,0.16472338858373717,0.2080999116878272,0.5242232634602823,-0.6356170210046553,0.3165010724263515,
at,0.13742721778226263,-0.24848288363843915,-0.27793286583175075,-0.26646175366293356,-0.32195137046541206,0.48715952263523066,-0.6259459376645052,-0.5640331841700371,
pt,0.5976920164717899,0.08946932310374121,0.0,0.4602728494954361,0.5385164999492337,-0.4608712740926958,0.34988535730944953,0.5830678235572271,
rs,0.7075137085868125,0.19411072235582258,0.10200269947976233,0.5646952431724914,-0.47401253247059016,-0.4110314953998925,-0.4156836420851504,0.42218571845690556,
tq,-0.04377445039329768,0.4738558690782399,-0.11177995150818132,0.0,-0.4408370381289679,-0.024042199442310067,0.5174244356941933,-0.6363104683357527,
tw,-0.5649419081057044,0.6807863419293744,0.0,0.24959374422336597,-0.6152554123292842,0.6139108618232807,0.6336325176085611,-0.29314250973496003,
1,0.0,0.0,0.0,0.0,0.0,0.0,0.0,0.0,
0,0.0,0.0,0.0,0.0,0.0,0.0,0.0,0.0,
