,ty,at,pt,rs,tq,tw,1,0,
ty,0.633538008268975,0.595332683398777,0.5332548537547032,0.6373936790884422,0.0844983250821244,-0.16918725305549737,-0.6344378241126661,-0.6073763628633214,
at,0.5762302767150623,-0.2981134135623935,-0.11383347352358218,0.2723061245430577,0.610602041713565,-0.3999484445830296,0.5838607501027113,0.6106960623401159,
pt,0.5254012122057049,-0.457905206713054,0.0,-0.36480547167629196,-0.1945846144672185,0.40785665989050923,0.40662768461766247,0.6687093208113795,
rs,0.638689038636723,0.3248504398357684,0.6173210666643978,0.5578051727372884,-0.6566733128509289,0.3584782254551287,-0.6589266108540507,-0.6371151139548334,
tq,0.5529385582233138,0.6209422818836766,-0.6669513670954514,0.0,0.5232626427417938,-0.2149390638295792,-0.23161386951136284,-0.39276365554415105,
tw,0.5649174717866104,-0.5874577565739297,0.0,0.5647843393473565,0.5982950048499788,0.33321893632639776,0.25492573147876946,0.5329768020896781,
1,0.0,0.0,0.0,0.0,0.0,0.0,0.0,0.0,
0,0.0,0.0,0.0,0.0,0.0,0.0,0.0,0.0,
