,ty,at,pt,rs,tq,tw,1,0,
ty,0.06954146419675851,0.0,0.20269047890674935,0.0,-0.7293104584379028,0.0,0.0,0.1536734537654068,
at,-0.7328588702518584,0.0,0.0,0.12607707095347115,0.4395391931590718,-0.17096563516978416,0.5723428603117583,0.0,
pt,0.38273627187214,-0.6341054609112254,-0.48600481984386434,0.41183894431025836,-0.7044031894352273,0.5095959865827434,-0.08581469717702774,0.5587406901389512,
rs,0.1676879624728038,-0.5330727315604734,-0.17934354583434078,0.0,-0.7172101928299647,-0.6386749826773952,0.0,0.4921970037539714,
tq,0.0,0.5843648819572902,0.1845879421478677,0.0,0.0,0.5008552011326637,0.6317697027317932,-0.31134638215064,
tw,0.3015236077127904,0.6832722354890283,-0.16403525907330976,0.0,-0.11895262153831071,0.02352119080871358,0.0,0.230364850712855,
1,0.0,0.0,0.0,0.0,0.0,0.0,0.0,0.0,
0,0.0,0.0,0.0,0.0,0.0,0.0,0.0,0.0,
