,ty,at,pt,rs,tq,tw,1,0,
ty,0.0,0.40273575761291497,0.6451789000471848,0.0,-0.5464840452764481,-0.21178817476929532,0.0,0.0,
at,-0.17206756546838925,0.0,0.0,0.0,-0.4628110099014779,-0.47599603879613617,0.0,-0.552690718546724,
pt,-0.03836791829617187,-0.019064803265255642,0.0,0.0,0.0,0.0,-0.562981251222272,0.0,
rs,-0.4449737614841188,0.0,0.6429756837912828,0.0,0.0,-0.668644155341304,0.0,0.0,
tq,0.0,0.0,-0.6916968216859606,0.0,0.0,0.0,0.0,0.0,
tw,-0.3273929941531346,0.0,0.0,0.13629823950199188,0.0,0.0,0.0,0.0,
1,0.0,0.0,0.0,0.0,0.0,0.0,0.0,0.0,
0,0.0,0.0,0.0,0.0,0.0,0.0,0.0,0.0,
