,ty,at,pt,rs,tq,tw,1,0,
ty,0.0,-0.17050532598780455,-0.5975230219139317,0.3473625027295039,0.5966164280092513,0.0,0.0,0.0012708778320823066,
at,0.37547521926375416,0.0,0.5624293799841323,-0.3645966181524012,0.0,-0.3392339743378264,-0.343115286050512,0.5995268946690846,
pt,0.6746403294994179,-0.3402144587031135,0.0,0.4703220468127427,0.0,0.4177880256290805,0.0,-0.5542205261831358,
rs,-0.6685803614686936,0.0,-0.4362348581296189,0.6656430788105964,-0.47311004449817445,-0.18341608100185244,0.0,0.5855466384089166,
tq,0.5112222425054035,0.0,0.0,0.1261786299212052,0.0,0.3967972653218773,0.37772033740558586,-0.35657259025035704,
tw,-0.6650536935006388,0.42068951929390686,0.3500036615105684,-0.3707186826019164,-0.49074790680779024,0.0,-0.32639210823712334,-0.576317969912949,
1,0.0,0.0,0.0,0.0,0.0,0.0,0.0,0.0,
0,0.0,0.0,0.0,0.0,0.0,0.0,0.0,0.0,
