,ty,at,pt,rs,tq,tw,1,0,
ty,-0.3065749737336331,0.07843084634362466,-0.7002533447309851,0.3261208436704816,-0.16838630365780835,-0.2699267611086844,-0.6365936936098123,0.7102664287912178,
at,-0.6548821894535908,-0.6785975495402146,-0.5601904264400168,0.6395943462800452,0.7014661362695466,-0.28250345775425845,-0.34509639798064934,-0.29624993987832243,
pt,-0.031204395087782846,0.6678317864770835,-0.4064349495259073,0.5210178314851156,-0.024034673732193805,-0.44318015793808574,-0.39384637677181433,-0.6850970471075601,
rs,0.6643241594568702,0.49344427622062775,-0.12880389025073208,0.45531751848750446,-0.6843348262630529,0.6250247377509616,-0.6374982552088277,0.4900289043396024,
tq,0.4981624431681448,0.09721180757157658,-0.6104957902791186,-0.5717548135343874,0.48125371017813173,-0.03992500360754443,0.3584577039972876,0.22408750287387338,
tw,-0.6739303987628052,-0.4983858430605373,-0.6442941854824166,-0.6993986917018722,0.5842872348387979,-0.6576984331705169,-0.7101624633489874,-0.6931721271738275,
1,0.0,0.0,0.0,0.0,0.0,0.0,0.0,0.0,
0,0.0,0.0,0.0,0.0,0.0,0.0,0.0,0.0,
