,ty,at,pt,rs,tq,tw,1,0,
ty,-0.7138266872268287,0.11828010853709431,-0.3481414297806942,0.6129437077443554,-0.688450347837863,-0.3449872468148243,0.5996720349100395,-0.6750103224186523,
at,-0.7191937151007893,-0.39368860807153616,0.5646087666980956,-0.6237522979159228,-0.6172909443378424,0.6801694499431765,0.18752825579356242,0.3835893115230138,
pt,-0.7211966717965508,0.24162601898410888,-0.36801772464107246,0.706596154511635,0.5740139884762347,0.43373807747861837,0.7260543806874048,0.7214641078484342,
rs,-0.3549502291574664,-0.4347928846289566,0.7142450792171628,0.723322953282475,-0.7283163399125488,-0.06103542628001727,-0.7070512501258707,0.7228633030285202,
tq,0.7039227624189031,0.5731666468230986,0.5878819154682682,-0.7227405850778171,0.39759384344554166,0.6649056636881058,-0.6826777137973307,-0.5694032392517949,
tw,0.7214848033231832,0.6946168198794503,-0.15679703463139505,0.30764847372827997,-0.7003722014067779,-0.7184219203076252,-0.21752768247436846,-0.7231426709518344,
1,0.0,0.0,0.0,0.0,0.0,0.0,0.0,0.0,
0,0.0,0.0,0.0,0.0,0.0,0.0,0.0,0.0,
