,ty,at,pt,rs,tq,tw,1,0,
ty,0.0,-0.6611937298964817,-0.2201106400024202,0.6493723945412618,-0.12944319250633704,0.0,-0.20434027106236027,0.38287783642891615,
at,-0.031971002183118186,0.7289831454628048,0.0,0.6162471772037965,0.623701610778888,0.6735085701242466,0.06017931500606666,0.0,
pt,-0.49675340631023845,-0.6717995034081484,0.0,-0.18219096899598963,-0.5343293815119543,0.0,-0.6065430398718651,0.07415643584237855,
rs,0.44634493034690637,-0.6598979613078882,0.5968742504731145,0.27810340299038194,-0.6485356583688553,-0.6171755898916207,-0.21640102920282425,0.6139696244552028,
tq,-0.5564479559399603,0.6307662142209538,0.22408841034405722,-0.36880274945065866,0.6696828177833066,0.5698195055143469,-0.4159844581772616,-0.4336997405777766,
tw,-0.6700525505732109,0.635049324268313,0.0,-0.37861545801024127,0.49586358148162435,0.0,0.6761059510597069,0.5290688003852485,
1,0.0,0.0,0.0,0.0,0.0,0.0,0.0,0.0,
0,0.0,0.0,0.0,0.0,0.0,0.0,0.0,0.0,
