,ty,at,pt,rs,tq,tw,1,0,
ty,-0.6948712744277643,-0.1438519614008452,0.6002717108034311,-0.43812245818303197,0.5859957675599594,-0.6706777420689164,0.6660633469163817,-0.6191127765607319,
at,0.09721444696790182,-0.6316650324765634,-0.5868267986450717,-0.5131807480116706,0.7409474279479098,0.5112368285301644,0.0,0.68154931900143,
pt,-0.4117944424905145,0.511728591685118,-0.6008394601448371,-0.6806270252139077,0.7791664985157192,-0.5165684188849029,-0.7876214692563565,0.6157305800697094,
rs,-0.6413039125234506,-0.6874380435632279,0.5851257755587181,0.0,-0.7223545906579022,-0.7037188551070253,-0.7686295515839943,0.6805491462254192,
tq,0.6700128092122569,0.7700103096565962,-0.696735516454309,0.6671097684740439,0.0,0.7406446218143845,0.4999194867400536,0.6579755842983172,
tw,-0.7668985750787569,0.6174596027248677,-0.7072574616647199,-0.6404450556279148,-0.7592935455788273,0.6745202334263477,-0.6613908509612726,-0.7037514939128882,
1,0.0,0.0,0.0,0.0,0.0,0.0,0.0,0.0,
0,0.0,0.0,0.0,0.0,0.0,0.0,0.0,0.0,
