,ty,at,pt,rs,tq,tw,1,0,
ty,0.0,-0.03787787600166226,-0.24162858589457703,0.0,-0.32145698241931564,0.0,-0.3027336280285098,0.6630478074221722,
at,0.0,0.0,-0.2970061174565708,0.0,0.0,-0.5395229369169192,0.0,-0.05067520896561706,
pt,0.0,0.7996795475686944,0.0,-0.13043603260258219,0.0,0.0,0.0,0.0,
rs,0.3592149006674126,0.0,-0.4559944219951346,0.0,0.0,-0.645503577576527,0.9948884506610332,0.0,
tq,0.0,-0.7105082634949433,-0.42551698277507777,-0.5417880441369376,0.624625948337074,0.8157203596126916,0.0,-0.3492612567584985,
tw,0.0,0.18632965458488604,-0.4195699915735447,0.0,0.0,0.0,-0.4913599783824234,0.0,
1,0.0,0.0,0.0,0.0,0.0,0.0,0.0,0.0,
0,0.0,0.0,0.0,0.0,0.0,0.0,0.0,0.0,
