,ty,at,pt,rs,tq,tw,1,0,
ty,0.0,-0.31584375896640804,0.6483172029207932,0.0,0.0,-0.5954027220020851,-0.41597100710707535,0.1393771599415067,
at,-0.40670992197411404,0.0,0.6650893079899624,0.7047962334459842,0.6278839105074746,0.0,0.7307789628882825,0.0,
pt,-0.3755998519563203,0.0,0.3324547099223477,-0.20931668371125783,-0.3180878056411014,0.010461727292920895,0.0,0.12815032760968184,
rs,0.44535774431898645,0.0,0.6118993493175351,0.0,-0.695285422207328,-0.4531690030693581,0.0,0.6975037074669883,
tq,-0.060933159136495635,0.7079656953292728,0.7501518693266873,-0.6115174961464558,0.6678009971483281,0.30748964225701075,0.3507327007339943,-0.26978625511362087,
tw,0.0,-0.5730799104848694,0.7061824461259137,-0.026478388528663233,0.6377311549239711,0.0,0.0,0.7229923630980473,
1,0.0,0.0,0.0,0.0,0.0,0.0,0.0,0.0,
0,0.0,0.0,0.0,0.0,0.0,0.0,0.0,0.0,
