,ty,at,pt,rs,tq,tw,1,0,
ty,0.0,-0.2850574829697918,0.5435932524118449,0.6272137031757562,0.5417705151754021,-0.4795516169737622,-0.19099137095826224,-0.1755129886558061,
at,-0.44104964501941396,0.42923901876570775,0.08917218770192192,-0.5680087160842021,0.5686015599115114,0.0,-0.42204186922538106,0.3103187570447427,
pt,-0.47340788449261284,0.0,0.5186194178842561,0.5969673721666688,-0.1265151994396327,0.38363377142503535,-0.24519146091126642,-0.43141695174255984,
rs,-0.6412612822960972,0.5223797742097199,-0.6580736551291676,0.0,0.0,-0.6991536379837345,-0.6076219816257453,0.0,
tq,-0.21982002198600006,-0.591486889867431,0.681098440429608,0.0,-0.5267030025656365,0.6439281815668375,0.5319481595535267,0.5683023789042608,
tw,-0.6882590367548217,-0.2957444854430096,0.0,-0.021345533636285472,0.5510558075625063,0.46672224463576417,0.20665666043889708,0.17598686145002918,
1,0.0,0.0,0.0,0.0,0.0,0.0,0.0,0.0,
0,0.0,0.0,0.0,0.0,0.0,0.0,0.0,0.0,
