,ty,at,pt,rs,tq,tw,1,0,
ty,0.0,0.0,0.0,0.2931509400372418,-0.4846693821428664,-0.13591027282582074,0.0,-0.011984495564170156,
at,-0.029571122970874265,0.0,-0.08723679259909053,0.0,-0.514233868540506,-0.01998773329163249,0.3326667788569634,-0.04003200592132776,
pt,-0.4233135592585428,-0.5515749417301541,0.0,0.0,0.1613456898103906,-0.4234572326953466,0.0,0.0,
rs,0.3401132668228684,-0.38078329238391606,0.2042732766559374,0.0,0.0,0.0,-0.5077125149243752,0.0,
tq,-0.2728744890384772,-0.4966537901502353,-0.5248517436414538,-0.5403821198504885,0.0,-0.29882700134036516,0.682235209650876,0.5994557026448443,
tw,-0.5217291681991063,0.694620488417712,-0.361103687289205,-0.5977294110972439,0.0,0.0,0.0,0.0,
1,0.0,0.0,0.0,0.0,0.0,0.0,0.0,0.0,
0,0.0,0.0,0.0,0.0,0.0,0.0,0.0,0.0,
