,ty,at,pt,rs,tq,tw,1,0,
ty,0.0,-0.5265153802476916,-0.3037497041105539,0.5866004700056179,0.1007879594401068,0.5573985064189521,0.0,0.0,
at,0.0,0.6445513150089127,-0.6424597598656632,-0.3692941246203501,0.4167161758875651,0.6123134188773931,-0.5352951449341969,-0.5206982706106519,
pt,-0.663550480619991,0.0,0.0,0.5366898307027863,-0.07808031385813005,0.5255500305598432,0.0,-0.5203242318746222,
rs,0.0,-0.6438541488636152,-0.16348232076002117,0.4505965147004396,-0.6126159753753675,0.2039742742044872,0.0,0.6441239739670814,
tq,0.6246092673492258,0.0,0.0,-0.08506782992861381,0.0,0.16192501681129803,0.7137636776060631,0.013310972335526361,
tw,-0.2182213917870078,0.0,0.5800504450191367,-0.21660052657586198,0.6427113591783771,0.4920309895670895,0.0,0.5719746297814007,
1,0.0,0.0,0.0,0.0,0.0,0.0,0.0,0.0,
0,0.0,0.0,0.0,0.0,0.0,0.0,0.0,0.0,
