,ty,at,pt,rs,tq,tw,1,0,
ty,-0.47968274478922085,0.6659808956378213,0.6691753338883294,0.7212319360766116,-0.64333883242469,-0.6339503149484402,0.5548069667237131,0.691462150706076,
at,-0.6211239471100217,0.0,-0.6672223483665605,0.393323958246021,0.7168384019944951,0.6991153819450358,-0.6273804099215499,0.4191123351128499,
pt,0.0,-0.6954387990632315,-0.6474179708990584,-0.30134879424154515,-0.26168987977334895,0.643983041406773,-0.5975274599382494,0.668790889455048,
rs,0.02887165924598796,0.66775079513617,-0.600914985124342,-0.6739535374709923,-0.716595839420228,0.6440851279406591,0.6992986622238951,0.5733995938042248,
tq,0.0,0.6377526024375336,-0.5848823945064663,0.7075120972216726,0.585366844160647,0.7142389131699953,0.5616727180085244,0.4757932243862192,
tw,-0.3496476710352434,-0.6256515494748914,-0.6498716738535016,-0.6724474966538939,0.583368662008869,-0.7027799556874438,0.6659189266980368,0.7061681480178514,
1,0.0,0.0,0.0,0.0,0.0,0.0,0.0,0.0,
0,0.0,0.0,0.0,0.0,0.0,0.0,0.0,0.0,
