,ty,at,pt,rs,tq,tw,1,0,
ty,0.0,0.24492492911181202,0.0,0.18317979700435277,-0.18303748217442636,-0.6855259067126929,-0.6453750612348302,0.0,
at,0.0,0.0,0.0,0.0,0.5728077227315752,0.0,0.43771082066386197,0.4031144172726318,
pt,-0.35421526258145175,0.6161816772178866,0.0,0.3910028876788737,-0.4023412328457989,-0.6649879742966617,-0.01669083556691245,-0.4892619223854505,
rs,0.46943898656961514,-0.26506134987762475,-0.5257052894967988,0.33340733579557813,-0.3525048546639577,0.22460304610532852,-0.084219390407886,0.5754204995688581,
tq,0.2884566899063022,0.2644662042275685,0.0,0.0,0.6161996932400134,-0.7037037683129805,0.044825539911938383,0.023091556860500226,
tw,0.008033679484706971,-0.4673566757384154,0.0,0.0,0.4411713997050906,0.6602689199785485,0.019957216158087526,0.0,
1,0.0,0.0,0.0,0.0,0.0,0.0,0.0,0.0,
0,0.0,0.0,0.0,0.0,0.0,0.0,0.0,0.0,
