,ty,at,pt,rs,tq,tw,1,0,
ty,0.549679430620807,0.0,0.7261382322903623,-0.5299305865818522,0.0,-0.336932472986814,-0.42864503657200753,-0.36448119402594514,
at,-0.6864295156926189,-0.6505728600496336,0.5433058177660297,-0.6946394158076884,0.7614311478036284,0.4528212162984746,-0.2527512203704699,0.0,
pt,0.4361118674524574,0.06413314379736697,0.0,0.623835954431949,-0.2120767249210289,-0.28331642928561956,-0.506192384199102,-0.4714877969488343,
rs,0.0,-0.36844332710860567,-0.6351237038938815,0.0,-0.6225677609674481,-0.24325306685986467,-0.6357327568416034,0.0,
tq,0.6062749625021031,0.26361921702952845,-0.44917330120221266,0.6216584937489367,0.5487675276627941,0.6682117798860241,0.4416100228120569,0.3649159427281382,
tw,0.0,0.3947113555755067,-0.47011381532772534,-0.450251540380506,0.39421658783099733,-0.6680401238654246,-0.5478169574546071,-0.5891823813864925,
1,0.0,0.0,0.0,0.0,0.0,0.0,0.0,0.0,
0,0.0,0.0,0.0,0.0,0.0,0.0,0.0,0.0,
