,ty,at,pt,rs,tq,tw,1,0,
ty,0.0,0.572516663649876,0.6495311358112309,0.6205308293388095,-0.22776637716683015,1.646884549390449E-4,-0.42675371332095424,0.0,
at,0.0,0.0,0.0,-0.6207642230904881,0.192021566093553,-0.1865889213182869,0.0,0.0,
pt,0.0,-0.44660999469648804,0.6245690192095874,0.0,0.6061569451894323,0.3734327284852788,-0.22956528776269358,0.0,
rs,0.0,0.0,0.0,0.0,-0.6708043406191077,0.0,-0.1110869634156002,0.3010595424506235,
tq,-0.12033084935619495,-0.3580971394386748,0.5839199121349105,0.630886500377565,0.0,0.0,0.6103514881650418,-0.4908383958279056,
tw,-0.3156949773500699,0.0,0.6748566790670715,-0.507113678280181,0.5823626687865694,0.0,-0.597605888152079,0.0,
1,0.0,0.0,0.0,0.0,0.0,0.0,0.0,0.0,
0,0.0,0.0,0.0,0.0,0.0,0.0,0.0,0.0,
