,ty,at,pt,rs,tq,tw,1,0,
ty,-0.5851050818102013,-0.6099562705970825,-0.6844681881493562,0.6004000415417691,0.3335875410819093,0.653837898198555,0.6901456902034205,0.4563590185165325,
at,0.7014658609639989,-0.6550684836443621,0.5402102420795377,-0.6592904875624848,-0.6776618027704825,0.5579937046053474,0.6736011679147527,-0.6986551534863745,
pt,0.6670548751709224,0.6056021177999409,-0.6976650296705958,0.5865384751321571,-0.6997224097671245,-0.6891970823968699,-0.6469498889293396,0.5828972942657107,
rs,-0.7170092034804967,-0.6814196403960108,-0.4688798299602606,0.7004328028193171,-0.6185227207084061,0.692230329039805,-0.6595907381195336,0.6554668493552064,
tq,-0.7065619589183072,0.5508622204811007,-0.5079417321841082,-0.11362601544212232,-0.6990800219868096,-0.24643518895255562,0.3341882407562558,-0.6194265545634118,
tw,-0.6649478526057203,0.6845028924214999,-0.6981496618750186,-0.1367225579330308,0.5487933519241284,-0.6342242160467343,0.6551577650257171,0.6689215319006957,
1,0.0,0.0,0.0,0.0,0.0,0.0,0.0,0.0,
0,0.0,0.0,0.0,0.0,0.0,0.0,0.0,0.0,
