,ty,at,pt,rs,tq,tw,1,0,
ty,0.0,-0.5692774102101558,0.6359862060562396,0.6622629406597125,-0.2759002446336064,0.0,0.5417262294791725,-0.6489216961503652,
at,0.3745088400862925,-0.5697710352901698,0.0,0.3477467932573977,0.5665955750602281,0.6815190304624726,-0.6249759844038426,0.0,
pt,-0.6012213352531942,0.5678142678337055,0.0,0.7076874576361236,-0.18885991148793216,0.0,0.690309255665308,0.713171952331741,
rs,-0.6834275546338581,-0.6609834951748632,-0.6973774515372612,0.6921698155369315,-0.48408107900267405,0.08266939111261128,-0.6998777724290217,0.6576086810220424,
tq,0.6284013020002177,-0.3090244135439516,-0.6199975521488276,0.6699866295247725,0.6776558298450965,0.725419897884088,0.45939267049831245,-0.607130957270666,
tw,-0.597095985749146,0.6777558230420369,0.0,0.22093633404317164,0.43206054604997435,0.0,0.6563376576682732,0.3301598801935976,
1,0.0,0.0,0.0,0.0,0.0,0.0,0.0,0.0,
0,0.0,0.0,0.0,0.0,0.0,0.0,0.0,0.0,
