,ty,at,pt,rs,tq,tw,1,0,
ty,0.0,-0.6980460492648229,0.0,0.0,0.0,0.0,0.0,0.5528619165786302,
at,-0.4084112376087513,0.37067924936567836,0.0,0.0,0.0,0.0,0.0,0.0,
pt,0.42203247949488015,0.0,0.0,-0.5728946864807456,0.0,-0.4822764582883373,0.0,0.0,
rs,0.0,0.0,0.16536404131095775,0.0,-0.7392370500724341,0.024578663696473674,0.0,0.6975885394507119,
tq,0.0,-0.6859613134987946,0.0,0.0,0.7092288050541278,-0.4346591170888246,0.41431053827652203,0.0,
tw,0.0,0.0,0.0,0.0,0.6510755282003928,0.0,0.0,0.726838067416867,
1,0.0,0.0,0.0,0.0,0.0,0.0,0.0,0.0,
0,0.0,0.0,0.0,0.0,0.0,0.0,0.0,0.0,
