,ty,at,pt,rs,tq,tw,1,0,
ty,0.0,-0.6519184910216306,0.0,0.0,0.0,-0.5929852358666722,-0.7289085809209175,0.0,
at,0.6068121550008027,0.0,0.0,0.471794123521259,0.0,0.0,0.0,0.0,
pt,0.0,-0.6991917260000473,0.0,0.0,0.0,0.6821851053124104,0.0,0.0,
rs,0.0,-0.6406851808961318,0.0,0.0,0.0,0.0,0.0,0.6966715756257867,
tq,0.0,0.1658805120537045,0.0,-0.6515263919790164,0.0,0.7128466753370195,0.0,0.0,
tw,0.0,0.0,-0.6830672969425707,0.0,0.6327948337979906,0.3404378956017553,0.721375199726625,0.7192631813837418,
1,0.0,0.0,0.0,0.0,0.0,0.0,0.0,0.0,
0,0.0,0.0,0.0,0.0,0.0,0.0,0.0,0.0,
