,ty,at,pt,rs,tq,tw,1,0,
ty,0.12371005394912196,0.3538929584757776,0.3917421821760504,-0.595017640980099,-0.4342210259089079,-0.36770225976163856,-0.35668671034045774,0.18448458994193442,
at,-0.6321552807513051,-0.32114373195318074,-0.5066580536108518,0.38024342622561,0.5183683651867034,-0.07026187284939427,0.2749492098921609,0.12945621242695834,
pt,-0.1482180552378816,0.13342692587523744,0.46980873714210086,0.0,0.0,-0.07432250392257404,-0.42544596713209737,0.0,
rs,0.4375087152058912,-0.27792094746207924,0.02658990625164721,0.4405958661033487,0.0,-0.4594725506711402,-0.4694107493554602,0.07250378195856191,
tq,-0.39005922226396983,0.0,-0.3775436916540593,0.1502354700188607,0.0,-0.12220387411635718,0.0,-0.47023994325970153,
tw,-0.31546888626543285,-0.15384015573906532,-0.10949724399252467,-0.17448729742525027,0.21830356497593795,0.0,0.32306644595747686,-0.5628117379924813,
1,0.0,0.0,0.0,0.0,0.0,0.0,0.0,0.0,
0,0.0,0.0,0.0,0.0,0.0,0.0,0.0,0.0,
