,ty,at,pt,rs,tq,tw,1,0,
ty,-0.7338858006748121,0.7036507526998516,0.6705792861325601,0.5372690883854387,0.3633419543248931,0.015611431173817247,-0.1289863547529451,0.7227309334753407,
at,-0.6988543379418086,0.0,0.7048054730821213,-0.6007710964206264,-0.21539236149143373,0.32326867812767834,-0.27315159253764365,0.19897424658814425,
pt,-0.6945503221319522,0.7142857536452348,0.0,0.708390842159932,-0.0022121071716539047,0.640001205280595,0.695493288760998,0.5459377068878994,
rs,-0.5201887976529863,0.7238677296020695,-0.7165767056761639,0.6726776073071571,0.2667283877534531,-0.6759135399328443,-0.3076293075407115,0.4133487495797927,
tq,-0.5892889174100338,0.5879012806227162,-0.6980514138367239,0.16485854669117322,-0.7269707447341701,0.7159547603218924,-0.10996592755929907,-0.7378381211371782,
tw,-0.6656267540541815,0.6131860127616007,0.7200324642735797,-0.272322910492383,0.7169421866712624,-0.1939476144782618,0.0,-0.6756534173287198,
1,0.0,0.0,0.0,0.0,0.0,0.0,0.0,0.0,
0,0.0,0.0,0.0,0.0,0.0,0.0,0.0,0.0,
