,ty,at,pt,rs,tq,tw,1,0,
ty,0.0,0.0,-0.5667625731553018,0.5558476244485284,0.0,-0.39066586920442636,0.0,0.0,
at,0.5539606811504971,0.0,-0.5700894169510514,-0.22421430076802817,0.5771128650349022,0.0,-0.4685186505691072,0.5343490509510752,
pt,0.608893380758756,0.0,0.0,0.5057024458543595,0.0,-0.3340753628054791,0.40414860660283664,-0.03888943922153266,
rs,-0.34535272239820175,0.0,0.0,0.0,-0.6893224283329854,0.46431785278161586,-0.5246796113380265,0.5144365354757923,
tq,-0.5305682002138646,0.19080938076580087,0.5541888891467429,-0.07209935798908153,0.47960807641854586,0.12462552450873704,0.0,0.0,
tw,-0.522996021218965,0.0,0.0,0.0,0.5395704597283117,0.0,-0.5326870931143702,0.0,
1,0.0,0.0,0.0,0.0,0.0,0.0,0.0,0.0,
0,0.0,0.0,0.0,0.0,0.0,0.0,0.0,0.0,
