,ty,at,pt,rs,tq,tw,1,0,
ty,-0.7204084229478885,0.7150592699999065,-0.7209632623655888,0.6713610527911834,0.5455302102635524,0.3705858986505322,0.353076819060773,0.6696527908666126,
at,0.6937909036024604,-0.3037825196942948,0.0,0.0,0.5773068319150693,0.6339949280202938,0.4039450699629112,-0.7224953318494489,
pt,0.5671628037383821,-0.6189101039534461,0.6472220077042311,0.0,0.31264297468082164,-0.5634986877591031,0.7087280704066475,0.6267223949520411,
rs,0.5235104478278366,-0.702863413870917,-0.727669828244361,0.0,-0.7179306936051031,-0.4530709263439898,-0.669468354038551,-0.04128862590088574,
tq,0.6861027735503554,0.3914513549404993,0.7264285450717113,0.0,0.0,0.0,0.0,-0.621296369845498,
tw,-0.19465996973801536,-0.72712795862315,0.6320037657512322,-0.6248111541169102,-0.4750758928615284,0.5224503743267326,-0.6402355441777622,0.5553390463685018,
1,0.0,0.0,0.0,0.0,0.0,0.0,0.0,0.0,
0,0.0,0.0,0.0,0.0,0.0,0.0,0.0,0.0,
