,ty,at,pt,rs,tq,tw,1,0,
ty,0.6997329908059622,-0.6312637837268185,-0.32720112529210055,0.0,-0.18680304990057853,0.6953871067352985,-0.5336006133769732,0.6984966185863639,
at,0.0,0.6618502607662852,-0.6806784051512762,0.6798510086095277,0.6897117609020978,-0.7016898118818896,-0.7071971312852071,-0.6273253692279209,
pt,0.10687343382102725,-0.5631440249151669,-0.6500316003163081,-0.15415092813738385,0.0,0.213726536069064,0.0,-0.3196326919650136,
rs,0.6531441374598764,-0.7025716578131338,0.6281549828758215,-0.5949219527289227,-0.6055437843808974,0.5994758128830048,0.7074085289729293,0.3326181820817302,
tq,0.0,0.6968509893306187,0.7077508913493197,-0.29669919810814904,0.0,0.695579935197048,0.7183333146715449,0.5700845181349085,
tw,-0.6739776695601022,0.6473765566550016,0.0,-0.6997131756373262,0.7027734085355686,0.0,-0.6879092987681282,-0.2564156999772323,
1,0.0,0.0,0.0,0.0,0.0,0.0,0.0,0.0,
0,0.0,0.0,0.0,0.0,0.0,0.0,0.0,0.0,
