,ty,at,pt,rs,tq,tw,1,0,
ty,0.0,-0.5463278367138371,0.6053384530662989,0.0,0.0,-0.7104624371878043,-0.7039300381326412,7.923427938990694E-4,
at,-0.6382605535342222,0.0,0.6705218203371631,-0.4679610603495888,0.6136605960522651,0.0,-0.5047932231287882,0.0,
pt,-0.6027157753004685,0.0,0.6904392985398914,0.5731593101330779,-0.4004540366500628,0.5339496863479439,0.0,0.6169840348523299,
rs,-0.6854803812860616,0.0,0.7150671763195015,0.0,-0.3731565519288319,-0.6811063353952957,0.0,-0.6160241718495234,
tq,0.022901203883103446,0.6679201138507775,0.6526587254754866,0.6420265096624103,0.655789577318179,0.6102841181078505,0.6609324535980428,-0.5913873472422899,
tw,0.0,0.6553321882253794,0.6668814391100772,0.6684954839723494,0.4341245756803042,0.0,0.0,0.5744221146547986,
1,0.0,0.0,0.0,0.0,0.0,0.0,0.0,0.0,
0,0.0,0.0,0.0,0.0,0.0,0.0,0.0,0.0,
