,ty,at,pt,rs,tq,tw,1,0,
ty,-0.4153118647184323,0.0,0.6350771918621979,-0.03962221425171879,-0.3193585016026523,0.4329002471312256,-0.4281728674838788,0.0,
at,0.16305494426168288,0.0,-0.05039165179013298,0.7117602274523718,0.5025997118667986,0.722068303659272,-0.4516255746005873,-0.5655808806309012,
pt,0.0,0.0,0.4961036066714247,0.0,-0.05553535686081371,-0.610795762367493,-0.22351349250244212,0.3510965475283456,
rs,-0.6564492855759242,-0.248931226709448,0.31602972645388316,0.34755079913286174,-0.5914330798333053,0.5924696553736483,0.1410888238509597,0.5766887276421827,
tq,-0.7267450467430355,0.0,0.5774831360499043,-0.5696040274315293,0.6555796709208435,0.6333185605112989,0.0,-0.6642883513832452,
tw,0.36719931022617314,0.5441970334738748,0.7142737774730423,-0.16475621613076383,0.23134148543015026,0.0729619381500944,-0.12861326014415664,0.0666010834023487,
1,0.0,0.0,0.0,0.0,0.0,0.0,0.0,0.0,
0,0.0,0.0,0.0,0.0,0.0,0.0,0.0,0.0,
