,ty,at,pt,rs,tq,tw,1,0,
ty,0.0,0.7757706837406829,-0.7394069417194576,0.7395960039299388,0.7016338729265297,0.0,0.0,0.7545971686250595,
at,-0.8391555820609307,0.0,0.7480217854617827,0.7133966665084858,0.0,0.7509474150632586,0.710648330985667,-0.45356558832000426,
pt,0.0,-0.7561394554900016,0.0,0.0,0.0,0.7479163818272793,-0.7277883988974487,0.0,
rs,0.0,0.0,-0.6748584240691621,0.0,0.7374638559381523,-0.7550410832581914,-0.7224512326288882,0.5009293215781695,
tq,0.7563375399394001,0.0,-0.7548306767721187,0.0,0.0,0.0,-0.71849149110336,0.0,
tw,-0.7264582989528084,0.0,-0.7384805920070713,-0.2650794488458329,0.0,0.6601346118801479,-0.7113688303246848,-0.7158736694796484,
1,0.0,0.0,0.0,0.0,0.0,0.0,0.0,0.0,
0,0.0,0.0,0.0,0.0,0.0,0.0,0.0,0.0,
