,ty,at,pt,rs,tq,tw,1,0,
ty,0.5452148438953922,0.0,-0.5435242521941035,-0.6854835083871544,0.0,0.0,0.0,0.7332190717134908,
at,0.5620646631504076,-0.6536089301082094,0.0,0.0,-0.3233394480660848,0.0,0.0,0.0,
pt,0.0,0.0,0.0,-0.6055145737086791,0.0,-0.6041643867037122,0.48229727945428597,0.0,
rs,-0.4950997614531281,0.7523784157574565,0.0,0.0,0.0,0.0,0.05477617327077782,0.26272689258360543,
tq,0.0,0.0,0.0,0.0,0.0,0.0,0.0,-0.40920401591019423,
tw,-0.46789311827175006,0.0,0.0,0.3159425007686406,0.0,0.0,0.0,0.0,
1,0.0,0.0,0.0,0.0,0.0,0.0,0.0,0.0,
0,0.0,0.0,0.0,0.0,0.0,0.0,0.0,0.0,
