,ty,at,pt,rs,tq,tw,1,0,
ty,0.0,-0.4846018006040316,0.0,0.6874233520965222,-0.07703821225392139,-0.6711139898175704,-0.6862547761878469,0.47170913713607776,
at,0.45349530740513816,-0.4022289907683629,-0.6631761070016032,0.6380831355546711,0.6836358276808906,-0.6261777365159366,-0.6136507068911089,0.6036971009053694,
pt,-0.6431203753936942,-0.3200072364467596,0.5162103701786439,0.14747654136521907,-0.20769027708441948,0.3125805095985168,-0.6359745570740301,-0.6193164748355415,
rs,0.19410389538751657,-0.5054389346237584,-0.637225526895615,0.6703099078364544,-0.6286191272340745,-0.6413446998767451,-0.3130359658464603,0.637840189363824,
tq,-0.6512337957271335,-0.6376005268202811,0.0,-0.677724631264643,0.6504954683857816,0.6950167439204337,0.6870336628044318,0.6501278055474301,
tw,-0.688035047496053,0.585753235313634,0.6076123478524174,-0.626348439365136,0.36429727330153305,0.6004790098983906,-0.5657993515094317,-0.5537599490730126,
1,0.0,0.0,0.0,0.0,0.0,0.0,0.0,0.0,
0,0.0,0.0,0.0,0.0,0.0,0.0,0.0,0.0,
