,ty,at,pt,rs,tq,tw,1,0,
ty,0.0,-0.5617186382416879,0.04604846030712375,0.4818098197598834,-0.27911392947016384,0.18210231294621604,-0.6003075461938168,0.44338764370229916,
at,-0.605833339605817,-0.008587453373852085,-0.38640502242168673,-0.5762846828738384,0.6015097361006727,0.0,-0.17204361662489692,0.37241440370080536,
pt,0.550304714006816,0.0,-0.15511196250549428,0.2903652532610563,-0.21961563438058507,0.3298373134812443,-0.5852260510786738,-0.5498343136895761,
rs,-0.5113688139592413,-0.11357821225987934,0.26553584010210174,0.0,0.0,0.2766480018453782,-0.2889927978829957,0.0,
tq,0.3057068989321983,-0.5123553657349912,0.4003313060177662,0.0,0.4926785408940768,-0.5914784978555354,-0.06307595911185096,-0.16436507774135004,
tw,-0.3207141033265463,0.49047765652419784,0.0,-0.5599538395052108,0.24870791142320037,0.05038256022144056,-0.6061302885250077,-0.15273267896545317,
1,0.0,0.0,0.0,0.0,0.0,0.0,0.0,0.0,
0,0.0,0.0,0.0,0.0,0.0,0.0,0.0,0.0,
