,ty,at,pt,rs,tq,tw,1,0,
ty,0.43623129726569176,-0.5979694096244738,0.4654125137407769,0.4441075033325547,0.04403908322970487,-0.08579567540855507,-0.3494839248094614,0.22199799664676007,
at,0.09364112298868243,0.17365828332728087,0.6252127039510379,-0.44098670560250086,0.7050914985562294,-0.17932724999702446,-0.4379625828894244,0.20242723069175428,
pt,0.4241691628954299,-0.2695534403641885,0.08109001859782436,-0.15775017808388261,-0.35178951645314677,0.11322269393545185,-0.4769175294321612,0.5399353862732871,
rs,0.5515855776304771,0.4903733627098476,-0.46273415704898857,-0.5695981352621746,-0.480821841067152,0.6723553454211212,0.5755610743416418,-0.12323419066966226,
tq,0.20098132702682345,0.09840429458531598,-0.5746377786293203,0.4994911912137858,0.5901469778253401,0.5822563951683577,0.5308131221139601,-0.10649484075421398,
tw,-0.24654799910383116,0.6809294915508651,-0.018071825944932885,0.1262768035999171,0.23587924695266244,-0.5592552328826769,-0.18658712452211984,0.4601551067023579,
1,0.0,0.0,0.0,0.0,0.0,0.0,0.0,0.0,
0,0.0,0.0,0.0,0.0,0.0,0.0,0.0,0.0,
