,ty,at,pt,rs,tq,tw,1,0,
ty,-0.6520087166601535,0.0,-0.32491832299078577,0.11920818735970509,0.0,0.0,0.0,0.023550684589014527,
at,-0.37953137456844654,-0.4685693212684479,0.0,0.0,0.13641571159465846,0.0,0.0,0.0,
pt,0.0,0.0,0.0,0.45535944635921666,0.0,0.18472873081460403,0.6761697581941858,0.0,
rs,-0.41673504136495526,0.3457101366579902,0.0,0.0,0.0,0.0,-0.6345150890665473,0.582820334155943,
tq,0.0,0.0,0.0,0.0,0.0,0.0,0.0,-0.5725405965689363,
tw,0.2097387598255674,0.0,0.0,-0.07993896740704873,0.0,0.0,0.0,0.0,
1,0.0,0.0,0.0,0.0,0.0,0.0,0.0,0.0,
0,0.0,0.0,0.0,0.0,0.0,0.0,0.0,0.0,
