,ty,at,pt,rs,tq,tw,1,0,
ty,0.0,0.0,-0.38134625726484705,0.11275719895477185,0.36184382177882923,0.04421918893573547,0.0,0.5878664332446416,
at,-0.025723113588110257,0.0,-0.5174933605137754,-0.3846329850922734,0.0,-0.0938314516803178,0.5245281462231249,0.0,
pt,-0.6032196328010301,-0.44620890004023483,0.0,0.0,-0.2971098955341835,0.0,-0.2692577561663327,0.0,
rs,0.0,0.0,0.3441517716676372,0.0,0.0,-0.028010058408525496,-0.2875323629112001,0.6466341611611485,
tq,-0.5040951465781245,0.32551042260048485,0.0,0.0,0.0,0.0,0.30569885945686454,0.0,
tw,-0.48382022545191894,0.0,0.0,0.0,0.0,0.0,0.37421052300744273,0.0,
1,0.0,0.0,0.0,0.0,0.0,0.0,0.0,0.0,
0,0.0,0.0,0.0,0.0,0.0,0.0,0.0,0.0,
