,ty,at,pt,rs,tq,tw,1,0,
ty,0.7284017937002948,0.39903380492516105,0.7308747175501488,0.6829734145991747,-0.7118687873480111,-0.017414332265477023,0.18120064286546367,-0.3918479641088421,
at,-0.40103863507167214,-0.6502168991786339,0.6907794229867785,-0.6096214288323485,0.5118111674576636,0.7216972588234795,0.0,-0.6163495651208657,
pt,-0.6750531521366334,-0.6580840888120922,-0.5992663655394574,-0.5862838839843076,0.7329920084280628,0.07238274459448203,-0.693250871645633,0.699626109080105,
rs,-0.7064439390377544,0.7255569316769614,0.59802062411258,0.0,-0.6453743999810514,-0.7144946169017219,-0.5455205213234018,0.4662386421177576,
tq,-0.7266899777158629,-0.6441897315320408,0.6748229155885108,-0.44753833658177733,0.0,0.6538475665881791,0.6186644930981242,0.6302858606404834,
tw,0.5180425817773601,-0.11901273321774941,0.09534333667849533,-0.6696499890602624,0.6894091531485672,-0.0673985379026182,0.6454039222863156,-0.3707054459767387,
1,0.0,0.0,0.0,0.0,0.0,0.0,0.0,0.0,
0,0.0,0.0,0.0,0.0,0.0,0.0,0.0,0.0,
