,ty,at,pt,rs,tq,tw,1,0,
ty,0.0,-0.46076261624623743,0.3065208442642244,0.6239872393300119,-0.5473162671694776,-0.707008728844494,0.0,0.0,
at,0.0,-0.4109324413003839,-0.4935025503002872,-0.32112302576512025,0.12658386051903253,-0.6582558968109651,-0.5339962322747938,-0.5692300386133277,
pt,-0.16576343650252984,0.0,0.0,0.5881326292065735,0.41219703834401733,0.7045570077466292,0.0,-0.6714516046039716,
rs,0.0,0.6168354217999416,-0.5450735655006694,0.6611706265005611,-0.21403027270492456,0.669491972271122,0.0,0.5741263108387111,
tq,-0.13359375749173394,0.0,0.0,0.03246373775386467,0.0,0.5094645006068311,0.3392224282149974,0.18320546887912467,
tw,0.6310238834264194,0.0,-0.6943073517594601,0.4406016509191633,0.6700973125283072,-0.3820770350567405,0.0,-0.49402191433726717,
1,0.0,0.0,0.0,0.0,0.0,0.0,0.0,0.0,
0,0.0,0.0,0.0,0.0,0.0,0.0,0.0,0.0,
