,ty,at,pt,rs,tq,tw,1,0,
ty,0.0,0.0,-0.7000004501445769,0.34354867811314743,-0.6232696784883645,0.6070186888139991,0.6248318121244653,0.6817940252886602,
at,-0.6497008413709179,0.4042865333461262,0.7106241294983705,0.3876537822520302,0.0,0.6581228357031084,0.6873795607984284,-0.6646724659227404,
pt,-0.6802782507919899,0.0,0.0,0.0,-0.11791044855151137,-0.5160153605717501,-0.5604884270937798,0.6798035977574741,
rs,0.24397269434067215,-0.6999423393228675,0.6069474644884028,0.3224707346977437,0.3649781481886332,-0.6003899315865526,0.0,0.0,
tq,-0.6288311590699743,0.6971136423037332,0.0,-0.15833695040941578,0.0,0.6959845545547616,0.0,0.5883486349673469,
tw,-0.6930731596051863,0.0,-0.5962741907379745,0.0,0.7144395962789687,0.0,0.6224365552552633,0.35186311797131825,
1,0.0,0.0,0.0,0.0,0.0,0.0,0.0,0.0,
0,0.0,0.0,0.0,0.0,0.0,0.0,0.0,0.0,
