,ty,at,pt,rs,tq,tw,1,0,
ty,-0.45619608738254014,-0.527006918734783,-0.06414337973789988,0.0,-0.273497408998451,-0.6040155972197765,0.018981648409535617,0.5583854607376095,
at,0.0,-0.6778209997178646,-0.6181410892766543,-0.5022972714276834,0.19718373077179785,-0.20876157258209216,-0.3475628868341639,-0.3283591021031031,
pt,-0.49274446894370066,-0.2663539655700201,0.5433090285288663,0.555646809941523,0.0,0.47735012975777724,0.0,-0.6581232846721906,
rs,-0.35140761104526597,-0.37024589688830334,-0.5831394753517124,0.6824224320602544,-0.28891191357034823,-0.5889867517005883,-0.6259001741940823,0.5688314126308083,
tq,0.0,0.13909701396381308,-0.14878894741350734,0.152382168861275,0.0,-0.5706558818770725,0.49223209583745603,-0.5550140887676878,
tw,-0.4767973001529642,0.5637076507586123,0.0,-0.32905163346077454,0.415500890722187,0.0,-0.35113654066998473,-0.43415570553253413,
1,0.0,0.0,0.0,0.0,0.0,0.0,0.0,0.0,
0,0.0,0.0,0.0,0.0,0.0,0.0,0.0,0.0,
