,ty,at,pt,rs,tq,tw,1,0,
ty,-0.4409098431453565,-0.3530626301766764,0.6534086431745166,0.6599128789735152,-0.5943807224347261,0.46804237520181563,0.0,0.6370566840687033,
at,-0.6081723028463458,0.0,-0.6489947885936889,-0.6024396193835264,-0.5066748438994185,0.0,-0.447194268941515,-0.45014004165857535,
pt,0.0,-0.646325336235812,0.0,0.0,0.585364418291513,-0.367757844916402,0.0,0.0,
rs,0.0,-0.26150625978212344,-0.6635581849285758,0.0,-0.6794954792065728,-0.20103743365657847,-0.43052061137134995,0.0,
tq,0.5692038669964847,0.0,0.6398688405563145,0.48677119517812023,0.0,0.0,0.0,-0.6282644160515546,
tw,-0.4952843981496473,-0.542799545751019,0.0,0.0,0.0,0.0,0.43252507534251905,0.0,
1,0.0,0.0,0.0,0.0,0.0,0.0,0.0,0.0,
0,0.0,0.0,0.0,0.0,0.0,0.0,0.0,0.0,
