,ty,at,pt,rs,tq,tw,1,0,
ty,0.0,0.48996369271494467,0.0,0.0,-0.7014081876294205,0.44203507309450846,0.0,0.4139434942200971,
at,0.4536655175121757,0.0,-0.5926014663437841,-0.29027139029699395,0.0,0.0,0.0,0.0,
pt,0.0,-0.6745142991399261,0.0,0.21130876463935938,0.19207475909321495,0.38381181518463575,0.47973529275343735,0.0,
rs,0.5431145752569794,0.0,-0.36326466260758755,0.7194973280916567,0.47229846328510167,-0.6854259240110561,0.0,0.0,
tq,0.0,-0.3254366607719983,0.0,0.6992615680822913,0.0,0.0,0.0,-0.12874214365855677,
tw,-0.0806072419002335,0.0,0.0,-0.3404316867085698,0.151629662836596,0.0,0.0,0.0,
1,0.0,0.0,0.0,0.0,0.0,0.0,0.0,0.0,
0,0.0,0.0,0.0,0.0,0.0,0.0,0.0,0.0,
