,ty,at,pt,rs,tq,tw,1,0,
ty,-0.7437491248124304,0.2170194324444542,0.7162280726642389,0.48206176098522835,-0.1823166092284779,-0.7443659319699656,0.31273088838339774,-0.4841822326711969,
at,-0.10702996168325224,-0.845283639232613,0.0,0.0,-0.7867641925692503,-0.02983719838303177,-0.5608871819182984,0.4465700968927527,
pt,0.4852481470294563,0.8549863324512533,0.054145244880053116,0.0,0.8277659975734123,0.49715701412247815,0.7443305829273706,-0.5772176049410318,
rs,-0.04904473556853113,-0.6459035856068377,-0.8239215251455043,0.0,-0.4907427839750642,-0.833762570419373,-0.1357469123732656,0.5640044565959892,
tq,-0.5865164838898442,-0.5332596510902188,-0.2058881042005416,0.0,0.0,0.0,0.0,-0.8082072905154064,
tw,0.760607919778179,0.7519529326896643,-0.6676775629116378,-0.7841761269143033,0.770121414278023,-0.7062982369029083,0.36280298128191707,-0.4369255426057024,
1,0.0,0.0,0.0,0.0,0.0,0.0,0.0,0.0,
0,0.0,0.0,0.0,0.0,0.0,0.0,0.0,0.0,
