,ty,at,pt,rs,tq,tw,1,0,
ty,0.0,0.0,0.7468578896331308,0.39427909084262774,-0.6328030321528758,-0.4643645011725762,-0.5344485645255704,0.5553128456656982,
at,0.08799981960479576,-0.4644534687675248,0.4842825918479518,0.2182862345059416,0.0,-0.4745315501616944,0.554362535946226,-0.31617435854195514,
pt,-0.5705845734547857,0.0,0.0,0.0,-0.419110299496026,-0.012254476730529883,-0.29595762896213434,-0.5760472784089826,
rs,-0.262202085553539,-0.5689390663356416,-0.5079677064039985,0.6736026248697775,0.5340535951474448,0.08880509965766331,0.0,0.0,
tq,-0.05276772451081008,0.7167836763867789,0.0,-0.15670494688522305,0.0,0.3827987317631815,0.0,0.45077742180791697,
tw,0.4023333123457207,0.0,0.7279261962491835,0.0,-0.022457566690292044,0.0,-0.14858224436968462,-0.5403987816686813,
1,0.0,0.0,0.0,0.0,0.0,0.0,0.0,0.0,
0,0.0,0.0,0.0,0.0,0.0,0.0,0.0,0.0,
