,ty,at,pt,rs,tq,tw,1,0,
ty,0.0,0.6626481964502384,0.18042149929181878,0.5837164983960653,0.7175438998518797,-0.716920770536949,0.2636194809281848,0.0,
at,0.0,0.0,0.0,-0.10505278092274045,-0.4727930005246109,-0.7164507665608827,0.0,0.0,
pt,0.0,0.14569205197480795,0.71598225071244,0.0,0.5631214181833606,-0.3973632642833269,0.20694040960163249,0.0,
rs,0.0,0.0,0.0,0.0,0.6147519090161107,0.0,-0.7181985187561788,0.5754360952728573,
tq,-0.30625989397837766,0.6446039327611032,0.6929498423457298,0.5236261128624783,0.0,0.0,-0.5895596473292316,0.3810410819573775,
tw,0.32239526455767464,0.0,0.2639677846040537,-0.22835963658138297,0.5609885431793988,0.0,-0.4747712960620347,0.0,
1,0.0,0.0,0.0,0.0,0.0,0.0,0.0,0.0,
0,0.0,0.0,0.0,0.0,0.0,0.0,0.0,0.0,
