,ty,at,pt,rs,tq,tw,1,0,
ty,0.0,0.08650124937045212,0.14244276421896906,0.0,-0.6353979184243996,0.0,0.1326200175092104,0.5490618130116075,
at,0.0,0.0,-0.5043600798308643,0.0,0.0,-0.38603681673619655,0.0,-0.20349987563643127,
pt,0.0,-0.32020406966885645,0.0,0.42307097980188846,0.0,0.0,0.0,0.0,
rs,0.3908576717838458,0.0,-0.06556005332342413,0.0,0.0,-0.2971045911591185,-0.4463398030489298,0.0,
tq,0.0,0.4681080728727462,-0.5278051475029714,0.2895877159256526,-0.07336420690136623,0.21088221619374217,0.0,-0.5350464758254095,
tw,0.0,0.6064333937257744,0.42379876401731936,0.0,0.0,0.0,0.12274529590870538,0.0,
1,0.0,0.0,0.0,0.0,0.0,0.0,0.0,0.0,
0,0.0,0.0,0.0,0.0,0.0,0.0,0.0,0.0,
