,ty,at,pt,rs,tq,tw,1,0,
ty,0.4294834771466985,-0.49694192518839475,-0.4916279113553396,0.0,-0.24525642779396972,-0.5366318456113897,0.0,0.0,
at,0.2459532031850636,0.0,0.6010215107702401,0.0,0.6148865534335245,-0.4057495420289651,0.0,-0.47672559516882285,
pt,0.021554765009253515,0.0,0.43967020865420553,-0.5976679360725201,-0.15320671399875463,0.0,-0.48132443020077353,0.5618607927092133,
rs,0.10347803957015382,-0.6492846815477837,-0.4396291037823739,-0.5041735726193519,-0.6644883289971653,0.6546797194848718,-0.4068342768064947,0.42869330227077546,
tq,-0.6397648330656526,-0.5035460621637671,-0.5570899630575612,0.0,0.6387112443173076,0.49323868415317473,0.02075596968298796,0.0,
tw,0.0,0.0,0.5658994130084262,0.0489049421979893,0.47722219361092555,-0.5555288038504856,0.0,0.0,
1,0.0,0.0,0.0,0.0,0.0,0.0,0.0,0.0,
0,0.0,0.0,0.0,0.0,0.0,0.0,0.0,0.0,
