,ty,at,pt,rs,tq,tw,1,0,
ty,0.5110218140293539,0.5926302566076667,-0.42565942959791164,-0.028538006754929054,-0.5346626556365879,0.3613420582333024,0.0,0.6409198794086932,
at,-0.5691464580194718,0.0,-0.5907959118754836,0.5867027456567201,0.5066953766911301,0.0,0.31999762879146104,0.29146379868488903,
pt,0.0,-0.3300512174209399,0.0,0.0,0.31127694617781004,0.22900058166964243,0.0,0.0,
rs,0.0,-0.6262934240571285,-0.04106626945315108,0.0,-0.5999537783199221,-0.5328008429211663,-0.3687132521053869,0.0,
tq,0.5194987683196588,0.0,0.596560848673047,-0.01524891576210998,0.0,0.0,0.0,-0.6679025207501127,
tw,-5.267634261224486E-4,0.3690619503028951,0.0,0.0,0.0,0.0,0.3094199845667492,0.0,
1,0.0,0.0,0.0,0.0,0.0,0.0,0.0,0.0,
0,0.0,0.0,0.0,0.0,0.0,0.0,0.0,0.0,
