,ty,at,pt,rs,tq,tw,1,0,
ty,0.0,0.026751066456958413,0.0,0.0,0.4047823294640269,-0.44485115477813353,0.0,0.5160706953158846,
at,-0.16314108855758555,0.0,-0.1925419929417424,-0.10729905742635487,0.0,0.0,0.0,0.0,
pt,0.0,0.11835512152404604,0.0,0.29809419752139965,-0.068134409072366,0.07225017490309778,0.3116796771591333,0.0,
rs,0.6555040503811733,0.0,0.29138060379582187,0.6066861825842349,-0.161948139540386,0.35601780689956836,0.0,0.0,
tq,0.0,-0.23453338804184104,0.0,0.1947665410449298,0.0,0.0,0.0,-0.2080325462758796,
tw,-0.0648838017163298,0.0,0.0,-0.2852061214236088,0.0505564457250257,0.0,0.0,0.0,
1,0.0,0.0,0.0,0.0,0.0,0.0,0.0,0.0,
0,0.0,0.0,0.0,0.0,0.0,0.0,0.0,0.0,
