,ty,at,pt,rs,tq,tw,1,0,
ty,0.0,-0.5772249840970627,-0.6195096048940353,0.0,-0.21901240286019613,0.41877461086361234,0.0,0.0,
at,-0.6238595108080345,0.0,0.0,0.0,-0.5316372797146738,-0.5636129434329044,0.0,0.6078329923490983,
pt,-0.5684053287992058,-0.6207226567919596,0.0,0.0,0.0,0.0,0.5901026975628852,0.0,
rs,-0.6610392219854947,0.0,-0.5869125544949585,0.0,0.0,-0.38066631042326604,0.0,0.0,
tq,0.0,0.0,0.6763221505635747,0.0,0.0,0.0,0.0,0.0,
tw,0.28890607777411226,0.0,0.0,0.1807824396774469,0.0,0.0,0.0,0.0,
1,0.0,0.0,0.0,0.0,0.0,0.0,0.0,0.0,
0,0.0,0.0,0.0,0.0,0.0,0.0,0.0,0.0,
