,ty,at,pt,rs,tq,tw,1,0,
ty,-0.3613562548365147,-0.38207157191969754,0.5111825377651856,0.0744633926660072,-0.17972374188364715,0.0,0.33143653938739615,-0.7243855044979185,
at,0.49972009468622763,-0.6347172051171424,0.5862272732183527,-0.5396154555080773,0.7117223705806819,0.5746394864426358,0.5873935555613717,0.2335085801384331,
pt,-0.7098080367317253,-0.2060890449616992,0.0,0.27846904049047005,-0.23382766607778288,0.5051242695115795,-0.6586265969918936,0.3605352674531496,
rs,-0.7068794448304754,0.5723691499416795,-0.6364917300208234,0.0,-0.48199493919573944,-0.3379263333110134,-0.3672412076575262,0.5430871820980325,
tq,-0.662667010445999,0.4217820606028298,0.6845399689884626,-0.06215975029391134,0.45653689292909405,0.6903280212132369,-0.4701644046190263,-0.7047656142052845,
tw,-0.42663451049836887,-0.25188620626598934,-0.6984801475586868,-0.6769816765224909,0.3427375036018415,-0.5046382854203827,-0.5723850862341853,0.5112015410841468,
1,0.0,0.0,0.0,0.0,0.0,0.0,0.0,0.0,
0,0.0,0.0,0.0,0.0,0.0,0.0,0.0,0.0,
