,ty,at,pt,rs,tq,tw,1,0,
ty,0.0,0.691305645371634,0.0,0.0,-0.19740339122748898,0.0,0.0,-0.47387999009937104,
at,0.0,0.0,0.6799721650021446,0.5275640116114505,0.3725447414128488,-0.6763085468439065,0.22337705841616284,0.721057245637194,
pt,-0.6594843448497727,-0.6724728056878299,0.5105251332094805,0.7204954009180294,0.658897822525325,0.7150340007282582,-0.7115859390267107,0.0,
rs,-0.7023537572293073,0.47098027205980425,0.53022958756857,0.0,-0.7239687450722639,-0.6915251076886942,0.0,0.0,
tq,0.7109739620682838,0.0,0.0,-0.6970548843257494,0.0,0.6878028787509489,0.0,0.0,
tw,0.0,0.0,0.6642642787796896,0.24694245047433794,0.5260774904142848,0.0,0.0,-0.7197819252514887,
1,0.0,0.0,0.0,0.0,0.0,0.0,0.0,0.0,
0,0.0,0.0,0.0,0.0,0.0,0.0,0.0,0.0,
