,ty,at,pt,rs,tq,tw,1,0,
ty,-0.20655777890726632,0.41512619203055157,-0.03113860784366337,0.6210223036625944,-0.07751609846659825,0.0,-0.47132373404971845,-0.35860736267988336,
at,0.2682367785869018,0.0,-0.0055055746165385356,-0.3512508150275376,0.3272541473825463,-0.5113287936496225,0.10964117057726147,0.0,
pt,-0.6124863506403972,-0.014330041313139766,0.2428478484775151,-0.15299435313438378,-0.06910160541161113,-0.5179034882703099,-0.6392179704046447,-0.46491463781209974,
rs,-0.1889762513502721,0.05786393440942577,0.20112176209970242,0.2669521505012994,-0.21574168756198106,-0.4069921762788357,0.6016340594685458,0.6100214001765676,
tq,0.6612238086520974,0.0038800945670404425,-0.17452156999616159,0.740652864560421,0.6247414081145402,0.4870341738097336,-0.2850625421080487,-0.398057791020072,
tw,0.04744048301375056,-0.41204309057139404,0.2261296840523544,0.2111174886088442,0.3515706637141419,0.10559217249787514,-0.41892288120981913,0.49350227072993363,
1,0.0,0.0,0.0,0.0,0.0,0.0,0.0,0.0,
0,0.0,0.0,0.0,0.0,0.0,0.0,0.0,0.0,
