,ty,at,pt,rs,tq,tw,1,0,
ty,-0.6207902405234406,-0.3843984400409979,-0.55653782836596,0.5330168601911356,-0.014121347573450677,0.5739353006394234,0.3452865902391876,0.5687371529081688,
at,-0.5988713972573595,-0.02221947581078583,-0.6426868453711485,-0.16607091514190545,-0.6715767672041831,0.5293759332014079,0.5473410009249873,0.2616820512737434,
pt,-0.42887301120826343,-0.45861219310491763,0.0,0.5066789729863453,-0.47027267368239006,0.510390633285348,0.530190411344882,0.5709467936017346,
rs,0.10239057574263455,0.5549459360323176,-0.3149451844728933,0.6671732955787125,-0.5551983947085036,-0.5593549898012001,-0.6159765455396913,0.610805237923607,
tq,0.5588085009723964,-0.41332972084882863,0.629177769020201,0.0,0.44862841181712276,-0.009212248556826988,0.5290529279623694,0.35439828653203054,
tw,-0.679669889792272,-0.6191592134899541,0.0,-0.4672391103559936,0.630240675067404,-0.4827488852351488,0.4155393662128723,-0.6278702709769068,
1,0.0,0.0,0.0,0.0,0.0,0.0,0.0,0.0,
0,0.0,0.0,0.0,0.0,0.0,0.0,0.0,0.0,
