,ty,at,pt,rs,tq,tw,1,0,
ty,-0.4240167842974936,0.29392537084809545,0.5454646076956208,0.3600630924166458,0.6929803733629504,0.07481159116645748,-0.6283747790882607,-0.6409404248673017,
at,0.03677976356788508,0.3479230426829727,-0.4660312260992738,-0.2966812198239703,0.001233134831714522,-0.21437910640192007,0.6216862376335722,0.53739640145463,
pt,0.4458590366048418,-0.1987505528687151,0.16884296281483596,0.4292303716613939,0.36122687115922314,0.4014381136391172,0.4565908272159817,0.5076061520429912,
rs,0.5838607264138082,0.20936967339737197,-0.28080495943220146,0.6937408776419235,0.39797273921095283,-0.3147957144886939,-0.43612106567299147,0.6214151939883186,
tq,0.2188629821803473,-0.5115014890999721,-0.19046757219451005,0.058126715043146794,-0.6045942898492218,0.5730249162886771,0.25683771354306323,-0.43566850823527026,
tw,0.005490911501420551,-0.28205149760947734,-0.4682532650399002,-0.19902001542284928,-0.6011722802690208,0.007267796639167809,-0.0774120059922666,-0.40427041345465203,
1,0.0,0.0,0.0,0.0,0.0,0.0,0.0,0.0,
0,0.0,0.0,0.0,0.0,0.0,0.0,0.0,0.0,
