,ty,at,pt,rs,tq,tw,1,0,
ty,-0.6304966143527361,0.03362667757818289,-0.6726232256128375,0.12554392411355916,-0.3927327744571635,0.5297422548282144,0.6302347502369288,0.6095675988146041,
at,-0.3831808380235148,0.6550511575536341,-0.30619656390281297,0.14003799526120292,0.40426957122034846,0.6671216328606732,-0.28885382722468506,-0.5183644748880838,
pt,-0.41264097396336813,-0.2903684583332769,-0.4615520395852205,0.6334593867843297,-0.36442012982491057,-0.3494567683195422,-0.4505073574668758,0.3860236801179306,
rs,0.5897833158322854,-0.5691857075710711,0.026739793571571843,0.6701733706935852,-0.4256050532577571,-0.4592905788677875,-0.6068588261222337,0.6329524333706361,
tq,-0.461214498670162,0.10051005258265427,0.6597987474174043,-0.6500825258262378,0.5734018461697704,-0.4448498446589092,0.6467465165663444,0.03405699580541987,
tw,0.06384081183485246,0.6133088931944874,0.14307764289718017,0.10296232717843243,0.5249064057748986,0.5100076348844965,-0.2727234425030511,0.5505070836146524,
1,0.0,0.0,0.0,0.0,0.0,0.0,0.0,0.0,
0,0.0,0.0,0.0,0.0,0.0,0.0,0.0,0.0,
