,ty,at,pt,rs,tq,tw,1,0,
ty,0.0,0.6920335104609132,-0.5436498850368926,0.5762737238137411,-0.2581278558994698,0.0,0.0,0.4050231243500995,
at,-0.10550558435091047,0.0,0.08663002289985161,-0.3764651774278137,0.0,0.3394688427516207,0.6077803957315336,0.4963387979777693,
pt,0.6814962075009577,-0.37919729435698935,0.0,0.48549939851725776,0.0,-0.4834943609031072,0.0,-0.6562167793259178,
rs,-0.01101884304973737,0.0,-0.33794655653080347,0.7165057252849025,0.45280947584021336,0.34189501592119353,0.0,0.6900324631339794,
tq,-0.5527462363704335,0.0,0.0,0.046871507437331164,0.0,-0.6287071468038989,-0.29619955247602314,-0.589993159951442,
tw,-0.2751624448029253,0.23247579927319978,-0.26047732261870027,-0.4951820968271309,-0.41225185018629673,0.0,0.563042238591297,0.5296551496206096,
1,0.0,0.0,0.0,0.0,0.0,0.0,0.0,0.0,
0,0.0,0.0,0.0,0.0,0.0,0.0,0.0,0.0,
