,ty,at,pt,rs,tq,tw,1,0,
ty,0.0,-0.3987185042191859,-0.4884510150910101,0.0,-0.40833925389429143,0.4012137431123243,-0.19785905027858275,0.4639018612189546,
at,-0.3491237424122004,0.0,0.40883027831402824,0.12312934732787184,-0.6901279316200601,0.38357787323696735,-0.6877988698763683,0.35937092084699807,
pt,-0.5089612495963802,-0.6588919587312138,-0.6709631312228372,0.30902078508913494,-0.4302087117670584,0.0,0.48936692023244055,-0.5242123988979707,
rs,-0.4600184928066029,-0.14261303416521065,-0.5148954208908567,0.0,-0.36545001894724627,0.023782305754771013,-0.6812066267154943,0.03948996661877388,
tq,-0.39419521819331643,-0.3865980246920022,0.5382104681226518,-0.2271158778614194,0.0,-0.45432698111655617,0.6838604679035357,-0.47415404263324695,
tw,-0.6860472329254061,0.40248586527703484,0.0,-0.336401719157465,-0.4570547389064172,-0.6885963949960624,0.0,-0.25574794689599695,
1,0.0,0.0,0.0,0.0,0.0,0.0,0.0,0.0,
0,0.0,0.0,0.0,0.0,0.0,0.0,0.0,0.0,
