,ty,at,pt,rs,tq,tw,1,0,
ty,0.0,0.0,-0.24419156370062609,0.0,0.0,-0.6216415017681713,0.0,0.0,
at,0.0,0.0,-0.3785664211719207,-0.7200316127078904,0.0,0.0,0.20887114561235381,0.23470928371917807,
pt,-0.6097821924501156,-0.10966458223010414,0.0,0.0,-0.11783614303565587,0.0,0.2386724523794245,0.47828260008446355,
rs,0.37622379567478503,-0.5739995988705892,0.0,0.0,-0.7288818086260093,0.0,0.0,0.5354691574899486,
tq,0.0,0.0,-0.11928840757842737,0.16352923181437504,0.0,0.0,0.0,-0.47104610067374814,
tw,0.0,-0.25973019553424853,0.2854381795508602,0.0,0.5350778400252286,0.0,0.01772609972138798,-0.3048505377744284,
1,0.0,0.0,0.0,0.0,0.0,0.0,0.0,0.0,
0,0.0,0.0,0.0,0.0,0.0,0.0,0.0,0.0,
