,ty,at,pt,rs,tq,tw,1,0,
ty,0.0,0.4766518826421059,0.0,-0.499548518830742,-0.3172722206711349,0.6091355336249942,0.07269324170200825,0.0,
at,0.0,0.0,0.0,0.0,0.5292129279360254,0.0,-0.399030719942125,-0.6458224303750172,
pt,0.02872141041976213,0.3440067572762363,0.0,-0.4721349212071652,-0.19107782209099874,0.47352879274213094,-0.6926410935496998,0.7296213087000599,
rs,0.12668910668390432,-0.34535697345168914,-0.6053275801715577,-0.49298306972147576,-0.6656736078773923,0.6645680020264234,0.29196437900474076,0.5808549492365662,
tq,0.5811259843366177,-0.3249786523439685,0.0,0.0,0.7169344581922145,-0.4352941740692496,0.36160829254598437,0.3026743173044544,
tw,0.04591686475340238,-0.3849866100931571,0.0,0.0,0.47452637092544164,-0.4358648876837125,-0.3216558911213966,0.0,
1,0.0,0.0,0.0,0.0,0.0,0.0,0.0,0.0,
0,0.0,0.0,0.0,0.0,0.0,0.0,0.0,0.0,
