,ty,at,pt,rs,tq,tw,1,0,
ty,0.0,0.12458570317510184,-0.10940263804109462,0.06797026863685328,-0.4294135471113668,-0.11578001652294595,-0.42606498670909476,-0.0033087236528722215,
at,0.6715485882635562,0.6334333375643719,0.6179788796251662,0.2898611766758134,0.6952752093666829,0.0,0.31717513448296336,-0.17949649587927646,
pt,-0.3286579345761695,0.0,-0.3140227039309842,0.35330952811666455,-0.6340112396367571,0.6510824581448087,-0.4496152763451404,0.6506753414020049,
rs,0.5794431641668409,-0.33848416506507195,0.37468702591855835,0.0,0.0,-0.3595076287033611,-0.6464961234620143,0.0,
tq,-0.637470889047488,-0.4217431916904195,-0.5695187229861096,0.0,0.5771164367523586,-0.3719017386947479,0.4930680156556233,0.48700288275062,
tw,-0.48461892459064587,0.369928105171366,0.0,0.44626320288414184,0.3282746901222797,-0.5365899890063188,0.6743474531245442,-0.38298336976872976,
1,0.0,0.0,0.0,0.0,0.0,0.0,0.0,0.0,
0,0.0,0.0,0.0,0.0,0.0,0.0,0.0,0.0,
