,ty,at,pt,rs,tq,tw,1,0,
ty,0.6061931119637449,0.1474936819884696,-0.42969619424696526,0.0,0.6619280379235847,0.5412883908738723,0.40605051504693623,0.3953396522534167,
at,0.0,0.18647298082775213,0.5415174719839697,0.44800600075022934,-0.6226445746399726,-0.5838987043023939,0.45943086814150674,-0.5430820438296194,
pt,0.5081846922376759,0.6994456167154239,-0.35673908853277064,0.4523467348486749,0.0,-0.40650162777329607,0.0,-0.4013090370876917,
rs,0.5076300431314268,-0.49308852805341596,-0.3902594325485499,0.6930877685854259,0.4375286635318687,-0.19465821242598452,-0.6997373616549363,-0.3182621930038967,
tq,0.0,0.25003153714980086,-0.6199558604235226,-0.6776119983747649,0.0,-0.5111341656948182,-0.6811591598889398,-0.5341362588189056,
tw,-0.44536668845849525,0.3861314968254491,0.0,-0.140863905304133,-0.4230524594433273,0.0,-0.509635845294609,0.38343594720872,
1,0.0,0.0,0.0,0.0,0.0,0.0,0.0,0.0,
0,0.0,0.0,0.0,0.0,0.0,0.0,0.0,0.0,
