,ty,at,pt,rs,tq,tw,1,0,
ty,0.0,-0.6610860800249158,0.6834085129129497,0.7077603943257992,-0.272561913885125,0.6159146721760598,0.48477929245212675,0.68012754987863,
at,-0.5315742869813951,-0.6487395858524182,-0.023254492622599744,0.6404076177329959,0.6616153636488291,0.47749526315589863,-0.21157666769590586,-0.6840788746733325,
pt,0.6886298456555566,-0.628515958172853,-0.30827990299530644,0.67848047644022,-0.33400588803871234,0.5914794415625235,-0.6318222868882448,0.5682534646375815,
rs,0.5835875298816803,-0.5536111219215275,-0.39244444115070465,0.0,-0.27253632445853193,-0.32157356856763125,0.6035520021683564,0.6701490230298736,
tq,-0.6856551479964917,-0.6806714941773045,0.36389747286183605,0.6141076910536276,0.6565090890365236,0.35891117998010974,0.6889782259350138,0.5188401434699367,
tw,0.33675509544910276,0.3729683507685984,-0.6799706137515488,0.3366624850189685,0.34259197963155336,0.0,-0.5729091570299245,0.6956137904231255,
1,0.0,0.0,0.0,0.0,0.0,0.0,0.0,0.0,
0,0.0,0.0,0.0,0.0,0.0,0.0,0.0,0.0,
