,ty,at,pt,rs,tq,tw,1,0,
ty,0.5821917298560814,0.6165615162059602,-0.6032439550915265,0.7314885294472792,-0.627013292102471,0.0,0.703183422388653,0.7300731617764726,
at,0.7228183475647836,0.61534108280317,-0.47226544293746353,-0.4042943326724939,0.6565110483827201,0.6583129649773671,-0.6574044334044041,-0.7051430631733774,
pt,-0.29967540362697925,-0.6675570102874411,0.0,0.44511713955612175,0.4956432973596739,-0.7065627035929629,-0.7150767137372835,0.6339305449477075,
rs,0.7405784582361294,-0.6869729571117729,0.08508056507354797,0.0,-0.7534234158220908,-0.6048708842372199,-0.5878134162022003,0.6630657914017165,
tq,0.7437778554021824,0.7236072915080719,-0.6990320884345947,0.5658707139976717,-0.7439010985094249,0.6106961695861931,0.5940228580438394,0.6822909734444095,
tw,0.7039122070241193,-0.5359794202647813,0.6474890867852592,-0.6179388184423373,0.3562378020915627,0.45972168446270373,-0.3135088856978616,-0.6647245839139717,
1,0.0,0.0,0.0,0.0,0.0,0.0,0.0,0.0,
0,0.0,0.0,0.0,0.0,0.0,0.0,0.0,0.0,
