,ty,at,pt,rs,tq,tw,1,0,
ty,0.0,0.6193643444125612,-0.2216887327589589,0.0,0.23391084944082574,0.0,-0.5469771985910457,0.09809670646635046,
at,0.0,0.0,0.0,0.38338629365317267,0.0,0.2436164076715375,0.44426203318073393,0.0,
pt,0.07974247457397951,-0.43813810936156683,0.0,0.0,0.5527930834777202,0.0,0.6115668353314486,0.4678533470507001,
rs,-0.7154403512455724,0.02057522115582076,-0.5375841851876133,0.0,0.0,0.0,-0.694173627202573,0.5654517328616586,
tq,-0.6297364781615586,0.0,0.0,0.2786985324853015,0.0,0.0,0.6164202240202431,0.5588301312652134,
tw,-0.5393065229261331,-0.4056645183998466,-0.2044057216686964,0.0,-0.5359552252633099,0.0,0.6236529026036747,-0.6451024010032556,
1,0.0,0.0,0.0,0.0,0.0,0.0,0.0,0.0,
0,0.0,0.0,0.0,0.0,0.0,0.0,0.0,0.0,
