,ty,at,pt,rs,tq,tw,1,0,
ty,0.0,-0.540372551168131,0.5224031736217305,0.49014928913039907,-0.307340607061971,0.01084172605230639,0.3049835421171525,0.2946865550652138,
at,-0.4107674328709157,-0.6049214472001266,-0.4952632942881016,0.6211398908416405,-0.16339455565956976,0.15362467511118885,0.46037795546479204,0.09838245470403453,
pt,0.0,-0.6025763114120074,-0.3807194673736471,-0.4898671490742399,-0.12109434761020826,-0.0913681677567666,0.4523635224958989,0.5183891597889623,
rs,-0.36424475353842606,-0.5041756832826378,-0.6100806058293752,0.6666281430978027,0.4688251836144293,-0.10074361825193211,-0.5255582969331427,0.5276672557713107,
tq,-0.4367509345745101,0.49086155460313136,0.5064502648494398,-0.4427740165671164,0.2893703202425101,-0.3286162282547153,0.3139118923891264,0.31319944902722185,
tw,0.696273853432679,0.0,-0.31211305708875287,0.3722022326574008,-0.47483481972481917,0.5264392049162213,0.4375519290512102,-0.7101965078913548,
1,0.0,0.0,0.0,0.0,0.0,0.0,0.0,0.0,
0,0.0,0.0,0.0,0.0,0.0,0.0,0.0,0.0,
