,ty,at,pt,rs,tq,tw,1,0,
ty,0.0,0.2556459661081541,0.5964871483139229,0.6314925819029478,0.2672723655721769,0.0,0.0,-0.5039370211320778,
at,-0.30348355121758647,0.0,0.46874207357298725,0.4495000360656498,0.0,0.5168003689741011,-0.3164736584455403,0.14681475091791502,
pt,0.0,0.6076082451798633,0.0,0.0,0.0,-0.43231550304615496,0.7015558916787491,0.0,
rs,0.0,0.0,-0.5378269927268367,0.0,-0.661469101386076,-0.6460244399699008,-0.5989950525623577,0.7097851778226275,
tq,-0.4725161999683696,0.0,0.6182223035378285,0.0,0.0,0.0,0.18098903985019515,0.0,
tw,0.2057859597962363,0.0,0.09729493474619993,-0.341253005436627,0.0,-0.34586000974468323,0.5814520635774035,0.20202631554154182,
1,0.0,0.0,0.0,0.0,0.0,0.0,0.0,0.0,
0,0.0,0.0,0.0,0.0,0.0,0.0,0.0,0.0,
