,ty,at,pt,rs,tq,tw,1,0,
ty,0.5208952003229629,-0.07268009911828302,0.6130643866240766,-0.16981598662523026,-0.15087566941945996,0.24952150122422553,-0.5705872676399063,0.02385038706666391,
at,0.5114837421720236,0.0,-0.6194607407482673,0.27265523126638863,0.6350430723171858,0.1080230690776741,-0.48105326887271405,0.5925870169042776,
pt,-0.039651547681312856,-0.5591899698293881,0.0,-0.6731300222748998,-0.17109726806079398,-0.32057216392491866,-0.5785836016556388,0.29758722845857155,
rs,0.39479223412614983,0.6013859076383681,0.6126377800317958,-0.5035271731261525,-0.6810198710574284,-0.5698722367663447,-0.488993248773436,0.5838603064042868,
tq,-0.3964587859176616,0.451180784215987,-0.41195566711632636,0.5285505463352412,0.540408742528107,0.3847925968965055,0.3847978574324002,0.147643120956144,
tw,0.522636944293783,-0.4462999935105046,0.5636468440975416,-0.3500670499264131,0.5854007355528111,-0.5824141217669446,0.0,0.3862090284215163,
1,0.0,0.0,0.0,0.0,0.0,0.0,0.0,0.0,
0,0.0,0.0,0.0,0.0,0.0,0.0,0.0,0.0,
