,ty,at,pt,rs,tq,tw,1,0,
ty,0.0,-0.3200022335254813,0.5953796511862771,0.0,0.066743481851606,0.0,0.7973882949194315,-0.16588026951175613,
at,0.0,0.0,0.0,0.025051498548813098,0.0,-0.5533039733910242,-0.4388674116056718,0.0,
pt,0.6030539895116449,-0.4697994589520807,0.0,0.0,0.38568209127625397,0.0,0.14139228705087056,0.0770208604751052,
rs,-0.30641979460072105,-0.6097098521145318,-0.10978747738644105,0.0,0.0,0.0,-0.27992412114784754,0.32773704868437215,
tq,-0.6543100757710234,0.0,0.0,-0.05141418700824953,0.0,0.0,-0.7424251659697993,0.7758886636763386,
tw,0.17182719384907272,-0.17241672997470087,0.06757130033619388,0.0,0.7213543577852759,0.0,0.06896178268393371,0.8123448166370089,
1,0.0,0.0,0.0,0.0,0.0,0.0,0.0,0.0,
0,0.0,0.0,0.0,0.0,0.0,0.0,0.0,0.0,
