,ty,at,pt,rs,tq,tw,1,0,
ty,0.0,0.0,0.0,-0.3993362756807949,0.0,-0.07075901782755319,-0.6355367507463299,0.0,
at,0.0,0.0,0.0,-0.12440724298851887,0.6989580498954965,0.0,0.0,0.0,
pt,0.0,0.0,0.0,0.0,-0.10979173582310481,-0.18002590394527124,0.0,0.19570108696704408,
rs,0.0,0.0,0.0,0.09663402212112893,-0.5007676349878961,0.0,0.0,0.0,
tq,0.0,0.7286956525683413,0.06774082974022942,0.13930269331450673,0.0,0.6967229901636417,0.0,-0.0593466292345591,
tw,0.0,0.0,0.0,-0.5261799432683707,0.6528665854848593,0.0,0.0,0.0,
1,0.0,0.0,0.0,0.0,0.0,0.0,0.0,0.0,
0,0.0,0.0,0.0,0.0,0.0,0.0,0.0,0.0,
