,ty,at,pt,rs,tq,tw,1,0,
ty,0.08030404833051671,0.0,0.648259916892029,-0.5433611451562165,0.0,-0.2119114426811103,0.40881722095269146,0.41772452891803413,
at,-0.0017346144012720375,0.5034271054818773,-0.04116577497181783,-0.041322813115845514,0.6892763753773115,0.1931195193792983,0.6301956260301544,0.0,
pt,-0.34942916049133926,-0.3563314171542528,0.0,0.5653759946305151,-0.23605114495752222,-0.4730570256517679,-0.3139278105392722,0.5095859978492193,
rs,0.0,-0.5633734160914671,0.44067113571572786,0.0,-0.3984214641440067,0.16652827632117959,-0.20140843847623632,0.0,
tq,0.32862366403117227,0.6276431175116578,-0.4335160013219506,0.34676221426287845,-0.38840364945828343,0.6226605142286344,-0.42001406978015,0.12267284198356476,
tw,0.0,0.6801647013256464,0.10996868144669417,0.6178924835886366,0.6254206492076412,0.17777230745997238,-0.09418442190554115,-0.5178027828990888,
1,0.0,0.0,0.0,0.0,0.0,0.0,0.0,0.0,
0,0.0,0.0,0.0,0.0,0.0,0.0,0.0,0.0,
