,ty,at,pt,rs,tq,tw,1,0,
ty,0.0,-0.6575050943285812,0.7170423883028482,0.6313883946474343,0.0,-0.18860854341987515,-0.5305495835322622,0.0,
at,0.0,0.0,0.6960015079551922,0.0,0.0,-0.007238485700501402,0.0,0.0,
pt,0.6212645432858657,0.0,0.0,-0.43680955510397557,0.0,0.05562425124635569,0.04426956211201216,0.0,
rs,0.0,0.0,-0.7208075572429005,0.0,-0.625827838146703,0.0,0.0,0.0,
tq,-0.4774802560186464,-0.2615100080145288,0.6456958556161149,0.0,0.6941736557408574,-0.6513849439040393,0.0,0.0,
tw,-0.6440467067960925,0.0,0.09474675799784482,0.0,0.644818022960272,0.0,-0.34474180209434163,-0.5040661502043868,
1,0.0,0.0,0.0,0.0,0.0,0.0,0.0,0.0,
0,0.0,0.0,0.0,0.0,0.0,0.0,0.0,0.0,
