,ty,at,pt,rs,tq,tw,1,0,
ty,0.0,-0.5996234863306508,0.06736645872354537,0.0,-0.3148961766889838,-0.6540641527888006,0.6698972615860196,-0.31090885548242897,
at,0.0,0.0,-0.28305503996987297,-0.11366708451966481,0.40372093659821484,0.1443860228492647,-0.5756138162704045,-0.5463749785904969,
pt,0.7470303511477647,0.6273655675018183,0.0,0.6594759553463269,0.6836903825338653,-0.005350286672106099,-0.18108827668804517,0.07137380154026272,
rs,0.0,-0.7299995244261235,0.0,0.732033624476568,0.0,-0.21647688043289368,-0.6121567776766053,0.42507277429928636,
tq,0.0,0.010109126532968658,0.0,-0.041772200940901366,0.0,0.6412792398076245,0.6552384584913777,0.4774933956561031,
tw,0.7346014464653123,0.0,-0.4509597352832623,0.0,-0.283536264988552,0.0,-0.5881186924328621,-0.7417508196302951,
1,0.0,0.0,0.0,0.0,0.0,0.0,0.0,0.0,
0,0.0,0.0,0.0,0.0,0.0,0.0,0.0,0.0,
