,ty,at,pt,rs,tq,tw,1,0,
ty,0.0,0.21169336901857472,0.3205911459398884,0.6798724004129355,-0.2200273058367483,-0.1396926479932218,-0.44532328443968405,0.44231153618797686,
at,-0.5769917444088124,-0.6317074897911161,-0.5603598932365016,-0.09269774538503872,0.514451698119971,0.4391729177901242,-0.11907138590531846,-0.33064462211962553,
pt,-0.5325152813644043,0.5721309007717486,0.23661914556180505,0.6662739906338706,-0.0732741815658048,-0.39309657492805417,-0.5923330256792816,0.6124981134147618,
rs,0.4705162913813606,-0.4247591819746098,0.49215303399558197,0.0,-0.5801957378542488,-0.12690903944138393,-0.6781132793137675,0.2525797581432966,
tq,0.3280771118735737,0.22697495587416475,0.3493586532630408,-0.5727639110446162,0.6731047850539509,-0.680030501521528,-0.07806238778583928,-0.24355693966334316,
tw,0.582296190451042,0.4892741833459459,-0.29389616286784037,-0.5387697815868191,0.30841795331702637,0.0,-0.6659088925668807,-0.6178421162255305,
1,0.0,0.0,0.0,0.0,0.0,0.0,0.0,0.0,
0,0.0,0.0,0.0,0.0,0.0,0.0,0.0,0.0,
