,ty,at,pt,rs,tq,tw,1,0,
ty,0.0,0.7183436633599948,0.0,0.0,0.0,0.0,0.0,0.694840020156426,
at,-0.7468565215224395,-0.741879418874395,0.0,0.0,0.0,0.0,0.0,0.0,
pt,0.6175698647261778,0.0,0.0,0.7295422565355605,0.0,-0.6891759761902333,0.0,0.0,
rs,0.0,0.0,-0.6500236659695215,0.0,-0.605067984771492,0.5623765097528923,0.0,0.6932210545647765,
tq,0.0,-0.2862387989052433,0.0,0.0,0.7578227952025968,-0.7121555388764532,0.055367054568893806,0.0,
tw,0.0,0.0,0.0,0.0,0.5906696763562939,0.0,0.0,-0.27258184308525396,
1,0.0,0.0,0.0,0.0,0.0,0.0,0.0,0.0,
0,0.0,0.0,0.0,0.0,0.0,0.0,0.0,0.0,
