,ty,at,pt,rs,tq,tw,1,0,
ty,0.0,0.0770440561169869,-0.693718924383391,0.7103245765222996,-0.6901721710831743,0.0,0.2150330862771593,0.700110965520367,
at,0.7198436326138339,0.6771032376794996,0.0,-0.6019691436209031,-0.567798283237905,-0.5925359681986487,0.656804114937949,0.0,
pt,0.7160958122408921,-0.7189010720819691,0.0,0.7165769083628216,0.7205863423161706,0.0,-0.6742339047905528,-0.5214342665569083,
rs,-0.6825454219174031,-0.7259707249720002,0.7161402744869263,0.7025950595877373,-0.7116534542469681,0.46574095789455056,-0.702156424571876,-0.5843783472872057,
tq,-0.6416330423761148,0.7062992533629227,-0.3014188102051884,-0.7018110418033006,0.33718792905966855,0.7099873122971787,0.7014109271298835,0.6805537687855382,
tw,-0.41015524835016837,0.5369526506593474,0.0,0.10393149547897325,0.5739832252643667,0.0,-0.4540699519135136,0.521946251570882,
1,0.0,0.0,0.0,0.0,0.0,0.0,0.0,0.0,
0,0.0,0.0,0.0,0.0,0.0,0.0,0.0,0.0,
