,ty,at,pt,rs,tq,tw,1,0,
ty,0.617453867039079,0.0,0.6810962197655314,0.6057368434845255,-0.2003745923168507,0.35522152231664783,-0.5894080367318839,0.0,
at,-0.6492451228545418,0.0,-0.38972123073325243,0.15192869800568065,0.5737533230140531,0.6216094997011317,0.22682128939953802,0.4425832248637024,
pt,0.0,0.0,0.5062067585940571,0.0,-0.09693517283261015,0.682837223751998,-0.28143078860257786,-0.21314749195639768,
rs,0.5127850754140195,-0.6472400595408261,0.6189406528293842,-0.049089449319330736,-0.45536432245790853,0.3764968857368121,0.536212249786151,0.041006375843396184,
tq,-0.6606287776657935,0.0,0.5535506422091596,-0.46683639263786275,0.2253029917807784,0.6310915855428701,0.0,-0.5721140328970928,
tw,0.4525538979065198,0.6391629100202398,-0.6801265980506074,-0.6713602825023015,0.5056558874985501,0.6771531909038316,0.3760071657518062,0.6499267568071788,
1,0.0,0.0,0.0,0.0,0.0,0.0,0.0,0.0,
0,0.0,0.0,0.0,0.0,0.0,0.0,0.0,0.0,
