,ty,at,pt,rs,tq,tw,1,0,
ty,-0.5930479336579801,-0.46878103251103953,-0.6677749114460684,0.418833939159626,-0.478166290614973,-0.4880557933286692,-0.018904756706172074,0.18522063803532388,
at,0.6428438473311966,0.6603639330975353,0.3000664594265307,-0.5736459818117926,0.14666219556893045,-0.6748603450572981,0.49585620827887084,-0.5395772578762408,
pt,0.5419648106536088,-0.5988529437766632,0.6797672827315772,0.5516835595172338,0.6666115801309884,-0.67745698300931,0.6881424841694854,0.6870344495651917,
rs,0.6486278038436076,-0.6612319597884139,0.6631363821890663,-0.6405203542938471,-0.6708672177132623,-0.6730948964715365,-0.5392747511041127,0.6878825451352165,
tq,-0.5654892698301376,0.6897190879623971,-0.6294690613513619,0.668341153034629,0.48129273928233185,0.6902929923479043,-0.6496234873450059,0.10881346833029419,
tw,-0.6345269580776867,0.6859827640845676,0.6856342297515652,-0.689084311199962,0.3773612973470347,0.6780396300721993,-0.6865614159487173,-0.5669672743560784,
1,0.0,0.0,0.0,0.0,0.0,0.0,0.0,0.0,
0,0.0,0.0,0.0,0.0,0.0,0.0,0.0,0.0,
