,ty,at,pt,rs,tq,tw,1,0,
ty,0.0,0.10513744844586659,-0.5214163841358672,0.0,-0.6531987010165239,0.5369705967821214,0.639193608914626,0.6481489634021438,
at,0.0,0.0,-0.5004890735448291,-0.1395483599042099,0.6442856748516582,-0.4098643622704344,0.5853992474514803,-0.6246771233585815,
pt,0.35898067479998463,-0.11742853780734339,0.0,0.632369086957122,0.6447058496892726,-0.20370902882251826,0.5239893040883968,-0.13377566034662342,
rs,0.0,-0.6814490952927742,0.0,0.6986445464407298,0.0,-0.6042056117919697,-0.4741170238078415,0.30626496150268334,
tq,0.0,0.5583734821722166,0.0,-0.06672478484050802,0.0,-0.5094154217944254,-0.5477541670026486,-0.622086261313904,
tw,-0.463014777025873,0.0,-0.36045947264323075,0.0,0.500296055757361,0.0,-0.543149196871171,0.6309359072498528,
1,0.0,0.0,0.0,0.0,0.0,0.0,0.0,0.0,
0,0.0,0.0,0.0,0.0,0.0,0.0,0.0,0.0,
