,ty,at,pt,rs,tq,tw,1,0,
ty,-0.7004681517567812,0.6246079468887203,-0.5410633542616348,0.0,0.507012239963228,-0.35605434214187576,0.0,0.0,
at,0.6128680892250916,0.0,0.5367953674524202,0.0,0.2129900748698018,0.19200254866509525,0.0,-0.22478059417965673,
pt,0.5078248683478528,0.0,0.6616965783974869,0.4665034979335964,0.6360414116581125,0.0,0.6373017684148496,0.22164172828737772,
rs,0.6823241662121723,0.5926521859505425,-0.6775447208646813,0.6938430097217222,0.5836107245616237,-0.6069246264906535,-0.18519249104344723,0.6357724832356499,
tq,0.6089758224788007,0.25773060550933635,0.5901647135423541,0.0,-0.12764196459797275,0.39105813071000506,-0.4724127894456002,0.0,
tw,0.0,0.0,0.6112466689195772,-0.363356752382102,0.6627380121589979,0.3679579682701375,0.0,0.0,
1,0.0,0.0,0.0,0.0,0.0,0.0,0.0,0.0,
0,0.0,0.0,0.0,0.0,0.0,0.0,0.0,0.0,
