,ty,at,pt,rs,tq,tw,1,0,
ty,0.0,0.0,0.0,-0.007349729409772652,0.27200660501344986,-0.3803141156703425,0.0,0.37716725606891344,
at,-0.6038540964882004,0.0,0.0,-0.034006547470328385,0.0,0.0,0.0,-0.47858964144489163,
pt,0.25771520848054524,0.2250495058033866,0.0,0.0,0.0,-0.06086659168865241,0.0,0.0,
rs,0.0,-0.49438283055120236,-0.24625960748827866,0.0,0.0,0.0,0.0,0.7043745608008344,
tq,0.3176096226440731,-0.5679289002746684,0.0,0.2764257138628574,0.0,0.7078663402867249,0.4533095792400244,0.0,
tw,0.0,-0.5838326399338638,-0.04744677270913263,0.20790253096273373,0.0,0.0,0.6161582865587005,0.4652547619452187,
1,0.0,0.0,0.0,0.0,0.0,0.0,0.0,0.0,
0,0.0,0.0,0.0,0.0,0.0,0.0,0.0,0.0,
