,ty,at,pt,rs,tq,tw,1,0,
ty,0.0,0.0,0.02476530718990033,0.0,0.0,0.09587124256487112,-0.33825202952469907,0.0,
at,0.0,0.0,0.0,0.14568686752894128,0.0,0.05366752880598016,0.7034589881406496,-0.11739063081817812,
pt,0.5879245939242107,0.192794324874141,0.0,0.0,0.0,0.0,0.4317625828706277,0.0,
rs,-0.34397800056737493,-0.6160175967260542,0.5859107777504177,0.0,-0.6614190600219857,0.0,-0.787699030419946,0.13335180774351524,
tq,0.437983009979031,0.08496227241832614,0.0,-0.5234349839530799,0.0,0.0,0.7080341117114293,-0.431744789753988,
tw,0.0,0.0,0.0,0.0,0.0,-0.22450855734013644,0.0,-0.6055739432379531,
1,0.0,0.0,0.0,0.0,0.0,0.0,0.0,0.0,
0,0.0,0.0,0.0,0.0,0.0,0.0,0.0,0.0,
