,ty,at,pt,rs,tq,tw,1,0,
ty,0.0,0.13114353746099805,-0.5818728836654948,-0.6134972209006337,-0.16945338179089953,-0.04465555176684621,-0.7180370556008322,0.0,
at,0.0,0.0,0.0,-0.7164396263933321,0.26467483660463054,-0.7914559605827696,0.0,0.0,
pt,0.0,0.31332834809124094,-0.4021697164755198,0.0,-0.005353272721568826,-0.7912621605260807,-0.4006957248591533,0.0,
rs,0.0,0.0,0.0,0.0,0.06329826292086974,0.0,-0.24208139178463778,-0.7915467844704076,
tq,-0.13961414386427903,0.7820721516716344,-0.7704341187905688,-0.7313732813516602,0.0,0.0,0.7761279495563859,-0.327849600787053,
tw,0.7753822567355542,0.0,0.7868002228946738,0.7682057566967986,0.26139843429814386,0.0,-0.529313528715234,0.0,
1,0.0,0.0,0.0,0.0,0.0,0.0,0.0,0.0,
0,0.0,0.0,0.0,0.0,0.0,0.0,0.0,0.0,
