,ty,at,pt,rs,tq,tw,1,0,
ty,0.0,0.0,0.32643519577704116,0.0,0.0,-0.12599241398114266,0.0,0.0,
at,0.0,0.0,-0.5977206497079626,0.39996553184769473,0.0,0.0,0.5801962942242422,0.07270378846421899,
pt,0.17463125936493198,0.5653704016689333,0.0,0.0,-0.479576416546044,0.0,-0.5576194341791545,-0.0935739281376841,
rs,0.3417494246815864,-0.47604661495906986,0.0,0.0,-0.5388593735869853,0.0,0.0,0.6131394238082278,
tq,0.0,0.0,0.2966355607549683,0.30007237375618373,0.0,0.0,0.0,0.4815202548912391,
tw,0.0,0.545311732383166,0.17784436976540935,0.0,-0.4901376815907736,0.0,0.49664750655625534,-0.554269131109563,
1,0.0,0.0,0.0,0.0,0.0,0.0,0.0,0.0,
0,0.0,0.0,0.0,0.0,0.0,0.0,0.0,0.0,
