,ty,at,pt,rs,tq,tw,1,0,
ty,-0.523708811240434,-0.0183504769006378,0.6223828733414594,0.5617582372051624,0.24064101187655143,-0.526060680458964,-0.6892148379534836,0.6315366203337076,
at,-0.6555053000681988,0.7234443474364348,0.24247894338996331,-0.04935651936357091,0.7453412064696818,-0.7061724664990922,0.6706408055373774,-0.5569761384205133,
pt,0.49993593198243974,-0.5273634470060893,0.740077548745335,0.7359595220372412,0.0763771898747967,-0.7347563155973355,-0.1903888245588413,0.7259784608266943,
rs,0.6812599643601952,-0.7281472876104719,-0.6964110869322315,0.7340259769520835,-0.41818846179149066,0.4527085773224874,-0.7131000201830869,0.7366676989356159,
tq,0.6140709896959349,0.7332967700576779,0.24922105437037295,-0.6691639763289107,0.4274561950449163,-0.5760637497832576,0.42512539121929716,0.5097642294180325,
tw,-0.7234539608421015,0.7052711633378387,-0.6763956831700799,-0.4201999164853095,-0.6651869866139252,0.6446245890384181,-0.6176613451805311,-0.6486952781281267,
1,0.0,0.0,0.0,0.0,0.0,0.0,0.0,0.0,
0,0.0,0.0,0.0,0.0,0.0,0.0,0.0,0.0,
