,ty,at,pt,rs,tq,tw,1,0,
ty,0.0,-0.5173599450780076,-0.07146526457944777,0.0,-0.7118546516813685,0.0,-0.536254517348344,0.7496726273144573,
at,0.0,0.0,0.0,0.18972869419607893,0.0,-0.41626102039833796,0.44134032687499913,0.0,
pt,-0.710534617772849,-0.002160940117346178,0.0,0.0,0.44401991670283925,0.0,-0.19755687825475432,-0.3312439541350198,
rs,0.7541661496338039,-0.7123709452920174,-0.46975293296596093,0.0,0.0,0.0,-0.7060046596492071,-0.67250803830713,
tq,0.46346435665084545,0.0,0.0,0.3805772118466568,0.0,0.0,0.33636661572172105,-0.13037707680709698,
tw,-0.7200923976930951,-0.16860946059635032,0.7220458362048758,0.0,0.4612744166049783,0.0,-0.34153451447820815,-0.6314680049202406,
1,0.0,0.0,0.0,0.0,0.0,0.0,0.0,0.0,
0,0.0,0.0,0.0,0.0,0.0,0.0,0.0,0.0,
