,ty,at,pt,rs,tq,tw,1,0,
ty,-0.2643500611932943,0.0,0.0,0.0,-0.03503653572043351,-0.03410468220364301,0.0,0.0,
at,0.0,0.0,-0.5455662109758601,0.0,0.0,0.0,0.0,-0.4535381973170078,
pt,0.0,0.0,0.0,0.2995880654802075,0.0,0.09564076508781441,0.0,-0.7158492382395123,
rs,0.13531449299660261,0.7912482004075609,-0.3317544114350766,0.0,0.0,0.0,0.41403024885905176,0.09710577719004497,
tq,-0.032216793306361236,0.3898837060766246,-0.43602305476743,0.7381436940063055,0.0,-0.4731436241821883,0.8524537149470595,0.0,
tw,-0.13884698198281173,0.0,0.1075916141110818,0.0,0.0,0.3450363394129654,-0.47202338080314843,0.0,
1,0.0,0.0,0.0,0.0,0.0,0.0,0.0,0.0,
0,0.0,0.0,0.0,0.0,0.0,0.0,0.0,0.0,
