,ty,at,pt,rs,tq,tw,1,0,
ty,0.052524122102392136,0.0,-0.25901463595825885,0.41239518549042875,0.0,0.0,0.0,-0.4773546715900197,
at,-0.5807803778478439,-0.6745273644696467,0.0,0.0,0.4340933790676673,0.0,0.0,0.0,
pt,0.0,0.0,0.0,0.6364022439704885,0.0,0.30937467878414326,-0.4147122818293329,0.0,
rs,-0.169149680424767,-0.5832064275611648,0.0,0.0,0.0,0.0,-0.5055717338153867,0.051601329352491676,
tq,0.0,0.0,0.0,0.0,0.0,0.0,0.0,-0.5002758068142148,
tw,-0.506041617339353,0.0,0.0,-0.40874460703700854,0.0,0.0,0.0,0.0,
1,0.0,0.0,0.0,0.0,0.0,0.0,0.0,0.0,
0,0.0,0.0,0.0,0.0,0.0,0.0,0.0,0.0,
