,ty,at,pt,rs,tq,tw,1,0,
ty,0.0,0.0,0.0,0.0,0.0,0.0,0.5556270605104197,0.0,
at,0.3934388087084655,0.0,0.2945239759662608,0.0,0.0,-0.539264312996824,0.0,0.0,
pt,0.11203683821167676,0.0,0.0,0.0,0.0,-0.8211485899750788,0.0,0.3327943924274783,
rs,0.5327253811291508,0.8260380284844691,0.0,0.0,0.0,-0.8626448974152494,0.0,0.3321400758579054,
tq,0.0,-0.48590493557827297,0.873423620897847,-0.281407440323443,0.0,-0.5351354032735827,0.0,-0.1577044865537529,
tw,0.08141404245168671,-0.9057110486603341,0.0,0.0,0.3895285379294424,0.0,0.0,0.0,
1,0.0,0.0,0.0,0.0,0.0,0.0,0.0,0.0,
0,0.0,0.0,0.0,0.0,0.0,0.0,0.0,0.0,
