,ty,at,pt,rs,tq,tw,1,0,
ty,0.34543024780585396,-0.4210618069590617,-0.6067799407100691,-0.23089478740867114,0.05836692029348294,0.1819848692986283,-0.5968194904139243,0.6159729660257142,
at,-0.17321856808471983,0.11462124292825202,0.32190611383625284,-0.17700496066669602,0.44053326148141514,0.6667412718131174,0.5739626137479593,-0.5519953331727308,
pt,-0.3659672360162605,-0.6064826007181792,-0.21228212017095852,-0.5520129758562782,0.047147141180790525,0.370460767867104,-0.31472254369518116,-0.2501290879568769,
rs,0.33526999528742535,-0.23244582924147303,-0.5985519471842067,0.5209160482764649,-0.4304696603849366,0.5648018560981986,0.1336627784579958,0.45402902233629283,
tq,-0.32822701886306516,0.5425644505732926,0.49593499939101165,-0.567749588380437,0.35179600819472573,0.6664246816611797,-0.3804343435335952,0.6350229119015719,
tw,-0.3608314430867098,0.673160966862971,-0.48875168584486006,-0.4930857546436368,-0.48497548273796776,0.4571157955760101,-0.5691395536262142,0.2581332726846585,
1,0.0,0.0,0.0,0.0,0.0,0.0,0.0,0.0,
0,0.0,0.0,0.0,0.0,0.0,0.0,0.0,0.0,
