,ty,at,pt,rs,tq,tw,1,0,
ty,0.0,-0.10855397352163942,-0.48213404910378055,-0.7183100175911191,0.6798523901219047,-0.13189237889507444,-0.7127342209224793,0.0,
at,0.0,0.0,0.0,-0.12494135674149465,0.7065127478896763,-0.6875261047549545,0.0,0.0,
pt,0.0,-0.30065428358209373,-0.5846386277419205,0.0,0.6098532109321885,0.4844689186792987,0.2624818394902721,0.0,
rs,0.0,0.0,0.0,0.0,0.6807724302153738,0.0,-0.10642600693243041,0.6243850720073588,
tq,0.3297823463639949,0.7274274231150738,-0.576191563475499,-0.6725361478559926,0.0,0.0,0.6984417046561274,0.68380800293006,
tw,-0.41426372604011813,0.0,0.7113994853643599,-0.7398541412549242,-0.1250996969405394,0.0,0.6218278121301425,0.0,
1,0.0,0.0,0.0,0.0,0.0,0.0,0.0,0.0,
0,0.0,0.0,0.0,0.0,0.0,0.0,0.0,0.0,
