,ty,at,pt,rs,tq,tw,1,0,
ty,0.0,0.304624008976576,0.0,0.478193167251611,0.3789997580454537,0.0,-0.6860116913139803,0.0,
at,0.29021597729871346,0.0,-0.39554308793822013,0.22421257910167117,0.6303765899414172,0.5137755749384693,-0.5678595303720446,-0.5948826838024918,
pt,-0.6140532144523861,0.13080895036843007,0.0,0.0,-0.586664006829694,-0.5572922183577969,0.0,-0.46060099470743604,
rs,0.0,-0.5655215144418444,-0.4730281130295757,0.0,-0.555481203693242,-0.45358182896522004,-0.5038499017383742,0.24431999772794064,
tq,0.0,-0.3103986154806619,0.0,0.0,0.0,-0.5297514025118751,0.6158450726625756,-0.6316812447097055,
tw,0.0,0.0,0.0,-0.19415562347280513,0.0,0.0,-0.3157931611910805,0.0,
1,0.0,0.0,0.0,0.0,0.0,0.0,0.0,0.0,
0,0.0,0.0,0.0,0.0,0.0,0.0,0.0,0.0,
