,ty,at,pt,rs,tq,tw,1,0,
ty,0.0,0.6137284734945156,-0.7294484426842722,0.6833452574310822,0.0,-0.6715333759178685,-0.5862103881661181,0.0,
at,0.0,0.0,-0.6386956659792375,0.0,0.0,-0.7426560619424318,0.0,0.0,
pt,-0.7072120618881315,0.0,0.0,0.03964951561090874,0.0,-0.7478463358308516,-0.7394759580275689,0.0,
rs,0.0,0.0,0.7184931775196274,0.0,-0.7304770660501142,0.0,0.0,0.0,
tq,-0.20625823965401752,0.09642946643905491,-0.7415425716947237,0.0,0.7558237985620125,0.6925093081522576,0.0,0.0,
tw,-0.7614386151868688,0.0,-0.7547977973897133,0.0,0.718896399632349,0.0,0.7396111162809423,0.7350026360035152,
1,0.0,0.0,0.0,0.0,0.0,0.0,0.0,0.0,
0,0.0,0.0,0.0,0.0,0.0,0.0,0.0,0.0,
