,ty,at,pt,rs,tq,tw,1,0,
ty,0.0,0.0,0.0,0.6368380814063479,-0.6474056194465686,0.6018775425522604,0.0,-0.5130402331302557,
at,0.42790676774398106,0.0,0.5746841074315265,0.0,0.13116321257288827,-0.6458431915049124,-0.6786821811436001,0.5135613967753533,
pt,0.6297634233657444,-0.5912106903049068,0.0,0.0,0.5314250925424817,0.6819310428515385,0.0,0.0,
rs,-0.6491153788281446,0.6930387338675508,-0.5897799512748507,0.0,0.0,0.0,-0.6666756381454253,0.0,
tq,-0.578944065317438,-0.569044503546781,0.6985061470964564,0.26240985153441027,0.0,0.6432993929479615,0.5303163514786209,0.5073247529783553,
tw,-0.6108563799104235,-0.6928454677991479,0.6248393712644991,0.10525307510837621,0.0,0.0,0.0,0.0,
1,0.0,0.0,0.0,0.0,0.0,0.0,0.0,0.0,
0,0.0,0.0,0.0,0.0,0.0,0.0,0.0,0.0,
