,ty,at,pt,rs,tq,tw,1,0,
ty,0.0,0.4735320446371553,-0.4594171400661134,0.0,0.0,-0.19419575928306967,0.36429085595231353,0.6923857640787536,
at,-0.22452338172709668,0.0,0.6477305000889222,0.6363171321813319,0.6819780881203347,0.0,-0.6008396861147578,0.0,
pt,0.6816234445357885,0.0,-0.5848037424126323,-0.5833908647157848,-0.260887654989087,0.4128543198024325,0.0,0.5458265618006193,
rs,0.3500562273914788,0.0,0.16728094891122233,0.0,-0.6219423679132143,-0.6459593223069456,0.0,0.6314510402205671,
tq,-0.5581967973222981,-0.5174551399684938,-0.16120381679851045,-0.6732201148257498,0.5982092571376736,-0.08384211086693458,0.28515194882421635,0.2142281895216868,
tw,0.0,-0.3565056995678036,-0.3932559314509129,0.3183622230729548,0.4350034723319826,0.0,0.0,0.6705832449075997,
1,0.0,0.0,0.0,0.0,0.0,0.0,0.0,0.0,
0,0.0,0.0,0.0,0.0,0.0,0.0,0.0,0.0,
