,ty,at,pt,rs,tq,tw,1,0,
ty,0.0,0.5687087783969142,0.6627615007075087,0.0,0.0,0.4667861335660178,0.13988484027436332,0.5956759389480787,
at,0.6865564365979604,0.0,0.5925830303689399,-0.5238677101372361,0.7252183904112919,0.0,-0.5989102259883993,0.0,
pt,-0.7282261671901757,0.0,-0.5910842643745275,-0.6665288741198963,-0.283009900625439,-0.6385491806145429,0.0,0.6749335362017369,
rs,0.7278676549995238,0.0,-0.5913989465016573,0.0,-0.7152125248391745,-0.7354190052131597,0.0,0.65137670782454,
tq,0.3772492880127229,-0.6726964886573827,0.6293272321905541,0.5836924121076327,0.6398271726519252,0.2769184234993102,-0.5980741387582865,-0.7013759359689015,
tw,0.0,-0.6200941859480843,0.3328419697843794,-0.640409221909437,0.5006859207901337,0.0,0.0,0.7309529560641042,
1,0.0,0.0,0.0,0.0,0.0,0.0,0.0,0.0,
0,0.0,0.0,0.0,0.0,0.0,0.0,0.0,0.0,
