,ty,at,pt,rs,tq,tw,1,0,
ty,0.0,-0.45648115172368164,0.0,0.22577272086238825,-0.002683498839557764,0.0,0.006987559790597749,0.0,
at,-0.16825077897711455,0.0,0.6762077496311234,-0.7179690340743276,0.6120953016559375,-0.2700128827597146,0.3347188296213514,-0.6088559943023781,
pt,-0.44651415366623876,0.3366797167165561,0.0,0.0,0.33104191725185084,-0.720050299230944,0.0,0.5275742274781878,
rs,0.0,-0.5717414602066959,0.24612396138733308,0.0,-0.7147578479419952,0.5191727501830302,-0.4896302415439835,0.13908563293135276,
tq,0.0,0.6584671874577628,0.0,0.0,0.0,-0.7287012592581842,-0.3731234465363709,-0.4422402731870097,
tw,0.0,0.0,0.0,0.1216822824308225,0.0,0.0,0.13322211654518842,0.0,
1,0.0,0.0,0.0,0.0,0.0,0.0,0.0,0.0,
0,0.0,0.0,0.0,0.0,0.0,0.0,0.0,0.0,
