,ty,at,pt,rs,tq,tw,1,0,
ty,0.0,0.0,0.0,0.4850528773671269,0.0,0.09709371385725452,0.6717368886779679,0.7646977874609033,
at,0.0,0.0,0.7616420018088851,0.34990045004864895,0.7688626536802845,0.0,0.002106810423992873,0.0,
pt,0.0,0.0,0.0,0.0,0.0,-0.5624630009980245,0.0,0.0,
rs,0.0,0.0,0.0,0.0,-0.7621696784567301,0.0,0.0,0.0,
tq,-0.12380391937152993,0.7964167519384258,0.0,0.0,0.0,0.0,0.0,0.0,
tw,0.0,0.63451407116781,0.05349820790254411,0.0,0.7348373922484085,0.0,-0.790461578268359,0.799632831460589,
1,0.0,0.0,0.0,0.0,0.0,0.0,0.0,0.0,
0,0.0,0.0,0.0,0.0,0.0,0.0,0.0,0.0,
