,ty,at,pt,rs,tq,tw,1,0,
ty,-0.6891262709555899,-0.6577289437682747,-0.64688890106924,0.6179227225552798,-0.20316201804193343,0.18648166708125985,0.5288266961415409,-0.5692408646274827,
at,0.38660483676046564,-0.5602411708098821,0.24216103125464722,0.6364877686402035,0.6250252280976621,0.6322252927399221,-0.613279483009902,0.6135514072327877,
pt,0.6525727536705889,0.002863713718808111,-0.6269910592724616,-0.6047626600168733,-0.5104722542802954,0.3212562904599085,-0.6914293122844417,0.517324080291735,
rs,0.6608620999620148,0.6463906033918547,-0.44897972103990086,0.3726446450914403,-0.6367673187138546,0.32016095193179595,-0.4558303821754982,0.6946538112287707,
tq,-0.6782328637367536,0.6148005296647796,-0.16724905450935515,0.45657053401578285,0.6562554304575776,0.6645982495560817,0.6232894471401135,0.1785977764548194,
tw,0.6209021223889858,-0.6533015810121102,0.6355675554307219,-0.5441297320246442,0.6375652463368884,-0.6485414003665668,-0.6821042645940543,0.6988780772382498,
1,0.0,0.0,0.0,0.0,0.0,0.0,0.0,0.0,
0,0.0,0.0,0.0,0.0,0.0,0.0,0.0,0.0,
