,ty,at,pt,rs,tq,tw,1,0,
ty,-0.5388091088249749,0.0,0.7127981074501523,0.5210001796666467,-0.2781638262418207,-0.6674245682099411,-0.4803169914076697,0.0,
at,0.4333209113674446,0.0,0.5855973879695998,-0.2629354973678389,0.7030167255094172,0.6798959404282628,0.34348850066895387,0.7283594307605413,
pt,0.0,0.0,0.6630555623043143,0.0,-0.2138264213417267,0.7225537938509845,0.10593934008453514,0.1326113514062004,
rs,-0.7378982032197671,0.2028213116525852,0.7191262478494828,0.2078312436366324,-0.6700771380100431,0.2063090857682587,-0.7203617619118764,-0.5915105875545954,
tq,0.3511664070081428,0.0,0.27836768044802357,-0.6932934016228557,0.7110306084048952,-0.6535916228397122,0.0,-0.07047330597006227,
tw,-0.38128429128446006,-0.6255893908562422,-0.7074989680100197,-0.7012015756827402,0.32672825544006573,0.49728733867344616,-0.7355860689704646,0.7277768033250981,
1,0.0,0.0,0.0,0.0,0.0,0.0,0.0,0.0,
0,0.0,0.0,0.0,0.0,0.0,0.0,0.0,0.0,
