,ty,at,pt,rs,tq,tw,1,0,
ty,0.0,0.681252087841634,0.0,-0.39238005192093517,-0.32728699246486165,0.6586376552684138,0.6663102187640433,0.6269534983660924,
at,-0.6997158523911324,0.5088697826172293,0.6702417101782931,0.6193133847255651,0.42160880005296697,0.5898736565979368,0.6811764857721567,0.6552369565102791,
pt,0.46963975217507903,0.6671936736478109,0.6640041844301319,-0.4591883526176388,-0.03496217102988978,-0.4787255986306656,0.49451842539720925,0.640227524256575,
rs,-0.6226171424683222,-0.5427443739902437,0.6575150128265558,-0.6796459561796744,-0.7029925349420552,-0.44514173619528324,0.5015533426360753,0.7190848004662102,
tq,0.664435209120374,-0.3791691129532776,0.0,-0.6330057409234721,0.5639835148348626,0.551090523738483,-0.4596097059740046,-0.6507287731505953,
tw,-0.592192878925324,-0.6082978720287587,-0.5047527183801072,0.5482528291006787,0.637536873162298,-0.5866993085699933,-0.5834974643947459,0.6618611705786122,
1,0.0,0.0,0.0,0.0,0.0,0.0,0.0,0.0,
0,0.0,0.0,0.0,0.0,0.0,0.0,0.0,0.0,
