,ty,at,pt,rs,tq,tw,1,0,
ty,0.0,0.0,0.0,0.0,0.0,0.0,0.19318274005795807,0.0,
at,-0.18925751311616523,0.0,0.6368035052666481,0.0,0.0,-0.7088846769811828,0.0,0.0,
pt,0.4449850388849668,0.0,0.0,0.0,0.0,0.24949337917221362,0.0,-0.5421800865935451,
rs,-0.5294330459850936,-0.57631849676137,0.0,0.0,0.0,0.22563510240064968,0.0,-0.5987171301408029,
tq,0.0,0.03817419323504191,-0.08449145658087914,0.08362048488979483,0.0,0.26951214167188525,0.0,-0.5072539786353694,
tw,-0.4913374431815751,0.6372896601667392,0.0,0.0,-0.05756331563067733,0.0,0.0,0.0,
1,0.0,0.0,0.0,0.0,0.0,0.0,0.0,0.0,
0,0.0,0.0,0.0,0.0,0.0,0.0,0.0,0.0,
