,ty,at,pt,rs,tq,tw,1,0,
ty,0.0,-0.6307225177408853,0.30735483115039364,0.37471834077359517,0.5496230931585021,-0.4207494266243531,-0.3812002336349338,-0.1742868000526074,
at,0.0,0.0,0.3167013675959322,-0.11224214373929597,0.0,0.47936660100718814,0.38618178337253267,0.06457218160797647,
pt,0.22925893210450315,0.0,0.0,0.312926035599156,0.49967160100127345,-0.5316505536090909,0.2432716686403838,0.0,
rs,0.7177753921971886,0.44788306375873976,0.0,0.6156129516872931,0.0,0.14313367430075857,-0.41072715128942544,0.4490156185209567,
tq,-0.6792394172819016,-0.37965111280837294,-0.43326012482851795,-0.06997085110012198,0.0,0.0,-0.5589465427493162,-0.7004730920284893,
tw,0.6880826927575693,0.34536596244401163,-0.6287531147514155,0.0,-0.1380287261377826,0.0,0.0,-0.3678426859190704,
1,0.0,0.0,0.0,0.0,0.0,0.0,0.0,0.0,
0,0.0,0.0,0.0,0.0,0.0,0.0,0.0,0.0,
