,ty,at,pt,rs,tq,tw,1,0,
ty,-0.3090988280559169,-0.6681580585495874,0.4505328703034051,0.19313240706207993,-0.5279208290613051,-0.3203402993450442,-0.5123628792981916,0.5293640033876003,
at,0.36357894753501574,-0.6983858973140039,0.45708489981781447,-0.4200010809847265,-0.1289985595949375,-0.7050117812985306,-0.49865467697346105,-0.34434197118744486,
pt,-0.6889127626425893,0.3675524329345589,0.4302052281406399,0.5058074147476377,0.5429796729179319,0.40064163165291383,0.6401408970332293,-0.06884368239157646,
rs,0.44206882634057176,-0.41978989755578094,-0.01399835783974359,0.6948008424847298,0.4580305106836041,0.06182412682002269,-0.6474050417220518,0.4829758854722014,
tq,0.6266294568609683,0.4241406996656736,-0.5181587145306125,0.12237901279210407,0.4617183733914876,-0.5111503560876869,0.24046733661211436,-0.664966689140002,
tw,-0.42246514409343505,0.4447974360224822,0.4171200634017129,-0.06966728769319745,-0.5319623795654663,0.4639493445846799,0.6099454301333339,-0.12298222041999642,
1,0.0,0.0,0.0,0.0,0.0,0.0,0.0,0.0,
0,0.0,0.0,0.0,0.0,0.0,0.0,0.0,0.0,
