,ty,at,pt,rs,tq,tw,1,0,
ty,0.2913800872326713,-0.698834247422185,-0.7026456319209067,-0.567222825778604,-0.07023061798147344,0.3493968771540135,-0.6939299361629948,-0.4885719271498351,
at,0.6808455389627028,-0.2751490284972323,-0.3524906668008004,-0.673753755641714,0.6739034961933196,-0.49934423781378373,0.5233015444041472,0.6103767569021586,
pt,0.378408587222712,0.3744730747870433,0.3510543840697368,0.6018199927749831,-0.3417280340215108,-0.6893659490217237,-0.5266783772187359,0.6735368594917268,
rs,0.6664151434551349,0.5872527136302723,0.08289356452914001,-0.4916286101049562,-0.6879587485015687,-0.40342920412363453,-0.42878159467432314,0.3833275887228516,
tq,0.5346171173126445,0.6146484384295924,0.42709553814103146,-0.6420341260238398,0.5568942884258327,-0.5905314218535614,0.6081091221436378,0.3659830575695473,
tw,0.4181584993933412,-0.6514764353519992,-0.20083861269995576,-0.6366060528903903,0.6286641169149377,0.4621465337214079,-0.1093327543124701,-0.6419561637943959,
1,0.0,0.0,0.0,0.0,0.0,0.0,0.0,0.0,
0,0.0,0.0,0.0,0.0,0.0,0.0,0.0,0.0,
