,ty,at,pt,rs,tq,tw,1,0,
ty,0.0,0.4396173125938181,0.0,0.0,0.003483944002011175,0.36287627736419015,0.0,0.3999331698528614,
at,-0.58325519209405,0.0,0.3966385741694469,0.5730788963092617,0.0,0.0,0.0,0.0,
pt,0.0,-0.36107971961004703,0.0,0.19370922748704358,0.5035923201211963,-0.05522463492688274,0.20521309970602788,0.0,
rs,0.5719067782585944,0.0,0.2693972945358034,0.5246289782101151,-0.21778566033440946,-0.3543323772119166,0.0,0.0,
tq,0.0,-0.5786993048881297,0.0,-0.46017318407475705,0.0,0.0,0.0,-0.1913084860780225,
tw,-0.37741483513924895,0.0,0.0,0.4143308894205848,0.574010475780168,0.0,0.0,0.0,
1,0.0,0.0,0.0,0.0,0.0,0.0,0.0,0.0,
0,0.0,0.0,0.0,0.0,0.0,0.0,0.0,0.0,
