,ty,at,pt,rs,tq,tw,1,0,
ty,0.0,-0.5325788645878233,0.7416265873496989,-0.7385675417826219,-0.7588217716934839,0.0,-0.5948038850156018,0.7535322566839877,
at,-0.7553389047224747,0.677804329073086,0.0,-0.3153164549983169,-0.726878298042178,0.7526577037465226,-0.7656416506097378,0.0,
pt,-0.7286479916130976,-0.4685196994262853,0.0,0.7458169354073346,-0.7525694773969714,0.0,0.4653782237656058,0.740665850533754,
rs,0.7243872885551524,-0.7580644588329127,-0.61511615283196,0.7398888296768115,0.7587398722949489,-0.73829700350312,-0.7437026442031128,0.7415210570186799,
tq,-0.5981118864238567,0.7681369150527941,-0.7399276988250456,0.7369621234121706,0.5891490967883348,0.7478346238721947,0.72762179304562,0.6698369323875948,
tw,-0.6805012005278767,0.7532088989320097,0.0,-0.7539754850806286,-0.6969421375688477,0.0,0.745636210516324,-0.027857057006526003,
1,0.0,0.0,0.0,0.0,0.0,0.0,0.0,0.0,
0,0.0,0.0,0.0,0.0,0.0,0.0,0.0,0.0,
