,ty,at,pt,rs,tq,tw,1,0,
ty,0.5718723394911537,0.0,0.0,0.0,-0.6630390529165731,-0.29837271010967475,0.0,0.0,
at,0.0,0.0,-0.4588206166247832,0.0,0.0,0.0,0.0,-0.7081633456209551,
pt,0.0,0.0,0.0,0.48097834272312195,0.0,-0.12188712317103494,0.0,0.5541737363283628,
rs,0.5907693089206352,-0.6515191915190156,0.38652076933392054,0.0,0.0,0.0,-0.3325440001441761,0.2074988372745076,
tq,-0.6808449938389183,0.70193468445044,0.17800310045666687,0.07547761653949077,0.0,-0.6620338397143737,-0.1311200021027469,0.0,
tw,-0.38839471261528624,0.0,-0.367060326270346,0.0,0.0,0.5556525014995144,0.5210028451897764,0.0,
1,0.0,0.0,0.0,0.0,0.0,0.0,0.0,0.0,
0,0.0,0.0,0.0,0.0,0.0,0.0,0.0,0.0,
