,ty,at,pt,rs,tq,tw,1,0,
ty,0.0,0.33807628882135926,-0.4985527087673233,0.6611083137932471,-0.010963276495781688,0.0,0.0,0.6649285729490726,
at,-0.40124264350418903,0.0,-0.37525377607942173,-0.23145794418643936,0.0,0.3811005046957194,0.6505814453367349,0.503112438351501,
pt,0.3458958771967951,-0.5349872163996706,0.0,-0.3555520677275537,0.0,-0.22669413731832752,0.0,0.5683219217455928,
rs,0.42803033357375,0.0,-0.2615213023871919,-0.5147520034968437,-0.012354682649856464,-0.1361702518640279,0.0,0.48275127196011886,
tq,-0.5264105332468212,0.0,0.0,-0.6162398174886228,0.0,-0.1862283715770041,0.276866327254557,-0.6309297980039016,
tw,-0.206627123299543,-0.3394928812919192,-0.3538161434674283,-0.35509967757802713,-0.3644686017912152,0.0,-0.04109118773934973,-0.38854103651876504,
1,0.0,0.0,0.0,0.0,0.0,0.0,0.0,0.0,
0,0.0,0.0,0.0,0.0,0.0,0.0,0.0,0.0,
