,ty,at,pt,rs,tq,tw,1,0,
ty,0.09130367905647876,-0.6251600138441527,-0.6254576522099091,0.2737969057383557,-0.5932984877823049,0.585978673537746,0.5294830441550877,0.5821122026448371,
at,0.662174517552133,-0.39808839705197513,-0.5244146560025812,-0.6351843516923327,0.5553069771723378,0.49732895439107005,-0.6657568933832302,-0.5751519514726561,
pt,0.4920858781432528,0.6460914416863826,-0.5824278625573555,0.5080451420036426,0.5581714195689135,-0.08201945009345388,-0.5235291784552943,-0.374138684196599,
rs,-0.5868943145309706,-0.6428685814159469,0.6333696171253611,0.644401528918311,-0.6738384195665451,-0.5647951318409863,-0.552372163807971,0.6038233078451012,
tq,0.6105486902816931,0.6990596157446047,0.45651017663810933,0.684540695984013,0.6686400952644392,0.6537175661654002,0.6399602016807638,0.5175682348400774,
tw,-0.5844725839483252,-0.6042583030534299,-0.30508686509674127,-0.5829635627872425,0.5431588476806064,-0.05332723180371314,0.5619524639429649,0.6735149371890372,
1,0.0,0.0,0.0,0.0,0.0,0.0,0.0,0.0,
0,0.0,0.0,0.0,0.0,0.0,0.0,0.0,0.0,
