,ty,at,pt,rs,tq,tw,1,0,
ty,0.0,-0.6710032284423485,-0.3940566334139261,0.2722018301834091,0.6041365513596031,0.6632578413657494,0.18840375280241328,0.6744782954034134,
at,-0.4571940243771279,0.6782671749672663,-0.6584694207445123,0.3096504145314319,-0.4031989732702499,0.6916229305418193,0.694846859652721,-0.25858596688120317,
pt,0.4846850401807574,-0.29861719318498386,0.6849040173518509,0.4939570241279046,-0.6533213382193009,-0.5098188011550547,0.6812432208073539,-0.2299598889692733,
rs,0.6708911050883991,-0.4111651302031547,-0.6270392615100611,0.7002570452143124,-0.6330325411230029,-0.506710504897219,-0.6983516400903201,0.69822035386194,
tq,0.2829563398522354,0.20441874701995896,0.542211663561997,-0.6817648402549413,-0.39761628432077173,0.6603439552913143,-0.16762410932743155,0.44781328603910037,
tw,0.04683553644866412,-0.6793964139110553,-0.41787910350872987,-0.17983177811917533,0.6861431920166362,0.0,0.6406063348286876,0.0,
1,0.0,0.0,0.0,0.0,0.0,0.0,0.0,0.0,
0,0.0,0.0,0.0,0.0,0.0,0.0,0.0,0.0,
