,ty,at,pt,rs,tq,tw,1,0,
ty,0.0,-0.28984218531314065,0.4030697326998525,0.0,-0.008953316224923374,0.0,0.4679518348708183,0.711763121950097,
at,0.0,0.0,-0.16789974787652132,0.0,0.0,0.4803035023981723,0.0,-0.12442440211728593,
pt,0.0,-0.3065774727718253,0.0,0.11052638803452575,0.0,0.0,0.0,0.0,
rs,0.5740061820404474,0.0,0.03161070831689966,0.0,0.0,-0.4695150359141106,-0.503617462286378,0.0,
tq,0.0,0.04184819965043932,-0.13265078872589037,0.3487022385543798,0.332484246158046,0.39613268043942956,0.0,-0.018623972579786714,
tw,0.0,-0.2213840622995854,-0.33751610372259255,0.0,0.0,0.0,0.6046101440917871,0.0,
1,0.0,0.0,0.0,0.0,0.0,0.0,0.0,0.0,
0,0.0,0.0,0.0,0.0,0.0,0.0,0.0,0.0,
