,ty,at,pt,rs,tq,tw,1,0,
ty,0.0,0.71803829506007,-0.39580203434017897,0.7256374576681576,-0.22241157887160296,-0.22077345783734606,-0.6600703085343052,0.3563748509549689,
at,-0.5219728149803537,0.0,0.6047829109908613,-0.5799647656206043,0.35686478846093916,0.4140677029891398,0.0,0.0,
pt,-0.6327416233749008,0.5672974022780631,0.0,0.6650623216208309,0.2312626555435404,0.658110990943901,-0.6647786731143224,-0.4721906311769656,
rs,0.0,-0.6678064434804764,-0.7216546975159785,-0.5830020605272808,-0.6173503928644711,-0.5791995272017478,-0.671012787577557,0.4050702634508016,
tq,0.41952794066753674,-0.6902817415646038,0.6313296317896514,0.5064286041852879,0.7431037140751278,0.6479471787130002,-0.33428538791561213,-0.6046297287135854,
tw,-0.7346140294594499,-0.17699090407005516,0.7128805364242682,-0.6595080081581703,0.0,0.0,-0.7169738846685808,-0.670386069058903,
1,0.0,0.0,0.0,0.0,0.0,0.0,0.0,0.0,
0,0.0,0.0,0.0,0.0,0.0,0.0,0.0,0.0,
