,ty,at,pt,rs,tq,tw,1,0,
ty,0.0,0.7846119107144269,0.0,0.49060097910675754,0.0,0.0,0.19673436075771752,0.3664277721430501,
at,0.0,0.0,0.0,0.001102525248300547,0.0,0.38866372156388995,0.0,0.0,
pt,0.0,0.0,0.0,0.0,0.0,-0.17464465094307968,0.4075729823324245,0.0,
rs,0.0,0.0,0.0,0.0,0.0,0.0,-0.41983430650762843,0.0,
tq,0.22135566132300052,0.6221120462791673,-0.7438088062550376,0.0,0.0,-0.17075256250622417,0.0,-0.8430639187440916,
tw,0.05312268222917012,0.0,0.6371691324827246,0.0,0.0,0.0,-0.24720490546281734,0.0,
1,0.0,0.0,0.0,0.0,0.0,0.0,0.0,0.0,
0,0.0,0.0,0.0,0.0,0.0,0.0,0.0,0.0,
