,ty,at,pt,rs,tq,tw,1,0,
ty,0.0,0.1551009267815077,0.6889911023004547,0.7873096968355078,0.0,-0.4617240835536619,-0.7672420446950501,0.0,
at,0.0,0.0,-0.6963317950973685,0.0,0.0,0.6710033535057374,0.0,0.0,
pt,-0.7477672597457804,0.0,0.0,-0.6418016450485554,0.0,0.7546669221146682,-0.7268488407752518,0.0,
rs,0.0,0.0,-0.5754456381583424,0.0,-0.8008707037814421,0.0,0.0,0.0,
tq,0.32716884536464996,0.7173361390192823,-0.6696976946875394,0.0,0.3615219793451317,0.6808598719301987,0.0,0.0,
tw,-0.8125879154984106,0.0,-0.19501184650916106,0.0,0.7450026928118044,0.0,-0.7814670089951904,-0.7900045288907767,
1,0.0,0.0,0.0,0.0,0.0,0.0,0.0,0.0,
0,0.0,0.0,0.0,0.0,0.0,0.0,0.0,0.0,
