,ty,at,pt,rs,tq,tw,1,0,
ty,-0.5261766797318331,-0.48030314433085136,0.26211765606236753,-0.6848818882776831,-0.20655649785828906,0.0,-0.45329803650544326,0.4772915131469784,
at,0.47878786655682026,0.7017563029064064,0.30364915973958556,0.6461985879598243,0.7022353700357352,-0.1743748599276915,-0.5831655244936268,0.5389621208820591,
pt,-0.070165759671007,-0.634772732246088,0.0,0.4182272496996488,-0.18782349309635016,0.28470038876122633,-0.5810273465233198,-0.637276673680243,
rs,-0.6825971638590673,0.12520072052893738,-0.4853269230620551,0.0,-0.705910010067422,-0.6288674064658577,-0.3491387330380263,0.7286756888892276,
tq,0.5465889112743142,-0.6853255400981874,-0.11598643010477494,-0.571159430278956,0.5522156349596601,-0.5550206917837104,-0.45776104093606906,-0.5008758331716922,
tw,-0.16710269612527065,0.1944158653942494,-0.6754893627772276,-0.18763072572316822,0.6019918560346926,-0.7189928300369846,-0.16494890030496015,-0.704862457875578,
1,0.0,0.0,0.0,0.0,0.0,0.0,0.0,0.0,
0,0.0,0.0,0.0,0.0,0.0,0.0,0.0,0.0,
