,ty,at,pt,rs,tq,tw,1,0,
ty,0.0,0.0,0.0,0.0,0.0,0.0,-0.6005426960282052,0.0,
at,-0.4136035450164609,0.0,-0.37851416481181116,0.0,0.0,-0.5335045398852096,0.0,0.0,
pt,0.4897582358581602,0.0,0.0,0.0,0.0,-0.7161881329609425,0.0,-0.515901781146763,
rs,0.6847139445092145,-0.7160417169584569,0.0,0.0,0.0,-0.41472887275905446,0.0,0.24570651297674279,
tq,0.0,0.6277819311936221,-0.26972464181760386,0.4740016592862094,0.0,0.1483118715839755,0.0,-0.34164815854568864,
tw,-0.1889324336324367,0.6795646099300927,0.0,0.0,0.09841460264149123,0.0,0.0,0.0,
1,0.0,0.0,0.0,0.0,0.0,0.0,0.0,0.0,
0,0.0,0.0,0.0,0.0,0.0,0.0,0.0,0.0,
