,ty,at,pt,rs,tq,tw,1,0,
ty,0.0,0.0,0.0,-0.6935505549134994,0.0,-0.07406847193465868,-0.5620354907982514,0.0,
at,0.0,0.0,0.0,-0.6405779967575849,0.7324985205137037,0.0,0.0,0.0,
pt,0.0,0.0,0.0,0.0,-0.019614744926565616,-0.2362926268845085,0.0,0.6182348599328326,
rs,0.0,0.0,0.0,-0.7290845179011516,-0.7395477419217767,0.0,0.0,0.0,
tq,0.0,0.7281221309865107,0.20378627680060007,-0.44512176479808313,0.0,0.7055429770523064,0.0,-0.08016560678588994,
tw,0.0,0.0,0.0,-0.6765932191763755,0.7214521436013933,0.0,0.0,0.0,
1,0.0,0.0,0.0,0.0,0.0,0.0,0.0,0.0,
0,0.0,0.0,0.0,0.0,0.0,0.0,0.0,0.0,
