,ty,at,pt,rs,tq,tw,1,0,
ty,0.0,-0.4666280672782849,0.45491213014191945,0.22249834603549412,-0.30701675137843243,0.22299075217931644,-0.49395702855106827,-0.41317635393948376,
at,0.0,0.0,-0.5537897400500742,-0.505532030512724,0.0,-0.6725321909332861,0.4982465142685583,0.6440748917669257,
pt,0.39741122561136805,0.0,0.0,0.6915901631731761,0.5139207988385955,0.2805258422866683,-0.009586882779567622,0.0,
rs,-0.16745595254147166,0.5438910029574976,0.0,0.6936938458673556,0.0,-0.3864759680717767,-0.67530589844451,-0.1321873006336793,
tq,-0.6150764252224471,-0.4332299318493055,0.34163776570568827,-0.019909048522342418,0.0,0.0,0.6505178595733294,0.3656889140656255,
tw,-0.5571255435913728,0.5193141087524266,-0.2355254866000788,0.0,0.6687700939515538,0.0,0.0,-0.496292604984406,
1,0.0,0.0,0.0,0.0,0.0,0.0,0.0,0.0,
0,0.0,0.0,0.0,0.0,0.0,0.0,0.0,0.0,
