,ty,at,pt,rs,tq,tw,1,0,
ty,0.0,0.8033578062748336,0.7174368061618313,0.0,-0.3261100530254614,0.0,0.6852540587846514,0.6192480342333951,
at,0.0,0.0,0.649350974329263,0.0,0.0,0.6259383426727293,0.0,0.6312520832725926,
pt,0.0,-0.3885107278220242,0.0,-0.020355558807494425,0.0,0.0,0.0,0.0,
rs,0.7974074974246192,0.0,0.24661865867154678,0.0,0.0,0.450360516495075,-0.21222444870588614,0.0,
tq,0.0,-0.666335569187455,0.07433449876718656,-0.4375137317752038,0.8919630345900987,0.3830490987040593,0.0,-0.6863559737823097,
tw,0.0,0.33366454068925705,-0.003668134271140331,0.0,0.0,0.0,0.7604529117784427,0.0,
1,0.0,0.0,0.0,0.0,0.0,0.0,0.0,0.0,
0,0.0,0.0,0.0,0.0,0.0,0.0,0.0,0.0,
