,ty,at,pt,rs,tq,tw,1,0,
ty,0.2769060225472895,0.06461648162015328,0.6099022311376421,0.6218432938998177,-0.7105413034914388,-0.5074439348776318,0.08669099788922871,-0.3441160444186452,
at,-0.6814034515989722,0.6654289240081982,-0.3904622479400221,-0.24907208011295878,-0.6206724380998165,0.34985539081993877,-0.4547786305787729,-0.7093907203695257,
pt,0.2696925750904779,-0.6427561859374069,-0.6637886837832038,0.6742784684569263,0.31694127333159683,0.6387211980535035,0.6999279262566581,0.654649287284826,
rs,0.3748556483546071,-0.6388001703917615,-0.705656686202422,0.7076174447999513,0.618004529849122,0.5317348495690757,-0.705981624160396,0.7026511225190347,
tq,-0.25702741108168026,0.46872569120090757,-0.28797969292207126,-0.25379003800197003,-0.16877729555878812,-0.530065226893329,0.2617499780321662,0.18904996296275448,
tw,-0.6240018958191433,0.6604003662261775,0.07513118162892136,-0.3998492010569961,-0.45887185542481823,-0.6986389277390936,0.6674129692274569,0.06740885652165274,
1,0.0,0.0,0.0,0.0,0.0,0.0,0.0,0.0,
0,0.0,0.0,0.0,0.0,0.0,0.0,0.0,0.0,
