,ty,at,pt,rs,tq,tw,1,0,
ty,0.0,-0.016789208132926812,-0.47853779106809435,0.0,-0.570702949679706,0.0,0.04971298159520048,0.08973707334664842,
at,0.0,0.0,0.0,0.1685013784916857,0.0,-0.3803592626056168,0.05676890479538872,0.0,
pt,-0.3488547962904614,-0.5042519324059245,0.0,0.0,0.6208499043514761,0.0,0.5325931237051843,-0.05913909897321279,
rs,-0.4734966415360413,-0.6019215500848055,-0.5713936467847607,0.0,0.0,0.0,-0.5786500684113033,0.4752322968906939,
tq,-0.09274214590029262,0.0,0.0,-0.08184313935023821,0.0,0.0,0.4966355642094951,0.4834217209815135,
tw,0.17735084171714505,0.09774310887856925,-0.06724232809524469,0.0,-0.4000868790851348,0.0,0.0773644359742918,-0.355557809295293,
1,0.0,0.0,0.0,0.0,0.0,0.0,0.0,0.0,
0,0.0,0.0,0.0,0.0,0.0,0.0,0.0,0.0,
