,ty,at,pt,rs,tq,tw,1,0,
ty,-0.25655197431553917,-0.7457815045104111,-0.7428207049717305,0.7021989396282099,-0.17227363181806774,0.06871936418896452,-0.7262823696977809,0.18825379798380654,
at,0.3665199854103201,-0.7404149710145158,-0.4654629955678704,0.7491240260588731,0.7491530662428164,0.7292927379005958,-0.7085679369941413,0.5896835085510985,
pt,-0.7584292146106434,-0.7377808746723296,0.7399703579886603,-0.7285733645921892,-0.7405565823977855,0.3429621061859705,-0.7290479329442838,-0.7037058201533166,
rs,-0.7343730172628664,-0.6166654525008617,0.740537879325813,0.738791898956506,-0.7185255241682248,0.7206703527290108,-0.7305805065067951,0.7146924613174421,
tq,0.3390618101186788,-0.7450872777597042,-0.744718615080378,-0.14452549451744626,0.7236001981806282,0.42438260636343494,0.6709547798981149,0.39811798566067896,
tw,0.7143933728979031,-0.7375611854452949,-0.5421295643964185,0.757134965310132,0.7459276446951673,-0.6995498278052417,0.7174734844474813,-0.7154349316970867,
1,0.0,0.0,0.0,0.0,0.0,0.0,0.0,0.0,
0,0.0,0.0,0.0,0.0,0.0,0.0,0.0,0.0,
