,ty,at,pt,rs,tq,tw,1,0,
ty,0.0,0.5246903354490093,-0.2467714601123236,0.7322873931608115,-0.3025305198306929,0.11604354948493491,-0.7130195971139411,0.6948173193440568,
at,-0.7329931275517944,0.3480418375464157,0.21003663770250974,-0.3702659676236322,0.67900538854596,0.41753420090155774,-0.6555042245486002,0.4616663446768611,
pt,0.0,0.3940649254339774,-0.7265256356276784,-0.28394426084162705,-0.38912514540975035,-0.38964239912807114,0.49995158095187053,0.7122978785256792,
rs,0.7180198594933024,-0.3037544150894114,0.7180641649502058,0.6874316821096503,-0.7339475624284304,0.01450969932941402,-0.7173310828688059,-0.1876630333539506,
tq,-0.38014323656609267,-0.1652700972981575,0.6016995657170792,-0.7010966545176388,0.6011828182082357,0.21642821306996016,-0.7042935627834825,-0.7217812893362582,
tw,-0.6134857390844106,0.0,0.7048772239820439,0.6817748848589322,0.617621479484796,0.021102533521481944,-0.7234393951258642,-0.6599940603191514,
1,0.0,0.0,0.0,0.0,0.0,0.0,0.0,0.0,
0,0.0,0.0,0.0,0.0,0.0,0.0,0.0,0.0,
