,ty,at,pt,rs,tq,tw,1,0,
ty,-0.4764278497336982,0.37197468330770844,0.4291358193329432,0.5408994420372563,-0.5915307311826357,0.5389133559227336,0.4244056981937125,0.32359201291529976,
at,-0.6462855441567167,-0.32438368441933924,-0.502485178939303,-0.3996446631165827,0.3976015064818979,-0.2742198299401112,-0.48656774610893244,-0.5818245343503188,
pt,0.28658419384837963,0.48798906799349845,-0.33440464201389203,0.2772719561966519,-0.36336144437875295,0.31077788955553465,-0.14308102298823108,-0.11931560081486246,
rs,-0.40618116823052064,-0.6864631300599766,-0.35554287011645047,0.5571386133558813,-0.04831610121496955,-0.2847807864440705,-0.5287352049391167,0.4710049452741585,
tq,0.5167202819186119,0.26696409231302615,-0.465830047840691,0.16195046487662215,0.2601317211235096,0.5969136135471421,0.5502509805001653,0.4309048964083374,
tw,-0.3004758331116431,-0.4068431795988811,0.5113180408897052,-0.23879368704595183,-0.6914575231971759,-0.33515161769287594,0.5623523062100355,-0.14439606254734472,
1,0.0,0.0,0.0,0.0,0.0,0.0,0.0,0.0,
0,0.0,0.0,0.0,0.0,0.0,0.0,0.0,0.0,
