,ty,at,pt,rs,tq,tw,1,0,
ty,0.0,0.44405550947854205,-0.5239441585793309,-0.5428616213741501,-0.16133217324922217,0.7103073784142251,-0.521575338064352,-0.49324981291845704,
at,0.5826705547976891,0.48201459372709893,0.6984282997022054,0.4488822307539573,0.1867360911448374,-0.5826329283229227,-0.6989374152242882,-0.6494966426707373,
pt,0.0,-0.7193812518572155,-0.6777595898744233,-0.7166640840467138,0.4940330471725847,0.6267855987790341,-0.3664527581428885,0.6447459766579345,
rs,-0.6923981070884418,-0.5783163807334535,-0.3855765126360599,-0.6906978592909555,-0.7072233711443966,-0.632648505174804,0.4966298858286276,0.7034987718298095,
tq,-0.6637775347506386,-0.3598295510691441,0.6208801886620576,0.4012744181627095,0.6723846295552407,-0.18009463578403234,0.2992159797756212,0.19793881553966403,
tw,-0.6695861866029439,0.0,-0.4637215702263463,-0.21233804978695434,0.1784670234906737,-0.5411887156783604,-0.7107079289777514,0.33299120756734907,
1,0.0,0.0,0.0,0.0,0.0,0.0,0.0,0.0,
0,0.0,0.0,0.0,0.0,0.0,0.0,0.0,0.0,
