,ty,at,pt,rs,tq,tw,1,0,
ty,0.6730232335262811,-0.6363385922879936,0.5162574740468907,-0.4366442087141127,0.042512488023083286,0.1411916714243087,-0.596774328383618,0.5480751569137793,
at,-0.5609534418264501,0.06713638127724754,-0.4239416480710282,0.31266813184932835,0.23247494622826942,0.21458703392559267,-0.27223502696615287,-0.45140392116946076,
pt,-0.2451824849247255,0.4881206706035963,-0.20771742690317152,-0.20231588946449974,-0.1485984112356412,0.055135074811941645,0.3393736776152274,0.024634294874167916,
rs,0.0792726576855862,-0.5635598885452243,0.08404650086812343,-0.20788271409333825,0.5665018567217183,-0.6348567572448139,0.1207623394152074,-0.39725531509123607,
tq,0.0749411823401628,0.4572083608514522,-0.4017725114933368,0.6659024967267149,0.6208203402140589,0.47598327590115963,-0.1302428341829342,0.21400756483298927,
tw,-0.1915564844406096,-0.3766289903449192,-0.42495725973410414,-0.04443586927500817,0.5069883307688298,0.3099534870491464,-0.29472744254532146,-0.626860386723955,
1,0.0,0.0,0.0,0.0,0.0,0.0,0.0,0.0,
0,0.0,0.0,0.0,0.0,0.0,0.0,0.0,0.0,
