,ty,at,pt,rs,tq,tw,1,0,
ty,0.0,0.0,0.0,0.19036902975110676,0.0,0.7394361101847118,-0.4694064490774124,-0.7317966756248605,
at,0.0,0.0,-0.6167555256594588,0.5324732486709639,0.6744503105824936,0.0,0.0458194181571015,0.0,
pt,0.0,0.0,0.0,0.0,0.0,0.6973443734737765,0.0,0.0,
rs,0.0,0.0,0.0,0.0,-0.5666183000422045,0.0,0.0,0.0,
tq,-0.5839519561232888,0.7616466225741707,0.0,0.0,0.0,0.0,0.0,0.0,
tw,0.0,0.32473779173058803,-0.110780030289593,0.0,0.6825444662060062,0.0,-0.33214971181165687,0.6768353172131409,
1,0.0,0.0,0.0,0.0,0.0,0.0,0.0,0.0,
0,0.0,0.0,0.0,0.0,0.0,0.0,0.0,0.0,
