,ty,at,pt,rs,tq,tw,1,0,
ty,0.0,-0.22719685222872493,0.0,0.09758106998289165,-0.11669330325689505,0.0,-0.5874496541575503,0.0,
at,-0.6469362910292789,0.0,-0.5451066847737668,0.6298688742111329,0.6664214718738884,-0.09781548816811773,0.5526691773471313,-0.4322939305550563,
pt,-0.2106048098069613,0.5965973882384893,0.0,0.0,0.6237119809671068,-0.6170771328994813,0.0,0.6643218706082619,
rs,0.0,-0.6819177540420085,0.6909572622650867,0.0,-0.6617046525114417,0.6325769914737692,-0.6125675958045185,0.6682658340932986,
tq,0.0,0.6648636598956739,0.0,0.0,0.0,-0.3355300505838547,0.4645720686406574,-0.6272666359254524,
tw,0.0,0.0,0.0,-0.21003268051607907,0.0,0.0,0.025745836150729475,0.0,
1,0.0,0.0,0.0,0.0,0.0,0.0,0.0,0.0,
0,0.0,0.0,0.0,0.0,0.0,0.0,0.0,0.0,
