,ty,at,pt,rs,tq,tw,1,0,
ty,-0.35528445106340184,0.6358316192340645,-0.7419899375852534,0.7506042475926722,-0.6815067354049767,0.42964443885576487,-0.7053053706594288,0.7305388141633897,
at,0.6959629128194935,0.5952944049478474,-0.6622833113871494,-0.6989227969249419,0.6761248807970199,0.6802196176396256,0.6603934254542577,-0.6575101728311195,
pt,-0.7471950358519225,-0.6962378505932458,0.23760792217531182,0.5237584432732745,-0.6391022052246906,0.6789921079463205,0.5971669674554405,0.25892134339390066,
rs,-0.41552907582650167,-0.634931563717915,-0.6974072458044125,0.7004997422004767,-0.7615944363521678,-0.6318827671423507,-0.6815762075783945,0.7314880571453429,
tq,-0.7016626478056617,0.686964828445915,0.6989135207021924,-0.6932299070888053,0.6666716083083746,0.6992339800851615,0.6454699879890747,-0.6694953586223683,
tw,0.6447383170687537,-0.6368126099011499,-0.6327926769554367,0.4558893745310906,0.6616072579985931,0.10552891297673661,-0.6527917700404786,0.6478376244435743,
1,0.0,0.0,0.0,0.0,0.0,0.0,0.0,0.0,
0,0.0,0.0,0.0,0.0,0.0,0.0,0.0,0.0,
