,ty,at,pt,rs,tq,tw,1,0,
ty,0.0,-0.12115482793929483,0.6678950171351347,0.0,0.7011255618434135,0.0,0.45294307944900186,-0.7109996863773712,
at,0.0,0.0,0.0,0.5193944152362283,0.0,0.5943694202245989,0.6303453483421031,0.0,
pt,0.6807797090141985,0.5503554932357069,0.0,0.0,-0.708152977710885,0.0,-0.5248516968413887,0.6981856889442895,
rs,-0.6950374173796069,-0.47898112171242696,0.7130621754294268,0.0,0.0,0.0,-0.7034506791614281,0.6926942986119082,
tq,-0.7127563309557303,0.0,0.0,0.05086974625569016,0.0,0.0,0.6180002647782038,-0.09629810056738423,
tw,0.6723326422078899,0.5904852490426327,0.35109138805517576,0.0,-0.6838503385656691,0.0,-0.6018389210724474,-0.7203343233641245,
1,0.0,0.0,0.0,0.0,0.0,0.0,0.0,0.0,
0,0.0,0.0,0.0,0.0,0.0,0.0,0.0,0.0,
