,ty,at,pt,rs,tq,tw,1,0,
ty,0.0,-0.7673780930800322,0.0,0.0,0.0,0.478822922145966,-0.2934489650519587,0.0,
at,0.2734633125072632,0.0,0.0,-0.08900877441062276,0.0,0.0,0.0,0.0,
pt,0.0,-0.30491654026895293,0.0,0.0,0.0,-0.35028676150294863,0.0,0.0,
rs,0.0,-0.6349479137892543,0.0,0.0,0.0,0.0,0.0,-0.2539744588510813,
tq,0.0,-0.3242573701659536,0.0,-0.5417476587168704,0.0,0.6390262479501506,0.0,0.0,
tw,0.0,0.0,0.18664530248151315,0.0,0.36112158858715626,-0.5876090871638444,0.6025968665293207,0.6299991311940024,
1,0.0,0.0,0.0,0.0,0.0,0.0,0.0,0.0,
0,0.0,0.0,0.0,0.0,0.0,0.0,0.0,0.0,
