,ty,at,pt,rs,tq,tw,1,0,
ty,0.0,-0.3461948342971954,0.6358976089559405,0.0,0.0,-0.21657347889113615,-0.5395179368918556,0.46854089852264336,
at,-0.5581650417793566,0.0,-0.608758099573409,0.025091922969857863,0.5456968757665619,0.0,-0.6316824140056667,0.0,
pt,0.6603582179230871,0.0,0.26569056296315463,-0.6109300967382787,-0.0885070797500614,-0.08313947219775739,0.0,0.08616670692039956,
rs,-0.3338057541618417,0.0,0.6676676162550971,0.0,-0.33898041543621266,0.37456343981066004,0.0,-0.46696564341247465,
tq,-0.4472365206989116,-0.2849245142373012,0.47615183495396,0.4818940531462724,0.44416023923611436,0.3821674543101173,0.37056660927851726,0.1856268731176288,
tw,0.0,0.6404761662703676,0.575634899930515,-0.5555460413540676,0.41395517233028406,0.0,0.0,0.6805471643018839,
1,0.0,0.0,0.0,0.0,0.0,0.0,0.0,0.0,
0,0.0,0.0,0.0,0.0,0.0,0.0,0.0,0.0,
