,ty,at,pt,rs,tq,tw,1,0,
ty,0.0,-0.7235690188513241,0.7022321475353717,-0.6839772484146289,-0.272930579194333,-0.43067131765481936,0.6882766479637984,0.6643118703816606,
at,0.7160005180186101,-0.6733165492535761,0.6485409666762186,0.7108805156315635,-0.10959681325973736,-0.7004855178984757,-0.6063042066271862,0.6889782265519905,
pt,-0.7175599375812725,0.4295373870012271,-0.4714134972627932,-0.7442754682958034,0.6458606804377325,-0.45171720564870527,-0.752928530374923,-0.6423193771623817,
rs,0.6297230333768418,-0.660703150042796,0.3545584358217196,0.7523819563691979,-0.7435270805852178,0.71096204697278,-0.7638359459251526,-0.5021211370621875,
tq,-0.7008042695126906,-0.714987458003846,0.6504396466226825,-0.4082197893497644,0.4486978291269916,-0.3652832219425069,-0.6814807598099482,-0.691767814546534,
tw,0.720711072149261,0.15505262737248635,-0.6050495060987429,0.12533397345523073,0.7092411136803276,0.0,-0.08467700115224053,0.0,
1,0.0,0.0,0.0,0.0,0.0,0.0,0.0,0.0,
0,0.0,0.0,0.0,0.0,0.0,0.0,0.0,0.0,
