,ty,at,pt,rs,tq,tw,1,0,
ty,0.7103153138032422,-0.6131314321468666,0.02017445853460782,-0.02026742772409997,-0.16343427634967111,0.06949463997054481,-0.36998542517638483,0.5844224959241365,
at,-0.37074616166201174,0.0,-0.31537474686291594,-0.5681417582451151,0.5783168421605668,0.6775443120589034,-0.6668376783983009,-0.4301581623614455,
pt,-0.5213373629304224,-0.6144318935030756,0.0,0.6166581318473682,0.059644761071206226,-0.44913524610109656,-0.5845175442637885,0.5578695923750779,
rs,-0.4875828802362761,-0.6780161489304256,0.2829802936378834,0.6324529515151095,-0.6302048620151087,0.42186255414548746,-0.35460090354501655,0.6490028480602504,
tq,0.6158985734520143,0.2793705865920285,-0.6292467478869773,0.42598640835704943,0.6098362586043224,-0.6076883569158292,0.6241645208516428,-0.554702175633476,
tw,0.07159613147863578,-0.21330597318834404,-0.5029448715494561,-0.5354490733004802,0.2548776732827686,-0.288484617127828,0.0,-0.6325662340156516,
1,0.0,0.0,0.0,0.0,0.0,0.0,0.0,0.0,
0,0.0,0.0,0.0,0.0,0.0,0.0,0.0,0.0,
