,ty,at,pt,rs,tq,tw,1,0,
ty,-0.5079114115692268,0.5405769621841963,-0.5094313205621593,-0.5108528069891781,-0.26749366222178217,0.0,-0.5351180724548279,0.40471877666620587,
at,0.36761984940941833,0.43293152752297126,0.6566168316898469,-0.48802959422421277,-0.10452421442904032,0.5204622101758419,-0.5159957274930139,0.1581847936623719,
pt,0.7261792164165249,0.5663104070794713,0.0,-0.5286971692419584,0.5283928541222022,-0.2991307926802204,0.47426908717217564,0.3497416964660148,
rs,0.29518908358976675,0.6348716989228345,-0.5361823750743727,0.0,-0.49548657480215574,-0.7195556539141827,-0.6253927616699627,-0.2502922580966025,
tq,-0.5798147263283012,0.4543282757231035,0.5297657197475171,-0.06822030437215776,0.5130732645824055,0.4652751264022999,0.1401799403503367,0.09201750370241177,
tw,-0.4407537071782053,-0.18835484323815235,0.5144954422948967,0.4751436811072315,0.4311975405420377,0.1149601249878926,0.38363394239962884,-0.23049347907245027,
1,0.0,0.0,0.0,0.0,0.0,0.0,0.0,0.0,
0,0.0,0.0,0.0,0.0,0.0,0.0,0.0,0.0,
