,ty,at,pt,rs,tq,tw,1,0,
ty,0.0,0.5910286848522875,0.0,0.6584818853186402,0.0,0.0,0.4882321312176516,0.0,
at,0.6448492008089268,0.0,-0.503957746801593,0.48047602821415997,0.0,0.0,0.0,0.0,
pt,0.0,0.0,0.0,0.0,0.0,0.6065072168993287,0.047301545561316306,0.0,
rs,0.654849542550958,-0.6793648357829652,0.0,0.0,-0.2802619992770884,0.0,-0.5455197857996463,0.6703145671975191,
tq,0.0,0.0,0.4919804543551177,0.0,0.0,0.5068459127412345,0.0,0.0,
tw,0.0,0.0,-0.48435913317628865,0.0,0.0,0.0,0.6640507474928218,0.0,
1,0.0,0.0,0.0,0.0,0.0,0.0,0.0,0.0,
0,0.0,0.0,0.0,0.0,0.0,0.0,0.0,0.0,
