,ty,at,pt,rs,tq,tw,1,0,
ty,-0.7030547855430238,0.07990329894936798,0.926048307536516,0.0,0.806192536141566,-0.4128666020765128,-0.6301840579067126,0.6081847955545001,
at,0.0,0.8556060178210774,-0.35996814512508335,-0.7818298769792698,-0.9980535438379523,0.2494314473660082,0.8290583782329131,-0.18586882492885937,
pt,-0.7692216200258577,0.3982217981097895,-0.9997149281227391,0.3405556241023773,0.0,0.7142162998008474,0.0,-0.053961577826682205,
rs,0.41788039150615375,-0.8390681633350339,-0.8731088247567027,0.7758961648799001,0.012340637324026904,-0.8150164812377505,-0.3461458532335877,-0.26374213854700335,
tq,0.0,0.8801532922044901,0.0665853022109455,-0.49678483443371135,0.0,-0.3377674316087529,-0.25108073286126875,0.7976586374335748,
tw,-0.7502910562181406,-0.10887934172045832,0.0,-0.14566006213224836,-0.6210396872432733,0.0,0.07137773932883573,0.5601518164454486,
1,0.0,0.0,0.0,0.0,0.0,0.0,0.0,0.0,
0,0.0,0.0,0.0,0.0,0.0,0.0,0.0,0.0,
