,ty,at,pt,rs,tq,tw,1,0,
ty,-0.2763052889687755,0.7203984448306775,-0.20085398650736505,-0.6530140785615206,-0.2550336695908477,-0.49704248807458035,0.4051886971438592,0.6950411456909096,
at,0.5358723048923989,0.0,-0.6311725610382277,-0.434454969653087,0.7061936755089708,-0.6882913962618832,0.6970430881974508,0.716561997303717,
pt,0.0,0.6621943181629242,0.6917322604479011,0.6000899903619507,-0.6110941994953295,-0.4442270933013504,0.6301634785545529,0.5582267060494703,
rs,0.7302406827005293,0.6336677516714915,-0.37172816251853247,-0.6879339949575882,-0.7375378385335222,-0.34528081252258924,-0.4986252715009925,0.6793544124645519,
tq,0.0,0.4209635738388635,-0.7145959686211616,0.3560921637363681,0.6539841646877455,-0.38731666981853813,0.7403846367509038,0.7009178355965313,
tw,0.6774362360981001,0.03972255216169774,0.3735282735583389,-0.5763089535002419,0.6047461467376114,-0.5214931345426091,-0.7273248341372228,0.6388727749458076,
1,0.0,0.0,0.0,0.0,0.0,0.0,0.0,0.0,
0,0.0,0.0,0.0,0.0,0.0,0.0,0.0,0.0,
