,ty,at,pt,rs,tq,tw,1,0,
ty,0.33955180090926057,-0.46661708425450305,0.705601460943618,0.23328281060008543,0.22843360196402168,-0.7200424754908722,0.6456655647120401,-0.07715003567607066,
at,0.5997037486201574,-0.6614339105218353,0.7116054353555972,-0.491139899341672,-0.6820037844889822,0.6385605768986788,0.5959224754251161,0.5709001730145663,
pt,-0.288573637434063,0.5706859544327086,-0.6877935507991904,0.5742950085387549,-0.6271980048833633,-0.7081416944949683,0.5460242446059116,0.07054476565150136,
rs,-0.475208616277629,-0.661030459567709,0.31828731196644816,0.7169211246184731,-0.6122470221551511,0.6091062212400409,-0.5921501123069268,0.15009053870345285,
tq,0.5365136715911867,0.494471361779796,0.6881793238859255,0.3479682055359896,-0.6256032267709994,0.6546027503289359,0.10366337596121392,0.5121580571493339,
tw,0.6384894721950493,0.46628723716838855,0.6332238065322942,-0.5448639896162231,-0.6255411530197645,0.7069373392766051,0.6160729732807215,0.697922945759453,
1,0.0,0.0,0.0,0.0,0.0,0.0,0.0,0.0,
0,0.0,0.0,0.0,0.0,0.0,0.0,0.0,0.0,
