,ty,at,pt,rs,tq,tw,1,0,
ty,0.0,0.0,0.6200117728732234,0.0,-0.26495376477483296,-0.8078485699698823,0.0,-0.1041304483289978,
at,0.30033030685264334,0.0,0.0,0.0,0.0,0.0,0.0,0.0,
pt,-0.5050640156507458,-0.31448627325547834,0.0,-0.7005517412502784,0.0,0.0,-0.07641507738630621,0.0,
rs,0.7857431495112671,0.0,0.0,0.7552871581828918,0.0,-0.24687839739601292,0.0,0.4827310501420512,
tq,-0.30659658089236297,0.6282338390404167,-0.23410096372464081,0.0,0.7741695377803904,0.5351137933918989,0.7281688293637115,0.30296833695926345,
tw,0.3717756724380009,0.0,0.0,0.0,0.0,-0.7232743398794376,-0.6231985034098848,0.0,
1,0.0,0.0,0.0,0.0,0.0,0.0,0.0,0.0,
0,0.0,0.0,0.0,0.0,0.0,0.0,0.0,0.0,
