,ty,at,pt,rs,tq,tw,1,0,
ty,0.0,0.5043141088076325,-0.24072552325276808,0.5829416891565053,0.5668021566509082,0.0,0.0,0.46246685482008526,
at,0.41460977880772154,0.0,-0.3438072178185281,-0.24447982559672762,0.0,0.4364290278248591,-0.46749680380853853,-0.4540882481176511,
pt,0.0,-0.40404300740712407,0.0,0.0,0.0,-0.6245115631798765,0.20267444223089748,0.0,
rs,0.0,0.0,-0.57118531861304,0.0,-0.35449332278737744,-0.6214933181782106,-0.2553541042254728,0.5701067881564891,
tq,-0.5758379090112962,0.0,0.13828073268817864,0.0,0.0,0.0,0.45728274772031063,0.0,
tw,0.5706920420817156,0.0,0.6334630765844985,0.48973327797631705,0.0,0.5547956519936267,0.1473263179479175,-0.4996730278387046,
1,0.0,0.0,0.0,0.0,0.0,0.0,0.0,0.0,
0,0.0,0.0,0.0,0.0,0.0,0.0,0.0,0.0,
