,ty,at,pt,rs,tq,tw,1,0,
ty,0.0,-0.43146664549690955,-0.26421493534868623,0.3518977656528266,-0.5039754391241947,0.3318505761184218,0.32984447974897674,-0.08830103871631555,
at,-0.20653229064434422,0.0,0.28660217741265454,0.2448239817786067,-0.6519595067339893,-0.41974647635580997,0.0,0.0,
pt,-0.40769795082797755,-0.3197212994849836,0.0,0.3181586591523535,-0.3884788169558799,0.706513477745698,-0.20094171316236742,-0.46236143453412565,
rs,0.0,-0.07563840121376104,-0.07932758273575988,0.6642796278058617,-0.25095147371808485,-0.23635819376173778,-0.3665957088030821,0.5000617585928305,
tq,-0.568336924780254,-0.10522672552714338,0.4599255919929896,-0.4184147206965106,0.3865522000749989,0.1973913926833396,0.6045205327786476,0.4721939008593855,
tw,0.5569622867721866,-0.3464128337205754,0.2842450849464886,-0.13025585622667632,0.0,0.0,-0.517494157803459,-0.573881600770598,
1,0.0,0.0,0.0,0.0,0.0,0.0,0.0,0.0,
0,0.0,0.0,0.0,0.0,0.0,0.0,0.0,0.0,
