,ty,at,pt,rs,tq,tw,1,0,
ty,0.6635707396081608,-0.5134802355366243,0.02760441905705378,0.6766257228652116,-0.06746111418840589,0.052867963300919286,-0.10039905282561959,-0.22073887765059158,
at,-0.6447328378201858,0.5953244089154869,-0.6550968364546365,-0.6196594377739075,0.6289598344865348,-0.6178962924849148,0.601721387689297,5.034420483490052E-4,
pt,-0.40059616340288573,-0.6908450359180233,0.0,0.5138553936032729,-0.4935487629104369,-0.5374949722023441,0.14651649090615765,0.670299815984565,
rs,-0.38636861480209106,-0.6792097029805907,-0.1980517529223858,0.2057975246664809,-0.5783774441564394,-0.6584686348541124,-0.0933900023557544,0.6876017569060964,
tq,0.3733054605906957,0.6574615989210885,0.018485752478848795,0.0,0.6690894050114851,0.6660234836854559,0.13918807688607743,0.4584830581312706,
tw,0.6635443435249454,0.678774458399649,0.0,-0.6908789356591541,0.5075091503148582,0.04633770328217496,0.6899885136090973,0.6185825548095917,
1,0.0,0.0,0.0,0.0,0.0,0.0,0.0,0.0,
0,0.0,0.0,0.0,0.0,0.0,0.0,0.0,0.0,
