,ty,at,pt,rs,tq,tw,1,0,
ty,0.0,-0.7119209788771506,0.0,0.2809925507215023,0.7084513944594235,0.7255850847394558,0.7145020045017728,0.5594795009131734,
at,0.49989274524305827,-0.6296141001458789,-0.7273346009971486,-0.3574193722313412,-0.6289075839424236,0.5094065347308525,0.6973046758346477,-0.6496159911991124,
pt,0.7077340153886137,-0.5243839952824326,-0.6973526909785565,0.58071119645534,-0.6163424077986125,-0.699784669880589,0.6455580154246584,0.6932546566374664,
rs,-0.0412738897470987,0.6968977048189582,-0.7217550707153638,0.7476900409703703,-0.7329140155653467,-0.7345314789981432,-0.4446546873598757,0.6901875793917602,
tq,0.7240055488145053,-0.3455625048190514,0.0,0.08100831290544457,-0.48785348822311536,-0.2860153049879056,-0.7209872980018679,-0.7097098089171039,
tw,0.6749468685840037,-0.6992927554939241,0.6573963134855577,-0.17544681228276998,0.45348187935430134,-0.5851792890111726,-0.640338994220836,-0.6971468697436382,
1,0.0,0.0,0.0,0.0,0.0,0.0,0.0,0.0,
0,0.0,0.0,0.0,0.0,0.0,0.0,0.0,0.0,
