,ty,at,pt,rs,tq,tw,1,0,
ty,0.383069165535427,-0.5841223946919251,-0.5664765271343053,0.6174360142940234,-0.4553191860201351,0.0,-0.7813840676689809,-0.6211249138793188,
at,-0.6081997595617696,-0.4745151140994752,-0.3263924396442087,-0.11918731100579745,-0.5027584967918135,0.6188368698260734,0.6595426182606807,0.7392843843727417,
pt,-0.5139346230547897,-0.6113034861049541,0.0,0.5074314077154468,-0.5844380356993674,0.2872369068057395,-0.2642195437806032,0.7727328483972498,
rs,0.6031762280547024,0.6267344419722358,0.6256511611296248,0.0,0.7826421339351687,-0.6327013018556191,-0.6293393692983701,0.3968536222531783,
tq,0.5237056778969236,0.45694698052136856,-0.4099094409606924,-0.4417702750111008,-0.5695760359653117,0.7757179448105496,0.7515744639691868,0.7244384861266507,
tw,-0.7346789721184666,0.1916071021958915,0.31426853465360477,0.3729066449681688,-0.7642564252448376,0.5682474910791473,0.6689394982982497,-0.5214603012432523,
1,0.0,0.0,0.0,0.0,0.0,0.0,0.0,0.0,
0,0.0,0.0,0.0,0.0,0.0,0.0,0.0,0.0,
