,ty,at,pt,rs,tq,tw,1,0,
ty,0.0,0.2170117966922477,0.0,0.591614594320171,0.0,0.0,0.2883153929066372,0.0,
at,-0.004106379062143728,0.0,0.2259014244274989,0.14027629156230267,0.0,0.0,0.0,0.0,
pt,0.0,0.0,0.0,0.0,0.0,0.374178786788631,0.22864984864425372,0.0,
rs,-0.48804803063950764,0.3250864352896682,0.0,0.0,-0.48593991248820106,0.0,0.1126669653535528,-0.1247567508463078,
tq,0.0,0.0,0.6624965889007868,0.0,0.0,0.39152552410851943,0.0,0.0,
tw,0.0,0.0,0.36208849503356505,0.0,0.0,0.0,0.37364956033007235,0.0,
1,0.0,0.0,0.0,0.0,0.0,0.0,0.0,0.0,
0,0.0,0.0,0.0,0.0,0.0,0.0,0.0,0.0,
