,ty,at,pt,rs,tq,tw,1,0,
ty,0.47883004945415947,0.2609642189144469,0.16407585623817567,0.19956166234671968,-0.48697616064236465,-0.36446867105230635,-0.14647875630324048,0.4286101760377831,
at,-0.1775131533199461,0.31726613266521725,-0.4577021272481452,-0.28593302089413214,-0.16033799241487967,-0.5020706513612464,0.5575354230128617,-0.3979943538965732,
pt,0.20970147886099044,-0.5764373691903087,0.08088001582926,0.6878397711577221,-0.5829075339208227,-0.48075609321959917,0.6516471769069395,0.6681311046017651,
rs,-0.14374110072872232,-0.658588028027504,0.18622034179705624,0.6766642354246918,-0.3831945708710414,0.2707143547193711,-0.7051140336683861,-0.45558431747750594,
tq,0.6804329574062541,0.6239669696438009,-0.634682958693114,0.09591416515483632,-0.6868242951184,-0.20308568611242517,0.4888209174254549,0.6882770704450478,
tw,-0.5379982084868404,0.5529112526898006,-0.5074373057931238,-0.32019634256323437,0.6781908278217471,0.6366615221841795,0.22916928482283447,0.13882552658375083,
1,0.0,0.0,0.0,0.0,0.0,0.0,0.0,0.0,
0,0.0,0.0,0.0,0.0,0.0,0.0,0.0,0.0,
