,ty,at,pt,rs,tq,tw,1,0,
ty,0.0,0.0,0.0,0.0,0.0,0.0,-0.6129240895480076,0.0,
at,-0.3951631534957618,0.0,-0.049330091995559315,0.0,0.0,0.8224296204319065,0.0,0.0,
pt,0.5960274207905077,0.0,0.0,0.0,0.0,-0.2599114839726245,0.0,-0.7823612370760167,
rs,0.07824099047779001,0.08510908950875459,0.0,0.0,0.0,-0.8084467678782875,0.0,-0.34098164220635324,
tq,0.0,-0.8523872312654198,0.1547281472344712,0.8092202105282095,0.0,-0.06470817225152518,0.0,-0.5181416997629289,
tw,0.7013902138191629,-0.6942282969501107,0.0,0.0,0.032136389119687726,0.0,0.0,0.0,
1,0.0,0.0,0.0,0.0,0.0,0.0,0.0,0.0,
0,0.0,0.0,0.0,0.0,0.0,0.0,0.0,0.0,
