,ty,at,pt,rs,tq,tw,1,0,
ty,0.0,-0.13359195917113614,-0.7490510470154923,0.0,0.0,0.6386456518482744,0.6750249902159258,-0.2969693025882795,
at,0.700625144443818,0.0,0.2494177945093829,-0.40944637156993297,0.747448282254224,0.0,-0.6828357810996708,0.0,
pt,0.6421254652983065,0.0,0.21179927008998067,0.6583175112482527,-0.7120315622253922,0.4325525607854741,0.0,0.5510239943335852,
rs,0.3844451033610889,0.0,-0.6112631869752436,0.0,-0.36352093259872104,0.7457190302268134,0.0,0.45368425059164463,
tq,0.6900963824960676,0.6317988223770684,-0.6937564408269175,0.7535159437217438,0.6700671652708932,-0.6761811392409607,0.6957959817379263,0.31500728591615984,
tw,0.0,-0.698150232987147,-0.6065508177073926,0.5144727215189407,0.5280496555360904,0.0,0.0,0.7259681880497202,
1,0.0,0.0,0.0,0.0,0.0,0.0,0.0,0.0,
0,0.0,0.0,0.0,0.0,0.0,0.0,0.0,0.0,
