,ty,at,pt,rs,tq,tw,1,0,
ty,0.0,-0.4272587170327185,-0.28940039567869186,0.0,-0.2109442742911021,-0.48990439226866983,-0.053693695044577786,0.06253626687967191,
at,-0.35810499246087046,0.0,0.1669332429967277,-0.022017389017427454,0.3584139562070285,0.49992353351058916,0.542834439869818,0.3659854496550697,
pt,0.4668422042248508,-0.43409421530268355,-0.1250624224989301,0.47312296755480315,-0.45818390492762107,0.0,0.3374099007556059,0.4351682543481516,
rs,-0.5277027396292554,0.379006412680978,0.20936692311095234,0.0,0.3132129543060277,-0.25227456638931306,-0.3749113303234605,0.5248681095312981,
tq,0.09467623790083562,-0.28951446689318777,-0.40644007804506643,0.1419031445973532,0.0,-0.5528054910102609,0.48939000238643815,-0.020830637094607703,
tw,-0.40065059431956,0.4768378016860555,0.0,0.014034201569977887,-0.1257009665677652,0.3025555122732906,0.0,-0.43857052861270135,
1,0.0,0.0,0.0,0.0,0.0,0.0,0.0,0.0,
0,0.0,0.0,0.0,0.0,0.0,0.0,0.0,0.0,
