,ty,at,pt,rs,tq,tw,1,0,
ty,0.0,0.0,0.5456719183205906,0.21133755965839837,-0.09830598920739801,0.6164270619827803,-0.5904309267965014,0.09232408987653234,
at,-0.3888569850097412,0.44378692587576024,-0.24635936873545697,0.5841607576492143,0.0,-0.4254481928067014,0.6704209818062588,-0.6446070487761351,
pt,-0.6458231688606716,0.0,0.0,0.0,0.010302745737661696,0.608693834500865,-0.6977311838265036,-0.4349867505150407,
rs,0.49956675478000195,-0.6868135685898913,0.6550106585259716,0.5224934655597409,-0.11500449320361275,0.6639160858250773,0.0,0.0,
tq,0.4418103898468681,0.6830556612831571,0.0,-0.5065005281130758,0.0,0.6404780386419773,0.0,0.620259876575824,
tw,-0.6201003312661892,0.0,-0.18325726587948046,0.0,0.6512670191599217,0.0,-0.49487315484711847,0.6544295701813432,
1,0.0,0.0,0.0,0.0,0.0,0.0,0.0,0.0,
0,0.0,0.0,0.0,0.0,0.0,0.0,0.0,0.0,
