,ty,at,pt,rs,tq,tw,1,0,
ty,0.0,0.21833730122726694,0.0,0.6841670791353764,0.3761854461520901,0.0,0.0,0.0,
at,0.0,0.0,0.0,-0.2177588041141343,0.2486847955746963,0.0,-0.1314321402590521,0.0,
pt,0.0,0.0,0.0,0.0,-0.1364907975315984,-0.30864660957008677,0.0,0.0,
rs,0.5141248962673626,-0.4604729951716004,-0.0970026699302917,0.0,0.0,0.0,0.0,0.5580039597270479,
tq,0.0,0.0,0.0,0.1963687464189505,0.0,-0.06986884386594538,0.6078601882899987,0.0,
tw,0.0,0.0,0.0,0.0,0.0,-0.3087544718741717,0.07940970735397768,0.0,
1,0.0,0.0,0.0,0.0,0.0,0.0,0.0,0.0,
0,0.0,0.0,0.0,0.0,0.0,0.0,0.0,0.0,
