,ty,at,pt,rs,tq,tw,1,0,
ty,0.6093049245412451,-0.7045255018004352,-0.7191453510763535,-0.6803604430367141,-0.12684496483886007,-0.7268720783056185,0.5131585128210223,0.5426809659864478,
at,-0.5208674972800112,0.5429041641048091,0.0,0.0,0.39042961874342147,-0.5790695300640678,0.5750577716358762,0.6200007682137526,
pt,0.7173645310738295,0.5474056607840421,-0.5300668515511189,0.0,0.5839995594363548,0.726621082769615,-0.5384983708371684,0.5738673048230162,
rs,0.36093543227476144,-0.6547260521811269,-0.5050039291820427,0.0,-0.5939521670169525,-0.025248626590323786,-0.7288028366933895,0.45760732307662655,
tq,-0.5055518889810267,0.6135461796769625,0.02906889731683907,0.0,0.0,0.0,0.0,-0.6533348597509985,
tw,0.05006648882000594,0.36150749742470967,0.6225962328838487,0.3220701846474908,0.4726278469302614,0.418128441745133,-0.3873819538044709,-0.6862012929966976,
1,0.0,0.0,0.0,0.0,0.0,0.0,0.0,0.0,
0,0.0,0.0,0.0,0.0,0.0,0.0,0.0,0.0,
