,ty,at,pt,rs,tq,tw,1,0,
ty,0.0,0.34214222454514887,0.0,0.5435596674052434,0.0,0.0,-0.8398269752861038,-0.6231120178418263,
at,0.0,0.0,0.0,-0.16870320749454376,0.0,-0.47243525105118034,0.0,0.0,
pt,0.0,0.0,0.0,0.0,0.0,-0.30434604778014795,0.0256307770612757,0.0,
rs,0.0,0.0,0.0,0.0,0.0,0.0,-0.8632988227434324,0.0,
tq,0.034505184193639314,-0.2488188898383391,0.4870510219483052,0.0,0.0,0.2537423882514204,0.0,-0.17605235852377996,
tw,0.7137200448655115,0.0,0.7389645849390091,0.0,0.0,0.0,0.2277450220197442,0.0,
1,0.0,0.0,0.0,0.0,0.0,0.0,0.0,0.0,
0,0.0,0.0,0.0,0.0,0.0,0.0,0.0,0.0,
