,ty,at,pt,rs,tq,tw,1,0,
ty,0.0,-0.6267784650185914,0.3509966938775037,0.3603438043093918,-0.46027186405454007,0.3271860378800399,-0.5975221409010681,0.6750875903340546,
at,0.0,0.0,-0.48321202720428996,0.6184489315474437,0.0,0.6884750959301801,0.6762464038314394,0.4511153481935904,
pt,0.5933230108194628,0.0,0.0,0.6807272722538209,0.4034350215850722,0.6944787711284519,-0.4002340840011657,0.0,
rs,0.5678971214302528,-0.43188542390811535,0.0,-0.6276372579049059,0.0,-0.6406858638012395,-0.4268469207241965,-0.3711298826792528,
tq,0.22355028133032367,-0.6334958610328303,0.14244322876871854,-0.6167121357018018,0.0,0.0,0.6552156738744107,-0.29043382118775196,
tw,0.08926034168599718,-0.20163732761118655,0.2870376834754808,0.0,-0.61354252837001,0.0,0.0,-0.578776741993141,
1,0.0,0.0,0.0,0.0,0.0,0.0,0.0,0.0,
0,0.0,0.0,0.0,0.0,0.0,0.0,0.0,0.0,
