,ty,at,pt,rs,tq,tw,1,0,
ty,-0.7073500735240008,0.661119430817706,-0.6824454900549636,0.7067341522222326,-0.70781381231413,0.665420392031521,0.6979410740089704,0.7152246439074182,
at,-0.5731122073973,0.0,-0.7171546491786752,-0.7195273808843021,-0.1482788175323541,0.6712175672115268,0.6726154056019517,-0.7268677031437283,
pt,0.0,-0.1937512594036262,-0.7244645740968003,0.6842556251065522,-0.6515746700589364,0.6351997441628976,0.6832179403189901,-0.7557556141949293,
rs,-0.685525922445015,-0.729548548429684,-0.2584480651764213,0.704658146539177,0.7044847222140039,0.7059371466503453,-0.700921149583046,0.7061534540829351,
tq,0.0,0.7403795244199113,-0.6918662811280708,0.6480275863262823,0.6943798791414528,0.6977487877365075,0.703720805546516,-0.7264672491820697,
tw,0.713863519685697,-0.6713630215101261,0.710409112429939,0.3122844521242402,0.7279490285759028,-0.704346597051166,0.652360730198847,0.6971761330209879,
1,0.0,0.0,0.0,0.0,0.0,0.0,0.0,0.0,
0,0.0,0.0,0.0,0.0,0.0,0.0,0.0,0.0,
