,ty,at,pt,rs,tq,tw,1,0,
ty,0.0,0.0,0.0,0.0,0.0,0.0,0.8521347326741424,0.0,
at,0.5388749280271998,0.0,0.859468718414774,0.0,0.0,-0.1870978401434209,0.0,0.0,
pt,-0.09593589378768175,0.0,0.0,0.0,0.0,0.6220552259696126,0.0,-0.6622187389891938,
rs,0.39196345393690657,-0.8742973569868451,0.0,0.0,0.0,0.6626172469127007,0.0,0.03705577229644463,
tq,0.0,-0.74591223015793,-0.3873561844972748,-0.48864778135268594,0.0,0.13568543200576189,0.0,0.32334666016748614,
tw,-0.8931607745361014,0.4812493511426441,0.0,0.0,-0.04380988439245015,0.0,0.0,0.0,
1,0.0,0.0,0.0,0.0,0.0,0.0,0.0,0.0,
0,0.0,0.0,0.0,0.0,0.0,0.0,0.0,0.0,
