,ty,at,pt,rs,tq,tw,1,0,
ty,0.0,-0.37690685939692353,0.0,0.0,0.017472921545815943,-0.3966066637528369,0.0,0.4677773067756855,
at,-0.045902013073831086,0.0,-0.41355069777842945,0.57950820258608,0.6778431711809983,-0.5180646607449201,0.6732748876051514,0.4003047940414871,
pt,0.6886817362349442,0.0,0.0,0.5061963982260459,0.22278467555619774,0.21445764968482386,0.6480395577004991,-0.4591900406381179,
rs,-0.6222375825874739,0.0,-0.6024466317281278,0.0,-0.19992999020675095,-0.39998891034021483,-0.5727097739069696,0.6291007129684775,
tq,-0.0021850248559705607,-0.10730199583582149,0.0,-0.5923536615385472,0.0,-0.3680318894432214,0.0,-0.22806068430101176,
tw,0.37116292729759937,-0.3551463344014904,0.26663117237638007,0.5747772311558681,0.0,0.0,-0.5526596954552102,-0.6168432529427476,
1,0.0,0.0,0.0,0.0,0.0,0.0,0.0,0.0,
0,0.0,0.0,0.0,0.0,0.0,0.0,0.0,0.0,
