,ty,at,pt,rs,tq,tw,1,0,
ty,0.0,-0.6122273548813632,0.0,0.004599811476377848,-0.6639293646806075,0.0,-0.33256114090932576,0.0,
at,-0.7031374311979602,0.0,-0.6252722919614486,-0.6087731129885358,-0.5207213471454668,-0.5684320633970001,0.4717785786694834,-0.6106587913059522,
pt,-0.6953314483984707,-0.3310290824941404,0.0,0.0,0.2982526058940004,0.01591405195582468,0.0,0.6667431691396313,
rs,0.0,-0.5475138573696008,0.6129476746784794,0.0,-0.4208632557813506,0.6313651828411109,-0.3584114003758671,0.7080193639833132,
tq,0.0,-0.14027723532974165,0.0,0.0,0.0,-0.669141139357324,0.4681075809258953,0.09370847230358782,
tw,0.0,0.0,0.0,0.3997384138065212,0.0,0.0,0.6094586558041853,0.0,
1,0.0,0.0,0.0,0.0,0.0,0.0,0.0,0.0,
0,0.0,0.0,0.0,0.0,0.0,0.0,0.0,0.0,
