,ty,at,pt,rs,tq,tw,1,0,
ty,0.0,0.4767691871493781,0.0,0.3469205469552303,-0.2754104612436329,0.0,-0.07452584101335039,0.0,
at,-0.33169359986228275,0.0,-0.4370683913143689,0.013675418100705095,-0.3951575742460185,0.2539716099514523,0.05993047636296237,-0.5285005259282808,
pt,-0.036180243305391775,-0.6985551110044323,0.0,0.0,0.02431444170102076,-0.08191849811874145,0.0,0.4094097880462555,
rs,0.0,-0.5875451582973089,-0.4158205279447784,0.0,0.5076305906616335,0.3345913526410479,-0.578341071876942,0.1299271118106511,
tq,0.0,0.4893188692113393,0.0,0.0,0.0,-0.5445956481688706,-0.07364720756294606,-0.4074798514715089,
tw,0.0,0.0,0.0,0.2331736331390443,0.0,0.0,0.26786816353539694,0.0,
1,0.0,0.0,0.0,0.0,0.0,0.0,0.0,0.0,
0,0.0,0.0,0.0,0.0,0.0,0.0,0.0,0.0,
