,ty,at,pt,rs,tq,tw,1,0,
ty,0.618087711580043,-0.6424703832832345,-0.4076810986796237,-0.4528707529912257,0.4230595559789417,-0.062155806676237234,0.0,0.6780004578411076,
at,-0.6502297412519462,0.0,-0.02148234423161347,-0.5189846762918184,-0.6337989129776166,0.0,-0.20470935772090665,-0.32030413662894974,
pt,0.0,-0.4459236883452989,0.0,0.0,0.5565999142421804,-0.43763055066631995,0.0,0.0,
rs,0.0,-0.39689997430390667,-0.6721264647452253,0.0,-0.45216534384659035,0.0891978738830411,-0.48726117245018274,0.0,
tq,-0.7012985642043064,0.0,-0.5608077283159002,0.6134715783399503,0.0,0.0,0.0,-0.5506797753744302,
tw,0.48779943549945903,-0.5237496110053504,0.0,0.0,0.0,0.0,0.48996359276432244,0.0,
1,0.0,0.0,0.0,0.0,0.0,0.0,0.0,0.0,
0,0.0,0.0,0.0,0.0,0.0,0.0,0.0,0.0,
