,ty,at,pt,rs,tq,tw,1,0,
ty,0.0,0.647218796775302,0.5240923601012294,-0.7583987277192725,-0.38467188548895476,-0.11004392660731059,-0.5265580187595275,0.5507850865532642,
at,0.34763015559538163,0.0,0.735456449804356,0.0,0.2630720384604454,0.0,0.7334521388249198,0.0,
pt,0.0,-0.08213019699056617,-0.8244485939868359,-0.09415511411161857,0.05408146332678322,0.0,-0.12208400093254566,0.3532382041391077,
rs,0.0,0.06028098879121155,0.0,0.0,-0.41206739219831573,-0.29054665740484353,0.0,0.35531386242353696,
tq,0.0,0.0,0.0,0.0,0.0,0.1777062705441846,0.0,-0.7841359576196663,
tw,-0.3671539600406712,0.0,0.0,-0.004749491003700844,0.584310224328353,0.0,0.7464542934079469,0.1980164734196328,
1,0.0,0.0,0.0,0.0,0.0,0.0,0.0,0.0,
0,0.0,0.0,0.0,0.0,0.0,0.0,0.0,0.0,
