,ty,at,pt,rs,tq,tw,1,0,
ty,0.0,-0.3242696225314256,0.0,0.0,0.012502970999405207,-0.6772757856014476,0.0,0.7371010041220255,
at,0.737594322522978,0.0,0.5636931171726164,0.6098051797898462,0.626918863762448,-0.181358164700988,0.6473476081405597,-0.6963840937214507,
pt,-0.7379703175876334,0.0,0.0,-0.6894041797389787,0.18017416999026037,0.6983600059410358,-0.05569287950107492,0.6733346404220678,
rs,-0.6676311086942929,0.0,0.61786506476728,0.0,-0.7660539618795889,-0.627182317748318,-0.612000460751958,0.7516129802374033,
tq,-0.6243968840613655,0.7104232492487398,0.0,-0.5448786159453718,0.0,0.7699691321915907,0.0,-0.7140538372124281,
tw,-0.7299412478200998,0.6796008902624039,0.7364855952724464,-0.7523440832754927,0.0,0.0,-0.6775175671971324,-0.10676363917358428,
1,0.0,0.0,0.0,0.0,0.0,0.0,0.0,0.0,
0,0.0,0.0,0.0,0.0,0.0,0.0,0.0,0.0,
