,ty,at,pt,rs,tq,tw,1,0,
ty,0.0,0.0,0.0,0.7610634480205082,0.5402514618926445,-0.5239282144093248,0.0,0.4600831033589392,
at,-0.7702470255915052,0.0,-0.7584772595254784,0.0,-0.7155830109769511,0.7474441057627407,0.7373541860788652,0.6786416715762659,
pt,-0.7203940029532653,-0.26299537694667097,0.0,0.0,-0.5694285577302306,0.578165801792949,0.0,0.0,
rs,-0.5997755259312588,-0.5762588194985325,0.7559693300166249,0.0,0.0,0.0,-0.7096091703563638,0.0,
tq,0.5573676087838855,0.749982115463545,-0.4443678380316179,-0.5329708104799774,0.0,0.750576225357096,-0.733890911834065,-0.23194024283119868,
tw,-0.7187972640214471,0.7110317440129342,-0.5386256656085096,0.28679206220463027,0.0,0.0,0.0,0.0,
1,0.0,0.0,0.0,0.0,0.0,0.0,0.0,0.0,
0,0.0,0.0,0.0,0.0,0.0,0.0,0.0,0.0,
