,ty,at,pt,rs,tq,tw,1,0,
ty,0.0,-0.15066438380701716,0.6023534700943335,0.0,-0.02893745707876555,0.36259254988973105,-0.23616556554317214,-0.08812493461700728,
at,-0.39990758020822176,0.0,0.5699813313090302,-0.5663503851708961,0.6747355218589942,0.44790710150150426,0.5638100607879163,-0.33963951582520363,
pt,-0.49249710765325044,0.705692461677565,0.1945038663044979,0.45189537109371036,-0.3583648411998661,0.0,-0.5447377684676434,-0.13197325996059867,
rs,-0.28184257670200136,-0.6772372100849939,-0.5087185827611826,0.0,-0.5712438205256084,0.631919289509843,-0.5901160313589863,0.5110419809731384,
tq,-0.12999612543436664,0.634346550179914,-0.45613942053581197,-0.547752945502344,0.0,0.49407210159826564,0.579810382986705,-0.6085152261254436,
tw,-0.24398003890870523,-0.6665746831393754,0.0,-0.3355028403521517,0.6565770040885611,0.3483036925457343,0.0,0.48076956708447915,
1,0.0,0.0,0.0,0.0,0.0,0.0,0.0,0.0,
0,0.0,0.0,0.0,0.0,0.0,0.0,0.0,0.0,
