,ty,at,pt,rs,tq,tw,1,0,
ty,0.0,-0.5867291174052099,0.397078579174883,0.48109362563009156,0.0,0.0,-0.6695886798090968,0.0,
at,-0.1684470485638836,0.41447310827744926,0.0,0.0,0.0,-0.20796041537531235,0.0,-0.5239652845334027,
pt,-0.5127907347399625,-0.6177329841204517,0.0,0.0,-0.40447628655858425,0.0,0.6733996753373749,-0.35309917223962684,
rs,0.0,-0.38444837893564887,0.0,0.7063643164644107,0.0,-0.504614413262525,-0.541467585695389,0.207195097475749,
tq,0.0,0.23800499649975973,0.4558432066733834,-0.05752426912784936,0.0,-0.03958438759999933,-0.18422054218774714,-0.03866561794648058,
tw,0.0,0.38897783793115487,0.0,0.0,0.547117786301923,0.0,-0.6477004159143543,-0.6627538758778888,
1,0.0,0.0,0.0,0.0,0.0,0.0,0.0,0.0,
0,0.0,0.0,0.0,0.0,0.0,0.0,0.0,0.0,
