,ty,at,pt,rs,tq,tw,1,0,
ty,0.0,-0.2032120110127625,0.5672676246019883,-0.5036299826515005,-0.2558429116656862,0.08319689971464422,0.1029946325012235,0.5396530228864991,
at,-0.4961797190291872,0.3493173512374542,0.5051141743249186,-0.5628531654983849,-0.6584428219179903,-0.48697463928970414,0.5199792887415237,0.31337854072255933,
pt,-0.5695308754499315,0.002488410587465848,0.2816442989332059,-0.029981882020884438,0.17818435885258832,0.5974844314215664,-0.6554112969076373,-0.47403415815187344,
rs,-0.4709050160217336,-0.5251565348898274,0.021363789813781096,0.0,-0.42891620995750007,-0.5778769497819796,-0.6977987342868157,-0.15769620132612974,
tq,0.5535973009143241,0.6844349748143079,0.5022063212358308,-0.1538009025484865,0.4745291043686047,0.05368768292253333,-0.5597433426351593,-0.6159910664353212,
tw,-0.47623210225373525,0.23891839287316347,0.6180125618744903,0.6504270727683064,0.6759772050081734,0.0,0.6310039043463646,0.630486515904756,
1,0.0,0.0,0.0,0.0,0.0,0.0,0.0,0.0,
0,0.0,0.0,0.0,0.0,0.0,0.0,0.0,0.0,
