,ty,at,pt,rs,tq,tw,1,0,
ty,0.0,0.0,0.0,-0.6609852379880342,0.0,-0.6554415380375876,-0.008663000318537605,0.6406064889263902,
at,0.0,0.0,0.04966233706472665,0.5325515278795545,0.029318719919189457,0.0,0.41629059272358865,0.0,
pt,0.0,0.0,0.0,0.0,0.0,-0.03635566384961119,0.0,0.0,
rs,0.0,0.0,0.0,0.0,-0.45985037550529445,0.0,0.0,0.0,
tq,-0.5167431316000696,0.048821664691099255,0.0,0.0,0.0,0.0,0.0,0.0,
tw,0.0,-0.2398240415633075,-0.2652683612312429,0.0,-0.08687615811245235,0.0,-0.37951836766202296,-0.4676843650207617,
1,0.0,0.0,0.0,0.0,0.0,0.0,0.0,0.0,
0,0.0,0.0,0.0,0.0,0.0,0.0,0.0,0.0,
