,ty,at,pt,rs,tq,tw,1,0,
ty,0.0,0.0,0.0,0.6466152461908321,0.4391314415517983,0.664197843993657,0.0,0.4866005434102026,
at,0.3077789195038037,0.0,0.0,0.2200865686935516,0.0,0.0,0.0,0.38672228192124897,
pt,0.43644052851185117,-0.7003543644207437,0.0,0.0,0.0,0.5333482045512867,0.0,0.0,
rs,0.0,-0.5781226999180129,-0.4509851305821674,0.0,0.0,0.0,0.0,0.5396285966463416,
tq,-0.48990297924839893,-0.2606344764740447,0.0,0.10108006275822813,0.0,-0.40214194179703044,0.6728950304156617,0.0,
tw,0.0,0.3347686676178762,0.5977670899022679,0.2679511881224095,0.0,0.0,0.4173284091229464,-0.3311668467668612,
1,0.0,0.0,0.0,0.0,0.0,0.0,0.0,0.0,
0,0.0,0.0,0.0,0.0,0.0,0.0,0.0,0.0,
