,ty,at,pt,rs,tq,tw,1,0,
ty,0.37170595341912194,0.6424133812359266,0.34994936424267625,-0.030747820151666272,-0.37436512308127984,-0.6592892781257848,0.6724702956857378,0.7048892012515944,
at,0.6288667933366885,-0.5453855403547055,0.27670954164895323,0.6399445515055863,0.6240615978267108,-0.3825405355987193,0.5185583561984404,0.6295470089812971,
pt,-0.6955741484678944,-0.2965949824309447,-0.4883390037685658,0.288970560193944,0.20971376702218048,-0.2019099672449327,-0.6702475458235191,-0.6910057806989932,
rs,0.5517211906413965,0.7034404758276014,-0.5956831204484971,0.4108345391515433,-0.6833640300180581,-0.6401043340789284,-0.39923214307523475,0.6428587123411293,
tq,-0.24828232392088784,0.6042937451489729,0.6017873914761934,-0.38198112231888853,0.6181958397100348,0.6575676108677779,0.6902876691549766,0.5921973703728939,
tw,-0.47018509037789374,-0.6917649657457458,0.6751378854152853,-0.1290411861457571,0.37009696301386696,-0.6331215558076609,-0.6439071139249004,-0.11238931803384565,
1,0.0,0.0,0.0,0.0,0.0,0.0,0.0,0.0,
0,0.0,0.0,0.0,0.0,0.0,0.0,0.0,0.0,
