,ty,at,pt,rs,tq,tw,1,0,
ty,-0.7001755845730792,0.6272280557892059,-0.33788967786475776,-0.5410716962598627,-0.4961799859711492,-0.6057051412441115,-0.30314556333006787,0.6878312801891077,
at,-0.47684878459754654,0.0,-0.3148392366035,0.3830981442266019,0.6988141135961807,-0.5201693767651476,-0.29200566463091104,0.6674644396398685,
pt,0.581430956770962,0.5180644794266932,0.0,-0.5462859267484063,-0.2868659026038587,-0.5648541109926892,0.5852895880339922,-0.523961603528823,
rs,0.595303420506574,-0.4288950338397283,-0.23421367617672517,-0.0674665770249327,-0.6923888442717346,-0.7082651601933513,0.6846662330587482,0.46485523963714237,
tq,0.36464090391048415,-0.465489297619597,-0.12096067635160342,-0.6979837698797283,0.640705302825643,-0.6790860261099598,-0.5076634138315342,-0.5279016182662213,
tw,0.7003357190207017,-0.3153183346021108,-0.29191479173062984,0.22119864617005544,0.711983725522759,-0.22808354813445034,0.0,0.4938061117517884,
1,0.0,0.0,0.0,0.0,0.0,0.0,0.0,0.0,
0,0.0,0.0,0.0,0.0,0.0,0.0,0.0,0.0,
