,ty,at,pt,rs,tq,tw,1,0,
ty,0.0,0.0,0.0,0.0,-0.5890958950303294,-0.3214131344506591,0.0,0.0,
at,0.0,0.0,0.0,0.5451536072479616,-0.6839515102504432,0.5294305321413678,0.0,-0.48246830242338495,
pt,0.0,0.6452241536241147,0.0,0.0,-0.5667709238519959,-0.5206581033139103,0.0,0.0,
rs,-0.5661441672575952,-0.5394077782875396,-0.20999587401373468,0.0,0.6988051310417335,0.0,0.0,0.0,
tq,-0.675638812813033,0.3561509338739437,-0.5362703173379236,0.20540954949434045,0.0,0.0,-0.662172205304316,0.0,
tw,0.0,-0.5566885426486368,-0.3836227541687873,-0.14018369379035486,-0.53307929287084,0.0,0.18272756638443588,0.0,
1,0.0,0.0,0.0,0.0,0.0,0.0,0.0,0.0,
0,0.0,0.0,0.0,0.0,0.0,0.0,0.0,0.0,
