,ty,at,pt,rs,tq,tw,1,0,
ty,0.0,0.629979813454914,-0.5708217930253189,0.12426841983235015,-0.22730221673477652,0.05396509220653896,0.06921645243895233,0.6457523428082341,
at,0.0,0.0,-0.5477772648333337,0.1544308814969352,0.0,-0.252574321681668,0.48300231888799516,0.3318866001407012,
pt,-0.3759896755590863,0.0,0.0,0.47467186207273676,0.7003855102595357,-0.332596733611234,-0.6159073646943052,0.0,
rs,0.7100557461797834,0.569535190807909,0.0,0.6099294745635154,0.0,-0.5650269036379001,-0.35088095360028654,0.2832851992186026,
tq,-0.5832616385955531,-0.6377885401084433,0.3849087708080346,-0.21087702918104154,0.0,0.0,0.5569865260644938,-0.5401649808539216,
tw,0.38475967732368604,0.11930163310814686,-0.35179708914106983,0.0,0.06669084033909432,0.0,0.0,-0.5744959817248344,
1,0.0,0.0,0.0,0.0,0.0,0.0,0.0,0.0,
0,0.0,0.0,0.0,0.0,0.0,0.0,0.0,0.0,
