,ty,at,pt,rs,tq,tw,1,0,
ty,0.0,0.5848195797360596,0.5610396840220779,0.7131597729383964,0.69259695732128,-0.2651036010837938,0.0,0.0,
at,0.0,-0.41748236712921494,-0.6390338112646059,-0.6941598732438249,-0.6606343637973453,-0.7158198312289201,0.28371517517652306,-0.7101841347617152,
pt,-0.48133889462912943,0.0,0.0,0.5641248393936203,0.606473543413743,-0.6524149546758389,0.0,-0.41117873592981496,
rs,0.0,-0.5980777016566032,-0.7112853968723891,0.7265869194129619,-0.5497543189451984,0.6350145768877817,0.0,0.7125792275849631,
tq,-0.2028255114934692,0.0,0.0,-0.7061474207998251,0.0,-0.654808437012503,-0.6620574746399054,-0.6189333100872957,
tw,0.25369306443045203,0.0,-0.34160208716714113,0.7057757924879191,0.7117073210575596,0.712705576454866,0.0,0.6586298911719419,
1,0.0,0.0,0.0,0.0,0.0,0.0,0.0,0.0,
0,0.0,0.0,0.0,0.0,0.0,0.0,0.0,0.0,
