,ty,at,pt,rs,tq,tw,1,0,
ty,0.0,0.0,0.37299481282881797,0.6333000035184944,0.22965136246879875,0.4221992719445791,0.0,-0.32529049854651587,
at,-0.36283893677692663,0.0,-0.11630453138321181,0.3335079722364909,0.0,-0.5817412754985819,0.16684974266441735,0.0,
pt,0.43973713882076104,0.5087952260433461,0.0,0.0,0.5647562742895119,0.0,0.6206280631718769,0.0,
rs,0.0,0.0,-0.3173257275153091,0.0,0.0,0.38469759146899235,-0.6207354102459764,0.6429825829473205,
tq,0.2563814455831091,-0.3666651694683566,0.0,0.0,0.0,0.0,0.5823421719774738,0.0,
tw,-0.6725978127842401,0.0,0.0,0.0,0.0,0.0,-0.39837097297149593,0.0,
1,0.0,0.0,0.0,0.0,0.0,0.0,0.0,0.0,
0,0.0,0.0,0.0,0.0,0.0,0.0,0.0,0.0,
