,ty,at,pt,rs,tq,tw,1,0,
ty,0.0,-0.6391779662792566,0.5950285803577333,0.0,0.0,-0.5054779618074141,-0.6856976471267933,0.667571570913024,
at,0.6840432355685852,0.0,-0.686798492624334,-0.673173345442262,0.7027748662402027,0.0,-0.6760166791548068,0.0,
pt,0.6147888778524663,0.0,0.3455143154310428,-0.10874142841353225,-0.4488509969070129,-0.6868157625687928,0.0,-0.6789401488801655,
rs,0.6922736161725861,0.0,-0.681292662752187,0.0,-0.702010940228364,0.6249959973047552,0.0,0.6969369930391278,
tq,-0.39507497117761814,0.4053171162695272,-0.5180573524945642,-0.7007849369587915,0.6849085534770645,-0.6892619194857955,-0.5733337209420839,-0.6299623656102317,
tw,0.0,-0.7088764768545882,0.6984172204755286,0.6723815588830201,0.4952511844501103,0.0,0.0,-0.6780895529112065,
1,0.0,0.0,0.0,0.0,0.0,0.0,0.0,0.0,
0,0.0,0.0,0.0,0.0,0.0,0.0,0.0,0.0,
