,ty,at,pt,rs,tq,tw,1,0,
ty,0.6613201606161304,0.020019177267690466,-0.39615626892551703,-0.5977112509876185,0.3116212970899724,-0.3514668801701026,0.15468589078676798,0.23873771212278283,
at,0.38088821268275824,-0.4531508562960322,0.4117092116960897,0.1798203380047011,0.43279735356837046,-0.39135366497807866,-0.3029412154022797,-0.2906127933347203,
pt,0.35582839202095917,0.54670757280783,-0.5701459621489663,0.0,0.0,0.3168405841447351,-0.30377239995369026,0.0,
rs,-0.41356743438261917,-0.45327209180437483,0.5143632657245548,0.6000557641623002,0.0,-0.39816616029301743,0.2704060301104015,0.5441162018983041,
tq,-0.4721964147898072,0.0,-0.04848064536310277,0.2224955482514456,0.0,-0.4244828810972199,0.0,-0.6093824795901739,
tw,0.3372414861007081,-0.1489467794369881,-0.027496290956831662,-0.39570303266283324,-0.020353454697245598,0.0,0.5169533809876995,0.4597082297804167,
1,0.0,0.0,0.0,0.0,0.0,0.0,0.0,0.0,
0,0.0,0.0,0.0,0.0,0.0,0.0,0.0,0.0,
