,ty,at,pt,rs,tq,tw,1,0,
ty,0.0,0.04735941709259636,0.0,0.6568665597376705,0.34436549003149247,-0.5152285920761119,0.6266316928243313,0.7111295347396749,
at,0.022055153609850536,-0.1953269257710815,-0.09012149576576925,-0.6656312301661842,-0.717153900178689,0.700432209656481,0.583386214168357,0.0,
pt,-0.5631327152820489,-0.2507686145420151,0.0,0.6624024521312918,0.0,0.3959081886574562,0.22327042414291437,0.0,
rs,0.0,-0.6426306001899604,0.6761406443494064,0.0,0.0,0.0988019680642664,-0.7190364477787509,0.7193372306208614,
tq,0.0,0.6298022109788559,-0.2956909728289141,-0.27191032025649964,0.0,-0.549165812996454,0.0,-0.652282468340691,
tw,0.253036447222456,0.7103213791838273,-0.09272457818050567,0.4855914343971557,0.0,0.0,-0.6288580038105921,-0.6969186493227554,
1,0.0,0.0,0.0,0.0,0.0,0.0,0.0,0.0,
0,0.0,0.0,0.0,0.0,0.0,0.0,0.0,0.0,
