,ty,at,pt,rs,tq,tw,1,0,
ty,0.0,0.4351330442119879,0.0,0.279209610775887,0.0,0.0,-0.5834588886038963,-0.4014069209635939,
at,0.0,0.0,0.0,0.15740953130797047,0.0,0.3086310641573283,0.0,0.0,
pt,0.0,0.0,0.0,0.0,0.0,-0.08407024728191666,-0.5551205920984806,0.0,
rs,0.0,0.0,0.0,0.0,0.0,0.0,-0.38759050669072176,0.0,
tq,-0.5586477018100996,-0.5289587743409675,-0.4107794998488218,0.0,0.0,-0.6112805233691866,0.0,-0.569671704203606,
tw,-0.5014881829513176,0.0,-0.6876843017093011,0.0,0.0,0.0,0.5440045864208584,0.0,
1,0.0,0.0,0.0,0.0,0.0,0.0,0.0,0.0,
0,0.0,0.0,0.0,0.0,0.0,0.0,0.0,0.0,
