,ty,at,pt,rs,tq,tw,1,0,
ty,0.0,0.0,0.0,-0.47967620458005056,-0.3730355840108566,0.005737481154464551,0.0,0.6970540456874462,
at,-0.3274930023931802,0.0,-0.4245401459323668,0.0,0.22570333672465395,0.2697568168452518,0.21454206908885365,-0.12275808531976229,
pt,0.21444836591645397,-0.2283894563876759,0.0,0.0,-0.5559409890437047,0.1820104989532538,0.0,0.0,
rs,0.219192827830027,-0.40543444638950443,0.4037221061214346,0.0,0.0,0.0,-0.09159030727862905,0.0,
tq,-0.6263372777623427,0.1252511856588191,0.19104288649586929,-0.22159570596428682,0.0,-0.5823140935068764,-0.3240890862499284,-0.7063418157587809,
tw,-0.2705130853672119,-0.038327460997384016,-0.7103792354594121,0.2213884179935628,0.0,0.0,0.0,0.0,
1,0.0,0.0,0.0,0.0,0.0,0.0,0.0,0.0,
0,0.0,0.0,0.0,0.0,0.0,0.0,0.0,0.0,
