,ty,at,pt,rs,tq,tw,1,0,
ty,0.0,-0.500798637967594,0.6167457777113313,-0.6891123197299522,-0.3007492295181451,-0.4299210026243393,-0.5496595908603736,0.5531636045595135,
at,-0.47124987881719527,-0.6927881559355359,-0.4739215859393343,0.3895571207796816,0.43736946121435344,0.0,0.4760117041157945,0.49470410564864303,
pt,-0.562060080145936,0.0,-0.5825252192552204,-0.34149036824239803,-0.18226710680562863,0.03285261825428859,-0.21009489196573639,0.47352113831995474,
rs,0.35563785672099457,0.4645631923774672,-0.6914863236091799,0.0,0.0,-0.13557466894906853,-0.376867854553148,0.0,
tq,-0.3917593892929226,0.5527170033357351,0.08496654839604235,0.0,0.6894943200539846,-0.6253761371419762,0.3879348605127224,0.302991137508877,
tw,-0.5116384684945845,0.18243009009985042,0.0,0.0639602540557688,0.0891325021412282,0.5734324293333779,0.3849560388315157,0.2963492300890092,
1,0.0,0.0,0.0,0.0,0.0,0.0,0.0,0.0,
0,0.0,0.0,0.0,0.0,0.0,0.0,0.0,0.0,
