,ty,at,pt,rs,tq,tw,1,0,
ty,-0.5473549563935989,0.429375875606238,-0.49538005526246637,0.0,0.264232457781619,-0.41754548953070175,-0.7152662182224456,-0.011853931291941063,
at,0.0,-0.009745002175818135,-0.015157121837614466,-0.5910361109356559,0.45720655217979866,-0.6766926556651746,0.6346720944429998,0.6922433424673283,
pt,0.4207929928764578,-0.6271600080523421,-0.55528539403712,0.5616208287098983,0.0,0.647069692437773,0.0,0.14323783267515972,
rs,0.6853481916369926,-0.09448228956347744,-0.01824973088817468,-0.3988041649371493,-0.5324062526440777,-0.6422126711279671,0.1119410118834651,0.2138872808772457,
tq,0.0,0.08157701705775759,-0.16786638287550135,-0.5295937017445059,0.0,0.14431360944918342,-0.43953493255518966,-0.6734589891269039,
tw,0.0987513329330733,-0.18782329073335205,0.0,-0.668462020694851,-0.42314750140070057,0.0,0.6391265218280646,-0.13648537858435147,
1,0.0,0.0,0.0,0.0,0.0,0.0,0.0,0.0,
0,0.0,0.0,0.0,0.0,0.0,0.0,0.0,0.0,
