,ty,at,pt,rs,tq,tw,1,0,
ty,0.0,0.0,0.0,0.0,-0.300501476268155,-0.15542397506743807,0.0,0.0,
at,0.0,0.0,0.0,0.26179726276659543,0.11360417485482288,0.30646220767128785,0.0,-0.7743619114980642,
pt,0.0,-0.16549125602115236,0.0,0.0,0.7976343305062922,-0.31668309528961436,0.0,0.0,
rs,-0.7809273761644261,-0.7403628497855735,0.13625500235344648,0.0,-0.44871178150754815,0.0,0.0,0.0,
tq,-0.6670939197725936,0.7484195059034727,0.7185197589419777,-0.7090258375262988,0.0,0.0,-0.12930701564284922,0.0,
tw,0.0,0.7026008591143132,0.7844062110327434,0.799437779750076,0.7567908860244071,0.0,-0.7555373244897406,0.0,
1,0.0,0.0,0.0,0.0,0.0,0.0,0.0,0.0,
0,0.0,0.0,0.0,0.0,0.0,0.0,0.0,0.0,
