,ty,at,pt,rs,tq,tw,1,0,
ty,-0.25965091281468355,-0.22130311408569037,-0.4061340685128578,0.4497742136144439,0.49719859690025103,-0.5373538262262944,-0.37179750365633474,0.5172144987557616,
at,0.04950824329936037,-0.6195851056852671,-0.6877694790879676,0.21432400787134095,0.359210527644227,-0.142289069682401,0.643446756428217,-0.41706877723904395,
pt,-0.5811374771298574,-0.6707107000460449,-0.5126211608693277,0.0,0.0,0.13325606429618467,0.5467225212312227,0.0,
rs,-0.40882701572999447,-0.2836351680945818,-0.061124191987347226,0.6735700805787768,0.0,0.28815145820869237,-0.3439132618541265,0.5367809400176395,
tq,0.4592381537311434,0.0,0.6558188875875837,-0.06751434195797018,0.0,-0.067140418970343,0.0,-0.33772005218610207,
tw,-0.4296104524705466,-0.6467542483342302,0.5901376788803782,-0.2328367518833914,-0.4035071887391657,0.0,0.41491168632773967,0.5788953300521374,
1,0.0,0.0,0.0,0.0,0.0,0.0,0.0,0.0,
0,0.0,0.0,0.0,0.0,0.0,0.0,0.0,0.0,
