,ty,at,pt,rs,tq,tw,1,0,
ty,0.0,0.0,-0.69224001875883,0.3869728794654475,0.0,0.6007064574017439,0.0,0.0,
at,-0.5548310610143726,0.0,-0.4657438983940551,0.13947720535636163,0.6024938079534812,0.0,0.7146735885301487,0.6156357927931841,
pt,0.5771603427474554,0.0,0.0,0.261550121927579,0.0,-0.5496868744506423,0.40754645696436825,0.5771301965336224,
rs,-0.24043425843661143,0.0,0.0,0.0,-0.7006340951026817,0.6651197416331583,-0.494009434478903,-0.22502469647734058,
tq,-0.6424652145144144,0.5765914276739326,0.46733205155429197,0.18885936135896914,0.34721614908182946,0.27618911216399933,0.0,0.0,
tw,-0.3862237277434319,0.0,0.0,0.0,0.5590261306546368,0.0,-0.6891390604548564,0.0,
1,0.0,0.0,0.0,0.0,0.0,0.0,0.0,0.0,
0,0.0,0.0,0.0,0.0,0.0,0.0,0.0,0.0,
