,ty,at,pt,rs,tq,tw,1,0,
ty,0.0,-0.7263786373995584,0.0,0.14673457259807793,0.0,0.0,-0.003443226279894662,0.0,
at,-0.6874130629047717,0.0,-0.7253379313502493,0.21674582490418473,0.0,0.0,0.0,0.0,
pt,0.0,0.0,0.0,0.0,0.0,-0.09330868042212515,-0.1995203269133676,0.0,
rs,0.7237022472855446,-0.4764423185400037,0.0,0.0,-0.6517443558348666,0.0,-0.6743175229181504,-0.6450555406956382,
tq,0.0,0.0,-0.6321048649281134,0.0,0.0,-0.06614157115182659,0.0,0.0,
tw,0.0,0.0,0.6586078975066608,0.0,0.0,0.0,0.21559863013249989,0.0,
1,0.0,0.0,0.0,0.0,0.0,0.0,0.0,0.0,
0,0.0,0.0,0.0,0.0,0.0,0.0,0.0,0.0,
