,ty,at,pt,rs,tq,tw,1,0,
ty,0.0,0.0,-0.5015985554968921,0.0,0.0,0.015895771869481448,-0.3342078758923683,0.0,
at,0.0,0.0,0.0,-0.6319467394217889,0.0,-0.5789024343868178,-0.6199865421235131,-0.41571374361022323,
pt,-0.3475181089747139,-0.6328318562605022,0.0,0.0,0.0,0.0,-0.11290543021562109,0.0,
rs,0.5240206912505745,0.017642705964839626,-0.549405373242845,0.0,-0.5073377171114274,0.0,-0.5636303896962273,0.3366803150799158,
tq,-0.497276237178532,-0.5191001510482868,0.0,0.5057988006307096,0.0,0.0,0.44304182540258236,-0.46763017207695157,
tw,0.0,0.0,0.0,0.0,0.0,0.08924791645356805,0.0,-0.6304974292349702,
1,0.0,0.0,0.0,0.0,0.0,0.0,0.0,0.0,
0,0.0,0.0,0.0,0.0,0.0,0.0,0.0,0.0,
