,ty,at,pt,rs,tq,tw,1,0,
ty,0.0,-0.636157947341969,0.5519436446360579,0.45454402901820723,0.0,0.0,-0.4980110365741746,0.0,
at,0.49102018479753734,-0.31857898494106807,0.0,0.0,0.0,-0.04367004702990423,0.0,0.05777379489993821,
pt,-0.6903578987545427,0.6867476221722253,0.0,0.0,-0.6923350048050171,0.0,0.6550546461949558,0.36856579499742753,
rs,0.0,-0.5604225544933156,0.0,0.6966888415937637,0.0,-0.43485492959207017,-0.3929276420933686,0.6977740522884233,
tq,0.0,-0.684098342950479,0.35972801577051017,-0.020922194934154686,0.0,-0.6875582199406047,0.6871056874933772,-0.6613505172930564,
tw,0.0,-0.4344104045586467,0.0,0.0,0.6636730780569033,0.0,-0.6601567560531736,-0.6726449628252517,
1,0.0,0.0,0.0,0.0,0.0,0.0,0.0,0.0,
0,0.0,0.0,0.0,0.0,0.0,0.0,0.0,0.0,
