,ty,at,pt,rs,tq,tw,1,0,
ty,0.0,0.0,-0.4728124876371572,0.4230588984081257,0.41719183611130867,-0.44723484514844475,0.6043861550252451,-0.17514375748762928,
at,0.6801232700803804,-0.4720823906428084,-0.24126163985215257,0.2638985768903089,0.0,-0.4743445382066181,-0.2091901745115841,0.6380471109746456,
pt,-0.6298247971397897,0.0,0.0,0.0,0.49335112571357903,-0.6598694627926394,0.4875128278927954,-0.031427941645663815,
rs,-0.695137652935289,-0.5700818296575946,-0.63275165341673,0.7444026260633256,-0.5209141019698367,0.5852579142326683,0.0,0.0,
tq,0.08670103771895989,-0.6877785185554744,0.0,-0.307100610594424,0.0,-0.057719640943204344,0.0,-0.13051284918612568,
tw,0.737677260244328,0.0,0.661287551060069,0.0,0.46223219973784185,0.0,-0.09698870623081766,0.47898709850015014,
1,0.0,0.0,0.0,0.0,0.0,0.0,0.0,0.0,
0,0.0,0.0,0.0,0.0,0.0,0.0,0.0,0.0,
