,ty,at,pt,rs,tq,tw,1,0,
ty,0.0,-0.685947452591671,0.6990049777030998,0.3558417405344617,-0.04280267184084735,-0.7073879443024658,0.6947509802081776,0.5952270826977696,
at,0.0011851726898891787,-0.6987805190178398,0.5555929720950253,0.24607248904726475,0.5977117302163133,0.5172954915628635,-0.600671412362995,0.2311567676384369,
pt,-0.7018324407184756,0.6995069632074706,0.7166404392054542,0.07827338680861926,0.05949385645437377,-0.6840289444925652,-0.3044393659363341,0.693739033761083,
rs,-0.6761992990562259,-0.321608219553971,-0.5987858731106875,0.6669364161476391,-0.6861786669825832,-0.6959670305257556,-0.7019306009111062,-0.6533254776596951,
tq,-0.5763847771989947,0.09909903820344261,0.7097435612072716,-0.0963333537019651,0.4437505414080695,0.5643080102568837,0.6622854242431113,-0.6296699932802664,
tw,-0.14267973930745362,0.04122605583243138,0.5877978201579903,-0.20550094360314738,0.554023606331127,0.0,-0.1367586767599867,0.0,
1,0.0,0.0,0.0,0.0,0.0,0.0,0.0,0.0,
0,0.0,0.0,0.0,0.0,0.0,0.0,0.0,0.0,
