,ty,at,pt,rs,tq,tw,1,0,
ty,0.0,-0.3473729479477077,0.0,0.0,-0.1088725135880175,0.0,0.0,0.3935569622876148,
at,0.0,0.0,0.6616012081366057,0.07449122764159533,0.5452441189534639,0.4225255237716394,0.44659859215308706,0.5487751184792775,
pt,0.506935952609812,-0.055394450993295,0.5323121986412745,0.5262613397874993,-0.4150797419681992,-0.11858762153051682,0.0912189132016593,0.0,
rs,0.42766493243083903,-0.27791966152228054,-0.5340019579996929,0.0,0.46076770924863214,-0.6561142555356846,0.0,0.0,
tq,-0.6632078305322548,0.0,0.0,0.2144466171141707,0.0,-0.4663704320992928,0.0,0.0,
tw,0.0,0.0,0.44999849754464344,-0.26407082280572947,-0.5129058642646377,0.0,0.0,-0.4085781025866408,
1,0.0,0.0,0.0,0.0,0.0,0.0,0.0,0.0,
0,0.0,0.0,0.0,0.0,0.0,0.0,0.0,0.0,
