,ty,at,pt,rs,tq,tw,1,0,
ty,0.5193584382258558,0.23354118584651204,-0.481237219592166,-0.648474902504584,-0.26030953730272544,0.45823733721595117,-0.6644449062338752,-0.4130058660456738,
at,0.24515212908323242,0.0,-0.5498311557705557,0.5949037212433681,0.6680113674886669,0.17711412108869676,0.5508995399317823,0.643398992678044,
pt,-0.1938625175173459,0.6431559803393091,0.0,-0.17913646691562418,-0.5990137898459363,-0.5405599048484226,0.7005469612849654,-0.32631463598886423,
rs,0.6211060354680622,-0.39519722191422035,-0.5538949437840761,-0.5420817384892992,-0.2566662642497206,-0.46921887426777265,-0.5939366138734451,0.6274125128493616,
tq,0.7015481339505596,0.22712030587142182,-0.6237037420755572,0.5721777326865483,0.48216106725946095,0.5090599959678249,-0.5615075353241009,-0.46193584368328117,
tw,0.5216639947530073,0.11111259832853,-0.154830771532348,-0.4091861090840324,0.6829534812738953,-0.4899433619577093,0.0,-0.5773688443685401,
1,0.0,0.0,0.0,0.0,0.0,0.0,0.0,0.0,
0,0.0,0.0,0.0,0.0,0.0,0.0,0.0,0.0,
