,ty,at,pt,rs,tq,tw,1,0,
ty,0.03577519307270311,0.5015119105023056,0.17175362098461353,0.5609864851687812,-0.25874009952984994,0.5246841763650324,0.4104015160968497,0.5609954754451234,
at,0.5681047387502648,0.4261783373486758,0.34303289338177184,0.6378093757175822,0.44528482104604156,0.6133245032083546,-0.6266393686287782,0.33231360384130243,
pt,0.30563063884284597,-0.5522428827730111,-0.1568374359357841,0.4883382192955036,0.15009213656240664,-0.3107732985861833,0.4083383850644306,-0.45741374647196936,
rs,-0.5152152650255387,-0.5066467722009959,0.40299473218410053,0.2923301304261365,-0.3343049524453959,-0.40042238501521366,-0.5511828979593849,-0.09949391878038802,
tq,-0.11302435553402974,-0.3000630188997867,0.6318890784278177,0.3801765326007344,0.5875389565367999,0.34753151711890884,-0.2581270738796313,-0.23192349684962113,
tw,0.30370841556859146,-0.5435465471193275,-0.2024197654679965,0.41329375376432226,0.4346106198656988,-0.4681020048221328,-0.3641342577491802,-0.36488085259278624,
1,0.0,0.0,0.0,0.0,0.0,0.0,0.0,0.0,
0,0.0,0.0,0.0,0.0,0.0,0.0,0.0,0.0,
