,ty,at,pt,rs,tq,tw,1,0,
ty,0.0,0.5944439803239338,0.6994624275449349,0.4888928481495965,0.45478853607078495,-0.7014105017963688,0.0,0.0,
at,0.0,-0.6943578474845528,0.7001551607432941,-0.3623403313984288,-0.4073982929616451,0.6596682282714388,-0.6952633716696508,0.5323125350137579,
pt,-0.6851945848466185,0.0,0.0,0.42387121368104513,0.3677626249493533,-0.6827871042584113,0.0,-0.24241099454724624,
rs,0.0,0.5511650798384193,-0.385813137301414,0.6962927064233077,-0.45795184590926735,-0.30359864436985884,0.0,0.6999584071383602,
tq,-0.6044119079028604,0.0,0.0,0.009383442373242158,0.0,0.5079098270472544,0.4793232113671807,-0.518222823941961,
tw,0.6990081903144557,0.0,-0.6967946130619169,-0.22500033357722324,0.6687070388050422,-0.37662181203805917,0.0,-0.6965534235909868,
1,0.0,0.0,0.0,0.0,0.0,0.0,0.0,0.0,
0,0.0,0.0,0.0,0.0,0.0,0.0,0.0,0.0,
