,ty,at,pt,rs,tq,tw,1,0,
ty,-0.6071059900116679,-0.6039900470697486,-0.6623530067146102,0.6542629012798828,0.10594176096451849,0.5440334106181778,-0.5850794898660764,-0.42505952344197034,
at,0.6681077973674274,0.0,0.5384169199185136,-0.6464884798323038,0.5823508785424572,-0.6598111763821615,0.18860701991960754,-0.42544466402296893,
pt,-0.6922694352616204,0.4624435014325459,0.0,0.6550755166430611,0.12312041204874355,0.6192837576732377,-0.539556186882512,-0.6832224275743363,
rs,-0.5281194042211124,-0.3116523871360971,-0.48972136733679245,0.6457189495501011,-0.6153863926895006,-0.6097067398880898,-0.6157262196816021,0.5480223374393726,
tq,-0.6254166511560008,-0.6314448433384227,-0.5032788063955782,0.06374131200131997,0.4131724586053286,0.6771222143529799,-0.4426050342959442,-0.480986778461799,
tw,-0.6409578191016329,-0.6371042368307643,0.6606167547966375,-0.4069060316753302,0.652707209815058,-0.633099875080942,0.0,0.010771525382488153,
1,0.0,0.0,0.0,0.0,0.0,0.0,0.0,0.0,
0,0.0,0.0,0.0,0.0,0.0,0.0,0.0,0.0,
