,ty,at,pt,rs,tq,tw,1,0,
ty,0.0,0.0,-0.6789469963281531,0.36161829454435973,0.0,-0.7374179885467108,0.0,0.0,
at,0.509569943716375,0.0,-0.20205214092763407,0.4115432247951262,0.4069221149264475,0.0,-0.6511137095935597,-0.7388479734172502,
pt,-0.5992499264323081,0.0,0.0,0.6186917870684667,0.0,-0.43019365652284497,-0.7396667666835788,0.6320891931163541,
rs,-0.7019616108444916,0.0,0.0,0.0,-0.513253637158456,-0.19300625603889485,-0.30223336280956403,-0.3066327247299995,
tq,0.5967746404460537,-0.7085027923980824,-0.7216889844886288,-0.45132708252073883,0.6476200183807784,-0.6089449616631017,0.0,0.0,
tw,-0.680433291103402,0.0,0.0,0.0,0.38252546108943075,0.0,0.39572376340149856,0.0,
1,0.0,0.0,0.0,0.0,0.0,0.0,0.0,0.0,
0,0.0,0.0,0.0,0.0,0.0,0.0,0.0,0.0,
