,ty,at,pt,rs,tq,tw,1,0,
ty,0.0,0.0,0.0,-0.5341483018088202,0.0,-0.39212670562137575,-0.4185697924542047,0.49209843735295017,
at,0.0,0.0,-0.37775664961586813,-0.47828968331601235,-0.39628664714712497,0.0,0.5275137571348383,0.0,
pt,0.0,0.0,0.0,0.0,0.0,0.004398690166545027,0.0,0.0,
rs,0.0,0.0,0.0,0.0,0.322294954663583,0.0,0.0,0.0,
tq,-0.45016613243882714,0.029690573462650114,0.0,0.0,0.0,0.0,0.0,0.0,
tw,0.0,-0.0989156362683228,-0.30041855989815996,0.0,-0.06651546684647727,0.0,-0.014460156074019194,-0.08966491352113323,
1,0.0,0.0,0.0,0.0,0.0,0.0,0.0,0.0,
0,0.0,0.0,0.0,0.0,0.0,0.0,0.0,0.0,
