,ty,at,pt,rs,tq,tw,1,0,
ty,0.0,0.0,0.0,-0.12126464719336982,-0.30354275467376235,-0.814829651054993,0.0,-0.12065257175566013,
at,-0.2911292981635234,0.0,0.0,-0.569494973491528,0.0,0.0,0.0,0.5596570210037843,
pt,0.8361987064991987,-0.013932391858088922,0.0,0.0,0.0,-0.9637544374799198,0.0,0.0,
rs,0.0,0.4519852340105106,0.5922803013522415,0.0,0.0,0.0,0.0,0.25528297394032196,
tq,-0.44786632760179357,-0.8403873567555773,0.0,-0.48028628154215425,0.0,0.1268215234347112,0.8538118473269742,0.0,
tw,0.0,0.09160110403910693,0.8020939416398296,-0.5476642440976978,0.0,0.0,0.6432807905214688,0.5421079675450222,
1,0.0,0.0,0.0,0.0,0.0,0.0,0.0,0.0,
0,0.0,0.0,0.0,0.0,0.0,0.0,0.0,0.0,
