,ty,at,pt,rs,tq,tw,1,0,
ty,-0.4940360142134155,-0.5923766947332816,-0.5001923246350288,-0.28366996738111544,-0.16758923948625348,-0.3610931262660959,-0.3506999990513135,-0.2948108034156228,
at,-0.21414676511619893,-0.5209955741663506,-0.5139438632840481,0.20014474776805868,0.6363280825704445,-0.6568593547099096,-0.5881814207413779,-0.11572926116286626,
pt,0.3654004552644926,-0.57304387786507,-0.5969247768174241,-0.5553052039481039,-0.2096625153237048,-0.5007903062426114,-0.5771951014347066,-0.5715071221199881,
rs,-0.5085705079748463,-0.5175295411839157,-0.5118898678998599,0.6345321879549347,-0.569373260337513,0.6069754608620773,-0.6681582134324807,0.5585986985763688,
tq,0.24364305787414725,-0.5112135573567299,-0.4420394582871495,-0.3266908137965169,0.557710503520765,-0.5445859185033153,-0.5691686040590181,-0.5955548316159864,
tw,0.21608623355810766,0.1324568596939802,0.4939560975073635,0.4272450012448255,0.5335087171237446,-0.3224218726018379,-0.6456070063224798,-0.14388767961397533,
1,0.0,0.0,0.0,0.0,0.0,0.0,0.0,0.0,
0,0.0,0.0,0.0,0.0,0.0,0.0,0.0,0.0,
