,ty,at,pt,rs,tq,tw,1,0,
ty,0.5341244333554637,-0.3461193607299211,-0.3449917637331135,-0.08052260638600123,-0.2541409641467802,0.05547248086641459,0.16228486784650564,0.5774620135272927,
at,-0.42082284481147936,-0.5578778481040039,-0.4700623127140143,0.6114418165686075,0.47416043552076315,-0.43439066702275214,-0.3781224769509971,0.21099316780215258,
pt,0.21880120127508187,-0.24995852452651254,0.2542349957531052,0.3073974874618482,-0.038569932538506616,0.269588263202577,0.5085056175004619,0.14877147915116262,
rs,0.3826949097055328,0.3610861299876548,-0.715493275839661,-0.22969175449977958,-0.3686365898244303,0.15433082932264428,0.009221256641077393,0.3725263716727255,
tq,-0.4106495585194252,-0.2718559085434305,-0.2484693569307656,-0.28489121798753825,0.5884707611559011,-0.6767101322398734,-0.07289318917319877,-0.09789652457070831,
tw,0.2408114069582463,-0.4939471329847048,0.08482663049562052,0.366211892260081,0.4077623657241849,0.40599577048413443,0.07482129421084388,0.07148570103056802,
1,0.0,0.0,0.0,0.0,0.0,0.0,0.0,0.0,
0,0.0,0.0,0.0,0.0,0.0,0.0,0.0,0.0,
