,ty,at,pt,rs,tq,tw,1,0,
ty,-0.3283368751661484,0.31302091170692414,0.2903512382312855,0.1473268619064825,-0.5194059200095995,-0.5403145355714167,0.29913381832700797,0.5282764390677662,
at,-0.513641200192371,0.3722879860524625,0.6164947331309982,-0.06757551286574935,0.46999276965415104,-0.4369736673961708,-0.48637690822075064,0.4777985127036564,
pt,-0.13835630819589784,-0.2644799245000866,0.40386349438653013,0.5710847304702151,0.1863246725805427,-0.47708024739701316,-0.05829809609120106,0.17451111474945702,
rs,-0.22526402499024895,-0.5958726127737554,0.017915489608070306,0.48553629540094895,-0.5674812590723817,-0.10435500243764376,-0.4481631779367087,-0.0022837133264882515,
tq,-0.25830070446694614,0.18930305205711045,-0.11905203777873564,-0.016672018688530237,0.5609300298239118,-0.0733067076951656,-0.41103905183469464,-0.44844968656112744,
tw,0.30817030282788554,-0.056446651523666624,0.43450966381250367,-0.4678395965622489,0.47787667340753476,-0.5200832564717512,-0.5877607925961464,-0.4867719371235968,
1,0.0,0.0,0.0,0.0,0.0,0.0,0.0,0.0,
0,0.0,0.0,0.0,0.0,0.0,0.0,0.0,0.0,
