,ty,at,pt,rs,tq,tw,1,0,
ty,0.35120264912674476,0.4773476294521785,-0.08404865852060897,-0.3446035404392362,-0.3198089889567332,-0.12024122577099064,-0.5677430659941617,0.013338335942472043,
at,0.21341888579102117,-0.6359523192084329,0.07796835614806684,0.2129931234945057,0.6490829246644375,0.5689380962866005,-0.534638357044039,-0.6023278140846247,
pt,-0.3402809796720485,-0.6808064963393154,0.0,-0.5719577568642452,0.1541284124273877,0.20998374566463454,0.062415109231926946,-0.5825317045739137,
rs,-0.2295026105290469,-0.5068384032712382,-0.14706986620854084,-0.5638451802613,-0.05658981746255839,-0.6243726061656072,-0.45296004256358846,0.707043177290036,
tq,0.5904096494373487,-0.14784486343377912,-0.560965317073414,0.0,0.4393108335862822,0.6579255309404339,0.3221225814387276,0.6587668408824383,
tw,-0.4480057965775129,-0.5533838390912218,0.0,0.10770240462005227,0.6898627056846205,-0.10475929110091023,0.6405957770586844,-0.5996465911550829,
1,0.0,0.0,0.0,0.0,0.0,0.0,0.0,0.0,
0,0.0,0.0,0.0,0.0,0.0,0.0,0.0,0.0,
