,ty,at,pt,rs,tq,tw,1,0,
ty,-0.3927897593068485,0.6476211533943127,0.42791948095223226,-0.6716916558091538,0.03637784548283206,-0.43309710360855136,-0.7024486805770136,0.7019864164888024,
at,-0.6296862444100297,-0.726126348788635,-0.23687579575116233,-0.7093550247802128,0.7190290247481953,0.5627151543862831,-0.6479859974253431,-0.676419500058905,
pt,-0.2615107293032326,-0.7158963577672879,0.5980398171637106,-0.7052600575498312,0.15601389545167502,-0.7279145713367684,-0.6591727970643497,0.7120650514888307,
rs,0.6505219881655316,0.5019456399410797,-0.579890451278424,-0.5413407109006468,-0.6917011463407725,-0.5959082582664837,0.21555244376254085,0.7278020936751955,
tq,-0.3621063717690848,0.5935968800339557,-0.5871297158452508,-0.6378314984329865,0.6200459375240628,0.6982375237082218,0.5916723297229763,0.7149205097685907,
tw,0.6912788995175976,-0.6502682869274249,0.23798826577021653,-0.6846121620445068,-0.7138255380125358,0.6523283550615304,-0.3963437161736447,-0.6671049575907723,
1,0.0,0.0,0.0,0.0,0.0,0.0,0.0,0.0,
0,0.0,0.0,0.0,0.0,0.0,0.0,0.0,0.0,
