,ty,at,pt,rs,tq,tw,1,0,
ty,0.0,0.6117861674164264,-0.5747638777792594,0.3459925100176924,0.0,0.0,0.08868264533641644,0.0,
at,0.7041243006701359,-0.5039106672382583,0.0,0.0,0.0,0.5363636646257524,0.0,-0.36595657557425115,
pt,-0.3376962541388618,0.10841575783236876,0.0,0.0,-0.23747230016808463,0.0,-0.6841577453531259,-0.5860567910391491,
rs,0.0,0.28926135009206955,0.0,0.529810349244799,0.0,-0.7063303245705154,-0.41489573213136716,0.3799042855646928,
tq,0.0,-0.601022935192811,-0.5121723742300867,0.08922702557396767,0.0,0.7102321996084371,-0.2897566995804511,-0.4836037567335064,
tw,0.0,-0.24347833817283276,0.0,0.0,0.6691051706597088,0.0,-0.19374086110223437,-0.43988054479979655,
1,0.0,0.0,0.0,0.0,0.0,0.0,0.0,0.0,
0,0.0,0.0,0.0,0.0,0.0,0.0,0.0,0.0,
