,ty,at,pt,rs,tq,tw,1,0,
ty,0.0,-0.7376651605053782,-0.6770777098671439,0.025191936466292395,-0.7619864925684621,0.7479376842400667,-0.6630120666114457,-0.7400140160236884,
at,0.0,0.0,-0.7261657879397263,-0.782035357372731,0.0,-0.7698051348182919,0.7486155753905946,-0.73300160150276,
pt,0.7523641246719933,0.0,0.0,0.7510431582558199,0.5080113043193099,-0.6401389263180447,-0.7259773603938637,0.0,
rs,0.7404184360651781,-0.510558107207998,0.0,0.7759214374406823,0.0,0.7381769061364551,0.7293715617387668,0.7400700223883496,
tq,-0.775763299445448,0.7478268448607337,-0.32061477837246694,0.6982880613682104,0.0,0.0,-0.758521630503281,-0.7370722296495946,
tw,-0.730692986612346,0.7649454786688898,-0.7275181497694508,0.0,-0.7218742639300038,0.0,0.0,0.7438774834180869,
1,0.0,0.0,0.0,0.0,0.0,0.0,0.0,0.0,
0,0.0,0.0,0.0,0.0,0.0,0.0,0.0,0.0,
