,ty,at,pt,rs,tq,tw,1,0,
ty,0.0,0.0,0.0,0.5572572478369306,0.0,0.32898570860830617,-0.7374048244576711,0.7326177878995382,
at,0.0,0.0,0.7419476919032212,0.286112873649744,0.6913084119312617,0.0,0.08910611458471747,0.0,
pt,0.0,0.0,0.0,0.0,0.0,-0.5735228389354821,0.0,0.0,
rs,0.0,0.0,0.0,0.0,-0.689589275927181,0.0,0.0,0.0,
tq,-0.3825421052837499,0.7534704304407892,0.0,0.0,0.0,0.0,0.0,0.0,
tw,0.0,0.7446714002030324,0.1892132751720432,0.0,0.5925587864361339,0.0,-0.1845782673946845,0.6398933205787237,
1,0.0,0.0,0.0,0.0,0.0,0.0,0.0,0.0,
0,0.0,0.0,0.0,0.0,0.0,0.0,0.0,0.0,
