,ty,at,pt,rs,tq,tw,1,0,
ty,0.0,0.43472255983021235,0.0,0.0,0.0,0.0,0.0,0.23153360395987843,
at,0.21292527578147188,-0.323526462656759,0.0,0.0,0.0,0.0,0.0,0.0,
pt,-0.5798408241655006,0.0,0.0,0.5130960301989328,0.0,0.051896477498822986,0.0,0.0,
rs,0.0,0.0,-0.012723829732863708,0.0,-0.6311269754296768,0.7132757370313435,0.0,-0.3613810365757519,
tq,0.0,-0.543959310705929,0.0,0.0,0.4829947831797477,0.31213847603645856,0.5620006947897349,0.0,
tw,0.0,0.0,0.0,0.0,0.5144301513600793,0.0,0.0,0.6990444064359627,
1,0.0,0.0,0.0,0.0,0.0,0.0,0.0,0.0,
0,0.0,0.0,0.0,0.0,0.0,0.0,0.0,0.0,
