,ty,at,pt,rs,tq,tw,1,0,
ty,-0.23907439544692535,0.6377230704437151,0.5679445518700923,0.6789030780812547,0.5988357465020467,0.6965193088517077,-0.6484223421144336,0.7153543888980937,
at,-0.4674100799385582,-0.6482555661822867,0.0,0.0,-0.11225631201557781,0.6871897237933248,0.7004979911138409,0.17222179730437917,
pt,0.4622128752875158,0.009535717574366602,-0.6637631781940753,0.0,-0.604652011543688,0.05682323511075598,-0.6563653467155046,-0.7012680424888916,
rs,0.6502565356439709,-0.5273815775792401,-0.48486237280230093,0.0,0.6751209498692733,-0.5947866453797307,-0.39920173505643475,0.5224185024769944,
tq,0.7147416048547105,0.6983601420280746,-0.6437156227146472,0.0,0.0,0.0,0.0,-0.42556447624202703,
tw,0.5828453522249277,0.6815420428256678,0.6839830112670643,-0.08000425807217376,-0.5112831183519213,-0.7087964512165489,0.6102286024046969,-0.6763365113767718,
1,0.0,0.0,0.0,0.0,0.0,0.0,0.0,0.0,
0,0.0,0.0,0.0,0.0,0.0,0.0,0.0,0.0,
