,ty,at,pt,rs,tq,tw,1,0,
ty,0.0,0.30294296118914243,0.06927507981623199,0.3069360853827891,-0.5761478728249408,0.0,0.0,0.17366989942128158,
at,-0.13338077743215865,0.0,0.6222691094022927,0.6692437980709353,0.0,-0.6189115719847467,-0.5132530137274371,-0.3017415292663014,
pt,0.0,-0.6633611677858566,0.0,0.0,0.0,-0.34613355834752674,0.5777654410147384,0.0,
rs,0.0,0.0,-0.6966489758609136,0.0,-0.695872533211605,-0.28948692510050245,-0.46741987974520105,0.4354464307071041,
tq,-0.6470227240747974,0.0,0.33766955220661726,0.0,0.0,0.0,0.3708345997284564,0.0,
tw,0.6026105971604687,0.0,0.04309763420051545,-0.39319483767841146,0.0,-0.3888214666727626,-0.18192722777449027,-0.5108014862376095,
1,0.0,0.0,0.0,0.0,0.0,0.0,0.0,0.0,
0,0.0,0.0,0.0,0.0,0.0,0.0,0.0,0.0,
