,ty,at,pt,rs,tq,tw,1,0,
ty,0.0,0.7075207959969579,-0.5627308321212001,0.0,0.16416745497672564,-0.5884636164549839,0.0,0.0,
at,0.30444234113843527,0.0,0.0,0.0,0.4576545666749084,-0.610203623443881,0.0,0.6985985408260649,
pt,0.5479618369344614,-0.6642760436490714,0.0,0.0,0.0,0.0,0.7003594997948106,0.0,
rs,0.7106196117428558,0.0,-0.6940293856674369,0.0,0.0,0.6202766984056103,0.0,0.0,
tq,0.0,0.0,0.7053935024207791,0.0,0.0,0.0,0.0,0.0,
tw,-0.7047557322487707,0.0,0.0,0.2598400724565308,0.0,0.0,0.0,0.0,
1,0.0,0.0,0.0,0.0,0.0,0.0,0.0,0.0,
0,0.0,0.0,0.0,0.0,0.0,0.0,0.0,0.0,
