,ty,at,pt,rs,tq,tw,1,0,
ty,0.0,0.0,-0.44173403288591745,0.0649376947825479,-0.10726960546899461,0.4674929013846378,0.0,0.5809545793542212,
at,0.12037136859968171,0.0,0.4368715789502783,0.4920613330131168,0.0,-0.5548506924309945,0.40819670090810733,0.0,
pt,0.6162275879200045,-0.44278810824295184,0.0,0.0,0.49140131723638336,0.0,0.25942480381438987,0.0,
rs,0.0,0.0,-0.5043257176810207,0.0,0.0,-0.4693519135093111,-0.3679795097985553,0.5545076362018508,
tq,-0.5663188020985245,-0.6222437658735012,0.0,0.0,0.0,0.0,0.4400865741128623,0.0,
tw,-0.39015144486129893,0.0,0.0,0.0,0.0,0.0,0.3889816227668116,0.0,
1,0.0,0.0,0.0,0.0,0.0,0.0,0.0,0.0,
0,0.0,0.0,0.0,0.0,0.0,0.0,0.0,0.0,
