,ty,at,pt,rs,tq,tw,1,0,
ty,0.0,0.0,0.0,0.0,0.0,0.0,-0.7830361618281892,0.0,
at,0.2819420536483666,0.0,-0.5916504593570785,0.0,0.0,0.8126608535717197,0.0,0.0,
pt,0.4919459782649084,0.0,0.0,0.0,0.0,-0.2739950127290183,0.0,-0.6414870765193604,
rs,-0.1140122771759578,0.4791536339574358,0.0,0.0,0.0,-0.8063646529464337,0.0,0.8103385143938341,
tq,0.0,0.7401172085884707,-0.7029477618731815,0.6918111430258898,0.0,0.8116254543419734,0.0,-0.6184466005004386,
tw,-0.5024965540986803,0.555994158681116,0.0,0.0,0.30939946035392535,0.0,0.0,0.0,
1,0.0,0.0,0.0,0.0,0.0,0.0,0.0,0.0,
0,0.0,0.0,0.0,0.0,0.0,0.0,0.0,0.0,
