,ty,at,pt,rs,tq,tw,1,0,
ty,0.0,-0.526955210598986,-0.6270778643976098,-0.6530491526414028,0.0,-0.1784730609121633,-0.5837072862645506,0.0,
at,0.0,0.0,0.07106318874778271,0.0,0.0,-0.34684458915030686,0.0,0.0,
pt,-0.01368450402367625,0.0,0.0,0.5557974677803913,0.0,-0.6145415631109781,0.6510365196423559,0.0,
rs,0.0,0.0,-0.6652533498922543,0.0,0.2196521637357028,0.0,0.0,0.0,
tq,-0.5935783240479156,-0.6418263187323537,0.10068541378406003,0.0,-0.16900969442309066,-0.5622458274074957,0.0,0.0,
tw,-0.5929228526196684,0.0,0.588605162697706,0.0,-0.5710287494573154,0.0,-0.6358734744612552,-0.5562429174021064,
1,0.0,0.0,0.0,0.0,0.0,0.0,0.0,0.0,
0,0.0,0.0,0.0,0.0,0.0,0.0,0.0,0.0,
