,ty,at,pt,rs,tq,tw,1,0,
ty,0.7031714496874161,0.6405767132320683,-0.6609706875787014,-0.6413873745084754,-0.1496343527497163,-0.6628325789160113,-0.35769394950510264,0.7037387581754114,
at,0.6668494115213435,-0.7046162671059233,0.31527502698858856,-0.26288872217019166,0.534057282095704,0.44947945546923673,-0.649665991509755,-0.3791644074746197,
pt,-0.658494399559533,0.213372527407217,-0.6186244622097631,0.14321229538249147,-0.16434116939801655,-0.4732423996033606,-0.6571846951531402,-0.5476167976689956,
rs,0.378502465535544,-0.42615253926633917,-0.6856535254836601,0.6439635028372421,-0.677668282643343,0.5143196724705748,0.363866370839483,0.612695900912016,
tq,-0.6133221206024377,-0.07738137967659821,-0.13352528734248204,0.619900168090835,0.6439414926231934,-0.21881852009674532,0.6859493287282541,-0.6320895592418919,
tw,0.3999362027346828,0.08082697892128651,-0.7080056499258531,0.6577339689116275,0.5841695960219524,0.6836064390816607,0.1767801886602564,0.5809666143768226,
1,0.0,0.0,0.0,0.0,0.0,0.0,0.0,0.0,
0,0.0,0.0,0.0,0.0,0.0,0.0,0.0,0.0,
