,ty,at,pt,rs,tq,tw,1,0,
ty,-0.41919780575193805,-0.6486880970516524,0.5640213608429707,0.1550042410525645,-0.2933886607454156,0.6628754453720044,0.62755128849444,-0.4995113465123206,
at,-0.5464641253785333,0.0,-0.5422398814345442,0.6676129310850877,0.19873506756263273,-0.6544587791232519,-0.63260817402293,0.550580306059399,
pt,0.0,0.5092346903788556,-0.5859146172613842,-0.6005636445681176,0.5940927880056593,-0.6018495890509898,-0.6094159840068343,-0.48486730926591587,
rs,-0.48902882022125127,0.6066778123104646,-0.6109237757569423,0.675532549079491,-0.5341135878188271,0.6618029674059832,-0.6245832932373838,0.2761358098580204,
tq,0.0,-0.6194041698413094,-0.6032581291760651,0.26449069243938383,0.6638147720444952,-0.6478684456242251,-0.6162179221802494,-0.6531131202601224,
tw,-0.5554519818997838,0.685814847520672,0.2254920846386374,-0.5364328374348518,0.31893930087856054,0.6066334564708716,-0.6288607880396238,0.5795734130241005,
1,0.0,0.0,0.0,0.0,0.0,0.0,0.0,0.0,
0,0.0,0.0,0.0,0.0,0.0,0.0,0.0,0.0,
