,ty,at,pt,rs,tq,tw,1,0,
ty,0.0,-0.3877488014408118,0.08026942289514846,0.0,-0.648442638782758,0.38898035268099973,0.0,0.0,
at,-0.44168002483724605,0.0,0.0,0.0,0.6105478865648541,-0.12624972846933896,0.0,0.45876919354216555,
pt,-0.28811785380020716,0.35716692567196584,0.0,0.0,0.0,0.0,0.45880154773147747,0.0,
rs,-0.2642607832886643,0.0,-0.5793345851717868,0.0,0.0,0.7483124113496563,0.0,0.0,
tq,0.0,0.0,0.3608238214605792,0.0,0.0,0.0,0.0,0.0,
tw,-0.14904699496972132,0.0,0.0,0.004054511679133944,0.0,0.0,0.0,0.0,
1,0.0,0.0,0.0,0.0,0.0,0.0,0.0,0.0,
0,0.0,0.0,0.0,0.0,0.0,0.0,0.0,0.0,
