,ty,at,pt,rs,tq,tw,1,0,
ty,0.0,0.0,0.49740482706247874,-0.7367586250449241,0.18064521037836964,-0.32646470110955583,0.0,0.100532367758047,
at,-0.5814905744139028,0.0,-0.6531938646523461,0.28882234013872415,0.0,0.4733651557561346,0.5255119524048598,0.0,
pt,-0.5818174792880766,-0.6852976448597752,0.0,0.0,0.25067278493505685,0.0,-0.7146326068850034,0.0,
rs,0.0,0.0,0.433908334728138,0.0,0.0,-0.6731430132983506,-0.4092979578033553,0.31309289205105245,
tq,0.2907135607082231,-0.3359453415084762,0.0,0.0,0.0,0.0,0.6100345448492339,0.0,
tw,-0.49268036654497976,0.0,0.0,0.0,0.0,0.0,0.3987689148277818,0.0,
1,0.0,0.0,0.0,0.0,0.0,0.0,0.0,0.0,
0,0.0,0.0,0.0,0.0,0.0,0.0,0.0,0.0,
