,ty,at,pt,rs,tq,tw,1,0,
ty,0.6133727584714218,0.706554750396918,-0.4533484016129728,-0.7030961730528222,-0.649078952254679,-0.6191124680655943,-0.5987438911504301,0.6949463285121289,
at,-0.6950379319187452,0.24584706497156525,0.22712267528661015,0.3923848503725786,0.6986696941406831,0.6842834453187808,-0.6478289598416376,0.6835236650556503,
pt,0.4355040049631965,-0.6559142127115172,-0.5474711668241168,0.5558248240429686,-0.6524861053821519,0.6089563628205119,0.6886231192531783,0.5876036917023791,
rs,0.46609074342576823,-0.7052138272887786,0.7024340013047794,-0.6864595579682118,-0.6205530596795045,0.6196099912363245,-0.6577975081584757,0.704062171945589,
tq,-0.6520514411161199,0.6698102286986902,-0.7025585792880941,-0.4295245924027464,0.6885729151596751,0.6708917096106211,0.6899646137114999,-0.6949913579032218,
tw,0.3930923171117324,0.6948637665794599,-0.44805189645545007,0.7089367863779654,0.6022902990808121,-0.7096286069020321,-0.5929857691007563,-0.7079680046693475,
1,0.0,0.0,0.0,0.0,0.0,0.0,0.0,0.0,
0,0.0,0.0,0.0,0.0,0.0,0.0,0.0,0.0,
