,ty,at,pt,rs,tq,tw,1,0,
ty,0.7373003072427843,0.7289833585585849,0.012781657884499083,0.5639329495700431,-0.2626291603779446,0.0,-0.4248095121672975,0.05184923413642379,
at,0.13818166716807337,0.0,0.45337861501492066,0.06327270894191028,0.75436357624407,-0.4659190217238726,-0.7706730863358313,0.0,
pt,-0.7672137833525893,0.7551386037687658,-0.500076727382447,0.7422841426132812,-0.7538781367957678,0.7533588232475429,-0.7626990649260599,0.5945764068182253,
rs,0.012843845735862398,0.7481643989314425,0.7267954150196321,-0.6716683046908526,-0.7520150648628043,-0.7375475968542379,0.7234909847224087,0.7618229109886085,
tq,-0.6461829466661989,-0.7512997899740413,-0.6826849386856895,-0.7416036825564352,0.7611413477297614,-0.759887524214353,0.7231987534796741,0.5540910364272764,
tw,-0.7460196321409769,-0.7657219286786247,0.22490752168507286,-0.4220976123394255,0.7372632223419545,0.7558983017201787,-0.7374923789160821,0.6299896526022368,
1,0.0,0.0,0.0,0.0,0.0,0.0,0.0,0.0,
0,0.0,0.0,0.0,0.0,0.0,0.0,0.0,0.0,
