,ty,at,pt,rs,tq,tw,1,0,
ty,0.0,-0.6741143744859204,0.0,0.0,0.6411546306095034,0.0,0.0,0.7122224133576361,
at,0.0,0.0,-0.6768398293877463,0.4805087037025066,0.6556740235158102,0.6765400182671083,0.7013437628883884,0.7101943862813729,
pt,0.7289188573060847,-0.7198310626368253,0.6305388517550051,-0.3375913432493678,0.5999510836705959,-0.18574496241606137,-0.6727358115314882,0.0,
rs,-0.7268956020155587,0.6850868184032479,0.5102271063448203,0.0,0.5361636605711037,-0.6359289226121596,0.0,0.0,
tq,-0.7053351198006934,0.0,0.0,-0.6020294692754896,0.0,0.7385442071784775,0.0,0.0,
tw,0.0,0.0,-0.6941625608005233,-0.6474784814202609,0.7150106536541638,0.0,0.0,-0.012510376938256768,
1,0.0,0.0,0.0,0.0,0.0,0.0,0.0,0.0,
0,0.0,0.0,0.0,0.0,0.0,0.0,0.0,0.0,
