,ty,at,pt,rs,tq,tw,1,0,
ty,0.0,0.0,-0.11854206323636284,0.24554856309696174,0.0,0.04052774691291907,0.0,0.0,
at,-0.3589365097011356,0.0,-0.35683052313161123,0.09339239556743653,0.5971132750829458,0.0,-0.3934253125217439,0.007118467421859072,
pt,0.4847951562557542,0.0,0.0,0.45375108501804756,0.0,-0.5192932857698307,0.5403246959590172,0.4396667477577695,
rs,0.028126455851533665,0.0,0.0,0.0,-0.5037256691124347,0.6424626209415922,0.007788545784190083,0.48049266840341753,
tq,-0.5144521624049752,0.18685784193583094,-0.5103081169076564,0.2407910520386488,0.38909245103601614,0.6893695802455928,0.0,0.0,
tw,0.5845590553447038,0.0,0.0,0.0,0.3523095148396716,0.0,0.017299845858064603,0.0,
1,0.0,0.0,0.0,0.0,0.0,0.0,0.0,0.0,
0,0.0,0.0,0.0,0.0,0.0,0.0,0.0,0.0,
