,ty,at,pt,rs,tq,tw,1,0,
ty,0.0,-0.6420835565442545,0.6549788357506617,0.0,0.5770834096714235,0.2869693181976771,0.0,0.0,
at,-0.6620713004175907,0.0,0.0,0.0,0.6602192292571356,0.5869874799169718,0.0,-0.5258628796424878,
pt,0.6800036741740036,-0.2845746335205158,0.0,0.0,0.0,0.0,-0.5237410568168142,0.0,
rs,-0.09254956421850206,0.0,0.6435527445844126,0.0,0.0,-0.009181375426858717,0.0,0.0,
tq,0.0,0.0,-0.1029496534652476,0.0,0.0,0.0,0.0,0.0,
tw,-0.4483900884463045,0.0,0.0,0.1126677951147887,0.0,0.0,0.0,0.0,
1,0.0,0.0,0.0,0.0,0.0,0.0,0.0,0.0,
0,0.0,0.0,0.0,0.0,0.0,0.0,0.0,0.0,
