,ty,at,pt,rs,tq,tw,1,0,
ty,0.18310806065084367,-0.5877598470923886,0.18215382132567434,0.3782476089002616,-0.752872642301854,0.0,0.6187356017504756,-0.31557941243766524,
at,0.39043968066891543,0.0,0.653663812820675,-0.5842787054259592,0.7780050424269237,-0.7404899977553657,0.447829393132925,0.0,
pt,0.7998321231826817,-0.7040132510942031,-0.7556689852142553,0.3815770083369583,-0.43039786322287615,0.6892562389962752,-0.6387202451387215,0.4467639942099707,
rs,-0.525430870495199,-0.3458827251269022,0.7626041764363876,0.7104342273213161,-0.7385954634345685,-0.5425880608034878,-0.3123354913678658,0.6900495502245015,
tq,-0.3205084000411481,0.7704753755641568,0.7181986247750989,0.5483613871426457,-0.756308581044246,-0.6826974929584246,0.45144640391383384,-0.05728318635976186,
tw,0.7352682165922294,0.7407591879760477,-0.5593358351853678,-0.6776298399534137,0.7769972429771907,-0.6477543796086362,0.7789239886144396,0.5439968084266746,
1,0.0,0.0,0.0,0.0,0.0,0.0,0.0,0.0,
0,0.0,0.0,0.0,0.0,0.0,0.0,0.0,0.0,
