,ty,at,pt,rs,tq,tw,1,0,
ty,0.66777984142161,0.0,-0.5757934689844061,-0.6100226927148142,0.0,-0.7046897935230929,-0.5537875843997578,0.7077347637661924,
at,0.6168608026762608,-0.6552291034662323,0.6612644782221004,-0.5803433781804593,0.6132318735233192,0.6998994871817936,-0.09554455964931843,0.0,
pt,-0.7163607710572398,0.7047329767248512,0.0,0.6057283006189672,0.022845329522992022,-0.3786012013942143,-0.6943809972262902,0.44524747346214794,
rs,0.0,-0.5917862187696498,0.6028009547688763,0.0,-0.6808347692723917,-0.23921149814053047,-0.7044572142829713,0.0,
tq,-0.532343855376753,0.6832585905192722,0.6586111243701378,0.6774726057635834,0.714340396894797,0.7183626842787517,0.7109948623757788,-0.6804113843386218,
tw,0.0,0.7139214758390351,0.5405360089412681,-0.5263325594603975,-0.7058384948950327,0.26886075741279514,0.7180724937867814,-0.7021451918508173,
1,0.0,0.0,0.0,0.0,0.0,0.0,0.0,0.0,
0,0.0,0.0,0.0,0.0,0.0,0.0,0.0,0.0,
