,ty,at,pt,rs,tq,tw,1,0,
ty,0.0,0.35791361532709176,0.30227619980031817,0.5716211376367033,0.0,-0.24290682142028444,0.06976811059210904,0.0,
at,0.0,0.0,0.6638786651409199,0.0,0.0,-0.262434376387232,0.0,0.0,
pt,-0.458934753721683,0.0,0.0,0.02162496672453203,0.0,-0.7084534875313867,-0.6723125952940153,0.0,
rs,0.0,0.0,0.5853141311559514,0.0,-0.7230166990598031,0.0,0.0,0.0,
tq,0.731002666612739,-0.3407166881098371,-0.06423162297582143,0.0,0.7312629782912635,-0.6058935949391971,0.0,0.0,
tw,0.7375647770272229,0.0,-0.5085717977675862,0.0,0.722870375970348,0.0,-0.6788844925712334,0.6440718309668004,
1,0.0,0.0,0.0,0.0,0.0,0.0,0.0,0.0,
0,0.0,0.0,0.0,0.0,0.0,0.0,0.0,0.0,
