,ty,at,pt,rs,tq,tw,1,0,
ty,0.0,0.0,0.0,0.049556298089849106,0.046673780224672626,-0.015923915192665932,0.0,-0.6100200735890315,
at,0.1179710807682658,0.0,0.31153921604093077,0.0,0.5812379004025385,-0.08698083254844584,0.14642954560988022,-0.5220856751753988,
pt,0.5109401910147682,-0.05963036215524749,0.0,0.0,0.0760951752745602,0.2554543782299192,0.0,0.0,
rs,0.27600004636876063,0.5063006212036102,-0.3259401035295068,0.0,0.0,0.0,0.2389611409365826,0.0,
tq,-0.3101699927387919,0.6577313952150019,0.6148276027228168,0.6366919450115828,0.0,-0.18717959834653078,0.015741336811066754,0.016389635078269543,
tw,-0.515857570671174,0.3924233592167115,-0.0780025738060034,-0.21772302819083098,0.0,0.0,0.0,0.0,
1,0.0,0.0,0.0,0.0,0.0,0.0,0.0,0.0,
0,0.0,0.0,0.0,0.0,0.0,0.0,0.0,0.0,
