,ty,at,pt,rs,tq,tw,1,0,
ty,0.0,0.0,0.0,-0.7101194073303323,0.0,-0.7333728165109066,-0.7182969066742979,0.0,
at,0.0,0.0,0.0,-0.6216491323882983,0.7302481882148915,0.0,0.0,0.0,
pt,0.0,0.0,0.0,0.0,-0.7442638610587522,-0.6133768547504588,0.0,-0.0034761742712689403,
rs,0.0,0.0,0.0,0.7199436621314271,-0.6969853684552743,0.0,0.0,0.0,
tq,0.0,-0.5079986737120012,-0.3714453980645952,0.5791037656172507,0.0,-0.4711765400015294,0.0,-0.7165053349812873,
tw,0.0,0.0,0.0,-0.25175035639982096,0.7450255534541688,0.0,0.0,0.0,
1,0.0,0.0,0.0,0.0,0.0,0.0,0.0,0.0,
0,0.0,0.0,0.0,0.0,0.0,0.0,0.0,0.0,
