,ty,at,pt,rs,tq,tw,1,0,
ty,-0.18547941201309853,0.05352349648003134,-0.5739470812084123,0.5508372799399285,-0.12058760171914609,-0.6495032231277302,0.2858961571307843,0.48271078479902385,
at,-0.4513548217043476,-0.5093957130291235,0.29459331068754196,-0.572123942757207,0.5419511393787825,-0.1923531316610987,-0.3717970624180738,-0.5402698555212225,
pt,0.5753701133883705,0.44439693851568307,-0.4506107928963182,0.6111265319852001,-0.49650473416366797,0.5377709848994071,-0.27537580277159124,0.16051281965186334,
rs,0.5284035776754469,-0.5484989519291591,-0.4857230203333021,0.6979197950546179,-0.11303321937030839,-0.5116566117091079,-0.02528598103106541,0.5136925491797947,
tq,-0.5717818438257216,0.6815209315224289,0.5921768000547746,0.5679182503708167,0.48767152396998614,-0.12720269085285044,0.5173909285980225,-0.49776780220475053,
tw,-0.7085821793424488,0.5461221673589354,-0.6050440411127173,0.43364804811590474,0.5022730083424409,-0.5317039548926471,0.0365058556016156,0.0470620885557701,
1,0.0,0.0,0.0,0.0,0.0,0.0,0.0,0.0,
0,0.0,0.0,0.0,0.0,0.0,0.0,0.0,0.0,
