,ty,at,pt,rs,tq,tw,1,0,
ty,0.0,-0.5139373901673865,-0.011745991976035378,-0.5425005996095295,-0.08879288513297426,0.0,-0.537015435243975,0.6323230877897662,
at,-0.45625914877127116,0.30887377368618446,0.0,0.4603316414690998,0.49957088759702145,0.0782104172891428,-0.3357682090389769,0.0,
pt,0.016878300890654768,0.530916910860216,0.0,-0.06811873101158077,-0.2764523210843077,0.0,0.4620137798813913,-0.37707978555635835,
rs,0.1552876385849021,-0.3230243894395712,-0.3434629145188013,-0.5625135066272734,-0.552760359814639,0.39665451000812746,-0.6315400661511658,0.5699536925421043,
tq,0.362380412602711,-0.2832269302912333,-0.6563854561646904,-0.2609991978568913,0.5675461172221535,-0.11072439476810732,0.302516954532567,0.2809252799045763,
tw,-0.5159036462577461,0.6152830126743933,0.0,0.2810289428641497,0.48913153110769253,0.0,-0.46238558032910815,-0.046330423601772204,
1,0.0,0.0,0.0,0.0,0.0,0.0,0.0,0.0,
0,0.0,0.0,0.0,0.0,0.0,0.0,0.0,0.0,
