,ty,at,pt,rs,tq,tw,1,0,
ty,0.0,0.3291049246322188,-0.5976394090934092,0.2981771407057588,0.0,-0.43491230841671646,-0.65969055463303,0.0,
at,0.0,0.0,0.6353319268921302,0.0,0.0,-0.5732845825090498,0.0,0.0,
pt,-0.6828277456754631,0.0,0.0,0.6470279884367724,0.0,0.4766819846147156,0.5833559492578474,0.0,
rs,0.0,0.0,-0.5046988346579079,0.0,-0.3576343387546971,0.0,0.0,0.0,
tq,0.4065729880954031,-0.005505156780079289,0.4849752752415574,0.0,0.7006528311948393,-0.39614038245955585,0.0,0.0,
tw,0.08671941905296594,0.0,-0.0089498035786518,0.0,0.4903083976163595,0.0,0.314874437886708,0.33986102705471105,
1,0.0,0.0,0.0,0.0,0.0,0.0,0.0,0.0,
0,0.0,0.0,0.0,0.0,0.0,0.0,0.0,0.0,
