,ty,at,pt,rs,tq,tw,1,0,
ty,0.0,0.0,0.1816068408901562,0.0,-0.39190953650862764,0.7277870869384123,0.0,0.6916456072514845,
at,-0.2967704237600976,0.0,0.0,0.0,0.0,0.0,0.0,0.0,
pt,-0.5495410375013309,0.4249597627775607,0.0,0.4029276608594284,0.0,0.0,0.5916764347933093,0.0,
rs,0.331026726072744,0.0,0.0,0.704844829189155,0.0,-0.722588871955115,0.0,0.7216464822531994,
tq,0.2776597721943124,-0.7036998283072283,0.7262083333405093,0.0,0.4416747968254687,0.5027396993412986,-0.42641323418213406,-0.586175071432563,
tw,0.25543134885895397,0.0,0.0,0.0,0.0,-0.49798596383178567,0.6647102096377691,0.0,
1,0.0,0.0,0.0,0.0,0.0,0.0,0.0,0.0,
0,0.0,0.0,0.0,0.0,0.0,0.0,0.0,0.0,
