,ty,at,pt,rs,tq,tw,1,0,
ty,0.0,0.38940454595826596,0.4804910567697689,0.0,0.6459787785588877,-0.6858255811590931,-0.6675564965999531,-0.6297347961425944,
at,-0.42622977872877477,0.0,-0.10711329276375664,0.1007917828197355,0.580149420309488,0.7047711259699142,-0.6079321805203743,0.4196958068585652,
pt,0.611297683676329,0.5599526318063907,0.430976479766043,0.6620793453691812,-0.4856733744251411,0.0,-0.6501251738999637,-0.6343097123368703,
rs,-0.6955839040354622,-0.43135657433769126,0.6389813443328259,0.0,-0.25605384652911173,-0.641367069012086,-0.6555390065088536,0.24275885788475757,
tq,0.30892116956640825,0.580192502996591,0.6913194250118871,-0.0633750351384173,0.0,0.6875649284793304,0.10274639993649949,0.1583010225681957,
tw,-0.6751330497938225,-0.11645317554747701,0.0,-0.2025339058801044,-0.7033225531542339,0.3686929638339698,0.0,-0.7076973586817333,
1,0.0,0.0,0.0,0.0,0.0,0.0,0.0,0.0,
0,0.0,0.0,0.0,0.0,0.0,0.0,0.0,0.0,
