,ty,at,pt,rs,tq,tw,1,0,
ty,-0.677645802249589,0.01970600698491985,0.7626362758675818,-0.10873296036104921,-0.6715577295401766,0.14265789201369491,-0.7641854640657202,-0.6624539130149543,
at,0.7668728326618214,0.7005604575132693,0.5151556600681002,-0.7326967826984775,-0.7604776759492666,0.364550367429063,0.745113722301103,-0.43800796189264324,
pt,-0.7460411521259603,-0.759167254035022,-0.7619058314497684,-0.6939155869927426,-0.44934079381734326,0.2036086363234998,-0.6439752791664586,0.7528502052684004,
rs,-0.7563411139993235,-0.640486163135873,0.45449651010920367,0.6942407663842943,0.5832658081423817,0.13760757327154696,-0.6925583231639043,0.6126014166528667,
tq,-0.5264129005717345,0.7634881403228672,-0.6075890181464203,0.3435007822890734,0.5511569595087192,-0.540550315301214,-0.5932830340438182,0.6958228188902099,
tw,0.7713423662476665,0.7491065697305447,0.14007594731531212,0.5532231209241225,0.5362953244500367,-0.7743149670952336,-0.6255231204262962,0.6836294897440243,
1,0.0,0.0,0.0,0.0,0.0,0.0,0.0,0.0,
0,0.0,0.0,0.0,0.0,0.0,0.0,0.0,0.0,
