,ty,at,pt,rs,tq,tw,1,0,
ty,0.5334970733609337,0.28547101399772706,0.3441945733311306,0.3373608434785411,0.4303360379679752,-0.11790225346159423,0.10696537455990095,0.6337507933158025,
at,-0.4829743546123076,-0.40078816896599273,-0.3996673283535389,0.09688048954799802,-0.03539949693485431,-0.7012980523089206,0.6014181895265376,-0.18675928202462008,
pt,0.2898425552534344,0.1724200151525917,0.5666274384173184,0.22449634431177368,-0.23257067720188057,-0.20629158167532624,0.18724291261981088,0.4729487878754818,
rs,-0.5752506351114978,-0.18026630671583435,0.6338254668174277,0.5683716472264435,-0.49557451661880747,-0.5084393437463806,-0.11207559577439487,0.49515140987135536,
tq,-0.5527160907767416,0.4166753488146736,-0.5253767213357124,-0.1385751326913517,-0.5656983287734408,0.37429699321809196,-0.4272805590528843,-0.6883499323924464,
tw,-0.28327009630735994,0.09702678614371783,-0.5010962378564264,-0.44619696219519694,-0.5201809845602201,-0.32825656568167316,-0.3318270627889966,-0.6798627481810099,
1,0.0,0.0,0.0,0.0,0.0,0.0,0.0,0.0,
0,0.0,0.0,0.0,0.0,0.0,0.0,0.0,0.0,
