,ty,at,pt,rs,tq,tw,1,0,
ty,0.0,0.24712391550325988,0.6442420039800733,0.5622802815230656,-0.5300080948933295,0.0035405049277358134,0.29684342538358877,-0.478566513475488,
at,-0.4628040328904424,0.0,0.3280540570745305,0.580240420272797,0.3566830105949061,0.09189830752246123,0.0,0.0,
pt,-0.43225135995611996,-0.3457705902326001,0.0,0.5728473854183403,0.2798045399893106,-0.03443597477987944,-0.7171823564479871,-0.645494566533658,
rs,0.0,-0.5038084127213078,0.4032326248313083,0.5519519330613957,-0.3836388287783599,0.32902112868312205,0.10987962300108245,0.5769814002048601,
tq,-0.34062708579817796,-0.5293183771668332,0.5196512695717914,0.610701733018793,0.688045986447279,0.3436933464233667,0.5468074688084937,-0.683791741798231,
tw,-0.03250480916922021,0.3687863461468704,-0.4475445322454365,0.33085878365894805,0.0,0.0,0.6584394317136981,-0.2001964612646306,
1,0.0,0.0,0.0,0.0,0.0,0.0,0.0,0.0,
0,0.0,0.0,0.0,0.0,0.0,0.0,0.0,0.0,
