,ty,at,pt,rs,tq,tw,1,0,
ty,0.0,0.6531932491018625,0.7393722310825467,0.6961628722044597,-0.2882041471989805,0.3933589868698033,-0.6307894565679577,-0.1467126030223531,
at,0.7274334216694693,-0.7523716614824261,-0.5031789630537018,-0.5705366014142508,0.7016293875338019,-0.23468163397680078,-0.7162818888911419,0.6857026139231133,
pt,-0.7320099909856633,-0.10456297751842833,0.6467976514021363,0.7188742409818422,0.04199653751752664,0.39555864261992607,-0.6067755553127567,0.04271174743094597,
rs,0.6412245360348349,-0.45653949072707123,0.5001305449113084,0.0,-0.7374534310702061,-0.2008116300220822,0.6845652384350892,0.22708647949029062,
tq,0.23353643338199537,0.7397615001904643,0.47677252163063905,-0.7087444130991954,0.3384225215874183,-0.7476054726669935,0.6452292509593097,-0.5773529951890893,
tw,0.6122023562499952,0.4118339673083686,-0.5692404768335821,-0.726946728176021,0.7313115775437081,0.0,-0.37253167398037357,-0.7051693636796856,
1,0.0,0.0,0.0,0.0,0.0,0.0,0.0,0.0,
0,0.0,0.0,0.0,0.0,0.0,0.0,0.0,0.0,
