,ty,at,pt,rs,tq,tw,1,0,
ty,-0.6474778660239773,0.0,-0.609948740105598,0.4156417274550061,0.04541770815263941,-0.4484647737652148,-0.7325359265195703,0.0,
at,-0.6973890517705337,0.0,-0.4947871255941517,0.3801481621870536,0.6931211735665538,0.5182268319545437,0.6680665624728828,0.5602754286368428,
pt,0.0,0.0,-0.575607306507518,0.0,0.705866929380714,0.7076285554684798,-0.7072599521116881,-0.7049223718652666,
rs,0.636774238925186,-0.5625751147931121,0.1346996069521935,0.7084413545098213,-0.584340070634303,-0.5069326107076716,-0.5828051062709003,0.4703306928996918,
tq,-0.2562124127922755,0.0,-0.7058089574602142,-0.03724215773295432,-0.7128066281196228,0.4939920997861115,0.0,-0.6846979675664204,
tw,0.70790201590064,-0.21962420095972365,0.6891286209985652,-0.5828747751634618,0.5621671176043737,-0.4597753741879369,0.6314130390132364,-0.3342803457070767,
1,0.0,0.0,0.0,0.0,0.0,0.0,0.0,0.0,
0,0.0,0.0,0.0,0.0,0.0,0.0,0.0,0.0,
