,ty,at,pt,rs,tq,tw,1,0,
ty,0.0,-0.39388771824804353,0.0,0.022392613001933247,0.0,0.0,-0.5336027429536746,-0.4161134994293691,
at,0.0,0.0,0.0,-0.14814923648933265,0.0,0.4693160340494967,0.0,0.0,
pt,0.0,0.0,0.0,0.0,0.0,-0.6555665352389376,0.5322601533093343,0.0,
rs,0.0,0.0,0.0,0.0,0.0,0.0,0.012941993541247478,0.0,
tq,0.3198786604461832,-0.28968467352285415,0.5724281581868734,0.0,0.0,0.82431034775503,0.0,0.13952853065199983,
tw,-0.029410083592272335,0.0,0.5147649634604027,0.0,0.0,0.0,0.04286563349416592,0.0,
1,0.0,0.0,0.0,0.0,0.0,0.0,0.0,0.0,
0,0.0,0.0,0.0,0.0,0.0,0.0,0.0,0.0,
