,ty,at,pt,rs,tq,tw,1,0,
ty,-0.6843969186620138,0.0,0.6540527905449377,0.09050192020504658,0.0,0.6878937468273641,0.5102794101054999,0.31306084240611604,
at,0.5694262470302373,0.6545991515539961,0.5581403114430437,0.6970584417599449,0.6306701909533988,0.5777268136035881,0.49605688347693383,0.0,
pt,-0.5502283080424938,-0.706789545579881,0.0,0.07838252825634982,-0.2531037766435307,-0.7039280834106448,-0.689712080582731,0.42445778132211887,
rs,0.0,0.5296297458762705,0.6896070590826934,0.0,-0.7011897392446115,0.529137239350901,-0.5969965299503949,0.0,
tq,0.705657159315704,0.37441996960727925,-0.6800746022266797,-0.3580042377363431,0.6893844267913272,0.6586198898765664,0.7020061984023996,-0.6658248375401389,
tw,0.0,-0.3117238153026722,0.47380477226844653,0.30654557809275595,0.36045731194958924,0.6844313358181375,-0.6749737585075098,0.6741069542669138,
1,0.0,0.0,0.0,0.0,0.0,0.0,0.0,0.0,
0,0.0,0.0,0.0,0.0,0.0,0.0,0.0,0.0,
