,ty,at,pt,rs,tq,tw,1,0,
ty,0.0,0.0,0.0,0.426625368911741,0.0,0.3348513153448135,-0.6757362980317685,-0.6038249601606783,
at,0.0,0.0,0.29920545653235914,-0.7962173547300169,0.1233160517576514,0.0,0.6051299372618271,0.0,
pt,0.0,0.0,0.0,0.0,0.0,0.6643353063356199,0.0,0.0,
rs,0.0,0.0,0.0,0.0,-0.22972923903476825,0.0,0.0,0.0,
tq,-0.417520904179203,0.26012459277516936,0.0,0.0,0.0,0.0,0.0,0.0,
tw,0.0,-0.5598616318272338,-0.14245316166175542,0.0,0.7630670211225232,0.0,-0.6157750852265123,-0.08039509032717096,
1,0.0,0.0,0.0,0.0,0.0,0.0,0.0,0.0,
0,0.0,0.0,0.0,0.0,0.0,0.0,0.0,0.0,
