,ty,at,pt,rs,tq,tw,1,0,
ty,0.0,-0.5753390721871691,0.2532153144903173,-0.4501015941791794,-0.4130281530545728,0.5264617570604732,-0.12856793241480904,0.6046859735192004,
at,-0.3552822649843337,-0.0012422964768452553,-0.30313043783818255,0.5769234171145616,0.3677276461204344,0.6108439185150115,-0.6940273776619695,0.16890880613821097,
pt,0.0,0.14368148054086816,-0.6753276154800426,-0.4874654197457958,0.07438015571565616,-0.32831982641119034,-0.6988482605372835,0.1554469776712509,
rs,-0.34537641463920976,0.303216368885257,0.5660794592477446,0.1148207365227781,-0.388925877870236,-0.16783131238636284,-0.4437915428542441,-0.3461565802767762,
tq,-0.5720381180954277,-0.353765899986409,0.6301171729451452,0.5948632079048294,0.6180758683540829,-0.6710919557501552,-0.16599857310818456,-0.41035710497737254,
tw,0.2730212366331115,0.0,0.40520211708382736,0.5527262399734109,0.5106569799801878,0.4759899516587391,-0.6925522948834834,-0.38177479248923524,
1,0.0,0.0,0.0,0.0,0.0,0.0,0.0,0.0,
0,0.0,0.0,0.0,0.0,0.0,0.0,0.0,0.0,
