,ty,at,pt,rs,tq,tw,1,0,
ty,-0.33682457654820797,-0.6842403908491882,-0.4244249490262745,-0.5340671258646779,-0.4070237144684799,0.31889404502654184,-0.6288706526125261,-0.2257911444929522,
at,-0.6462058308975795,0.3858213693836616,0.5722793412034914,0.6798413034799409,0.6721079224079979,-0.2157207986158382,0.0,-0.6899305738374347,
pt,-0.4572932390199572,-0.23249284426513459,-0.25668819539911025,0.3811182782043268,0.3079773031035238,-0.33340191936601316,0.17756357700629577,-0.7022926571106585,
rs,0.6923666560934262,-0.25898117682120325,-0.6458160602966341,0.0,-0.5481480896169922,0.2999921532437087,-0.520339103542702,0.028005651131918316,
tq,0.27539223286478476,0.6791353738859028,0.6765923466414399,-0.03756631027962081,0.0,0.5956961179230047,0.623860604171967,0.5973880872711174,
tw,-0.4207847431043179,0.5828455381670613,0.25820797584630567,0.6818592417887597,0.5768216682746621,0.3307412507411015,-0.09259464753939856,0.6668962579484923,
1,0.0,0.0,0.0,0.0,0.0,0.0,0.0,0.0,
0,0.0,0.0,0.0,0.0,0.0,0.0,0.0,0.0,
