,ty,at,pt,rs,tq,tw,1,0,
ty,0.0,0.0,0.0,-0.30018080483822196,-0.26124867933183893,-0.7398583251970503,0.0,-0.07680189887645117,
at,0.14058288880962966,0.0,0.2680651527542903,0.0,0.02890954926411249,-0.21333319529520023,0.3281706961727815,0.2942720933317702,
pt,0.8954565937405141,-0.7871689982986456,0.0,0.0,-0.13183247386705932,-0.22354996687521544,0.0,0.0,
rs,-0.8261379189522058,0.1636674270801024,-0.35028163919471944,0.0,0.0,0.0,-0.5642020758801638,0.0,
tq,-0.9761789348965673,0.42899475865551095,-0.7589137468742642,-0.7074540149098782,0.0,0.6911052773711863,0.8298579772797792,0.2842358481912717,
tw,0.6054096630280785,-0.4721581398242811,-0.36423320558277594,0.8098893966933374,0.0,0.0,0.0,0.0,
1,0.0,0.0,0.0,0.0,0.0,0.0,0.0,0.0,
0,0.0,0.0,0.0,0.0,0.0,0.0,0.0,0.0,
