,ty,at,pt,rs,tq,tw,1,0,
ty,0.0,0.7120922880500051,0.0,0.0,0.0,0.0,0.0,0.7242975196517732,
at,-0.6908178063234722,-0.7438693359231877,0.0,0.0,0.0,0.0,0.0,0.0,
pt,-0.6148209879847919,0.0,0.0,0.20750253522380538,0.0,-0.09956884370933222,0.0,0.0,
rs,0.0,0.0,0.16670866607764961,0.0,-0.659750475437318,0.6212937639951817,0.0,0.7309848308368085,
tq,0.0,-0.7395206718882984,0.0,0.0,0.6879139618287402,0.25007961699895537,0.737869130599467,0.0,
tw,0.0,0.0,0.0,0.0,0.5373735353185037,0.0,0.0,0.7237140214639484,
1,0.0,0.0,0.0,0.0,0.0,0.0,0.0,0.0,
0,0.0,0.0,0.0,0.0,0.0,0.0,0.0,0.0,
