,ty,at,pt,rs,tq,tw,1,0,
ty,0.0,0.48958839013914657,0.0,-0.6325834623530061,0.0,0.0,-0.4924913675297659,0.22173215223636683,
at,0.0,0.0,0.0,0.16117762977058336,0.0,-0.23328384154645632,0.0,0.0,
pt,0.0,0.0,0.0,0.0,0.0,0.19942713129907996,-0.7314767265114763,0.0,
rs,0.0,0.0,0.0,0.0,0.0,0.0,-0.4185101001461443,0.0,
tq,-0.8360107852802905,-0.4512412115328381,0.12702856221436712,0.0,0.0,0.17344831789839776,0.0,-0.6852495678470972,
tw,0.28915409245252366,0.0,0.5480391946705578,0.0,0.0,0.0,0.23240355882863134,0.0,
1,0.0,0.0,0.0,0.0,0.0,0.0,0.0,0.0,
0,0.0,0.0,0.0,0.0,0.0,0.0,0.0,0.0,
