,ty,at,pt,rs,tq,tw,1,0,
ty,0.0,0.6552836774957304,0.0,0.0,0.060785319380887486,-0.5132496897161298,0.0,-0.0512444040220256,
at,-0.2037915530053639,0.0,-0.3685679885122417,-0.46663219649491583,0.5087577696233851,-0.6351350689128904,-0.16523579828956048,0.5310719756766639,
pt,0.6028954129555544,0.0,0.0,0.7011951802930391,0.10130477532439872,0.1250943720245484,-0.16088662945826432,-0.4805162897857583,
rs,0.5416860097607922,0.0,-0.5190947302720839,0.0,-0.46198046249969826,0.4037958380507537,-0.4979988836987022,-0.4220655413121161,
tq,-0.4665313618876796,-0.7040762340112797,0.0,0.40871108719237054,0.0,-0.501528362293903,0.0,-0.6083887092146281,
tw,0.3565061828234339,0.5871753926204695,0.4696212784627661,-0.33720293473747504,0.0,0.0,-0.2743217497472044,-0.05463190071486923,
1,0.0,0.0,0.0,0.0,0.0,0.0,0.0,0.0,
0,0.0,0.0,0.0,0.0,0.0,0.0,0.0,0.0,
