,ty,at,pt,rs,tq,tw,1,0,
ty,-0.5069565445155463,-0.5581669663598622,-0.5093711088629013,-0.12763195962787177,-0.5704185776849676,-0.7030394301843969,-0.6523280983125933,0.5172225530551825,
at,0.4449676325549917,0.3110046442420242,0.6317285872089041,0.23479135076365965,0.5324311718001837,0.6190623514354041,0.4276390217515114,-0.386074253140382,
pt,0.2203488949542187,-0.43685254004383317,0.6295421400260988,0.6797524563306225,0.1685105145358309,0.5752110773633413,-0.3998448433932202,0.45186201290470257,
rs,-0.17017217275167268,0.11175696934632282,0.6639166817119255,-0.2688684658887218,-0.5720756584233873,0.5236429016370552,-0.16012455025146824,-0.3782497848898504,
tq,-0.32394384346403254,0.49535629409663906,-0.56435201775042,-0.4161804736233544,0.5436333768337986,0.6861581040814156,-0.2846990772412711,-0.32087292850726606,
tw,-0.4853638272546439,-0.6250442729829362,0.1816099564456186,-0.5148330026258126,0.37704154416448593,-0.30900537269380335,0.6418443207575019,0.6630791703499829,
1,0.0,0.0,0.0,0.0,0.0,0.0,0.0,0.0,
0,0.0,0.0,0.0,0.0,0.0,0.0,0.0,0.0,
