,ty,at,pt,rs,tq,tw,1,0,
ty,0.0,0.36446161086790624,0.7046244285276114,0.5792944398423068,-0.6558840993732384,0.0,0.0,-0.5855487971020558,
at,0.4054112122158992,0.0,-0.6642540663991304,-0.4161591957001017,0.0,-0.6538466902386629,-0.49002435485751933,-0.21048318572364386,
pt,0.0,-0.24494530291575603,0.0,0.0,0.0,0.6348729687435787,-0.08964441181115157,0.0,
rs,0.0,0.0,-0.3971318069858808,0.0,-0.5280700294755742,-0.21964703375121097,-0.6981476001934417,0.649365057441474,
tq,-0.702663163778773,0.0,-0.39072354544334564,0.0,0.0,0.0,0.7172432119731356,0.0,
tw,0.2632344822003297,0.0,0.3692574760799164,0.6039701220536081,0.0,0.4153456450308929,0.04245297678601999,-0.38125363184500904,
1,0.0,0.0,0.0,0.0,0.0,0.0,0.0,0.0,
0,0.0,0.0,0.0,0.0,0.0,0.0,0.0,0.0,
