,ty,at,pt,rs,tq,tw,1,0,
ty,0.18928612261897906,0.6135453433643764,-0.665170198926619,0.6307967738063778,-0.271672863799501,-0.6575370162218083,-0.6230818019461961,-0.583515650593559,
at,0.7081299038639384,0.5846526959986019,0.64105757734643,-0.4829896295779629,0.6307907031513686,0.31258830738597526,0.5829195821888198,0.6521790911739014,
pt,0.5192876841373325,-0.7003831154815945,-0.5614959658969295,0.6496257491797588,-0.26512950654054096,-0.7181717946435663,0.6950668517193246,0.6758703683049443,
rs,0.6830450917575416,0.5714652132955819,-0.6758156175141781,0.3064276556271004,-0.6972987429420067,-0.2589211771596679,-0.5814341452400332,-0.4228959195072584,
tq,0.7057412718358904,0.6899570647691708,0.6087215639487205,-0.39537247150925003,0.5827958677014615,0.6255848831593891,0.6265754726408564,0.40086015273348574,
tw,0.57447580143986,-0.48583878270763764,0.5962579214090599,-0.6632333455500014,0.5967866633128409,0.4349541745746202,-0.6975200107159167,-0.5389118061389713,
1,0.0,0.0,0.0,0.0,0.0,0.0,0.0,0.0,
0,0.0,0.0,0.0,0.0,0.0,0.0,0.0,0.0,
