,ty,at,pt,rs,tq,tw,1,0,
ty,0.0,0.5044142057783884,-0.6613633402506998,0.6784597532276727,0.0,0.0,-0.1671959506078727,0.0,
at,-0.7017679307448761,0.6272072815071742,0.0,0.0,0.0,0.7041856239656568,0.0,-0.6275683038241195,
pt,-0.6885843246313841,-0.5771383823066633,0.0,0.0,-0.710942247709376,0.0,0.5868340167539404,0.7092132259277634,
rs,0.0,-0.6878978859370177,0.0,0.7088781784663772,0.0,-0.6788920291827933,-0.5288227435257469,0.6847103999546295,
tq,0.0,0.708615681704063,0.6248248299322285,-0.21973765996456185,0.0,-0.5651719309432981,0.6641392409722593,-0.532551991563623,
tw,0.0,0.7093895156526467,0.0,0.0,-0.4914522675080009,0.0,0.30729577853898543,0.6301230456244439,
1,0.0,0.0,0.0,0.0,0.0,0.0,0.0,0.0,
0,0.0,0.0,0.0,0.0,0.0,0.0,0.0,0.0,
