,ty,at,pt,rs,tq,tw,1,0,
ty,0.0,0.0,0.0,0.0,-0.6307505131268789,-0.7427937461001068,0.0,0.0,
at,0.0,0.0,0.0,0.7751318517920899,0.7504079654913312,-0.23014890112790504,0.0,0.7676456423597072,
pt,0.0,0.7685720134865008,0.0,0.0,0.7904632446848836,-0.7554254344688234,0.0,0.0,
rs,-0.7163643287846119,0.7217958915601341,-0.621747103154488,0.0,-0.7427622388041712,0.0,0.0,0.0,
tq,-0.7829293488718801,-0.7469595728980666,0.7995084520927465,0.06784194652899517,0.0,0.0,0.04149176571414627,0.0,
tw,0.0,-0.746743266022838,0.6918005237596045,-0.6928313791367964,0.6693955769421293,0.0,-0.6416239603254285,0.0,
1,0.0,0.0,0.0,0.0,0.0,0.0,0.0,0.0,
0,0.0,0.0,0.0,0.0,0.0,0.0,0.0,0.0,
