,ty,at,pt,rs,tq,tw,1,0,
ty,0.0,0.5490214139396988,0.596611238249191,0.061698444927310823,-0.0756436991701396,-0.7065267712517345,-0.7275496746253605,-0.40578083781749014,
at,0.7190716432479791,0.0,0.351634012296609,0.0,0.6142524392557576,0.0,-0.31425056317444217,0.0,
pt,0.0,0.609982500336524,-0.5599002635779645,-0.6437726021828717,-0.047690580535252255,0.0,-0.7261940441620552,-0.7195501331775497,
rs,0.0,0.5709680295830222,0.0,0.0,-0.5217002463817415,-0.7293266149750423,0.0,0.5233717556893088,
tq,0.0,0.0,0.0,0.0,0.0,-0.6010114536286414,0.0,-0.7270419885671137,
tw,-0.3927963066800362,0.0,0.0,0.6131773102053345,0.6050637017542437,0.0,-0.1567145775271017,-0.5915380865645441,
1,0.0,0.0,0.0,0.0,0.0,0.0,0.0,0.0,
0,0.0,0.0,0.0,0.0,0.0,0.0,0.0,0.0,
