,ty,at,pt,rs,tq,tw,1,0,
ty,0.0,-0.7616805995197636,0.0,0.0,0.0,-0.6819850050597145,-0.7497827032729925,0.0,
at,-0.5961264913232085,0.0,0.0,-0.12333529793727305,0.0,0.0,0.0,0.0,
pt,0.0,-0.6546856198909857,0.0,0.0,0.0,0.0747886350034112,0.0,0.0,
rs,0.0,0.7122239515922425,0.0,0.0,0.0,0.0,0.0,0.6833156935395661,
tq,0.0,-0.7156764273093565,0.0,0.7025853961713943,0.0,0.7694280800306593,0.0,0.0,
tw,0.0,0.0,0.7122256060593329,0.0,0.7270361447756024,0.22592274819149585,0.5002674604407086,-0.6329951668334519,
1,0.0,0.0,0.0,0.0,0.0,0.0,0.0,0.0,
0,0.0,0.0,0.0,0.0,0.0,0.0,0.0,0.0,
