,ty,at,pt,rs,tq,tw,1,0,
ty,0.3271269570120764,0.08103923295638821,-0.5066190852551014,-0.49744308668680387,-0.12604831599988534,-0.15500156689875996,-0.22701345445135077,0.43173167286744935,
at,0.3118309095869496,-0.32625128423543354,-0.686193386876455,-0.14287900929959507,0.2373888608996539,-0.4776772090483852,0.12657199955689752,0.11037295134409222,
pt,-0.41288498383521655,-0.19065530195874403,-0.07294876493150554,0.06145001142010631,-0.23151032340196667,-0.23045287625325966,0.23697570268852308,0.6253299073989417,
rs,0.19914266556324284,0.34993561651852456,0.5443349096804178,-0.2572445722988976,0.08145978719206448,-0.34907855859800124,-0.4103557172507052,-0.3773622498826241,
tq,0.4944660865861829,-0.4067778834045729,0.13736291486952323,-0.26428188323980895,-0.49190446344831956,0.15437596030318773,0.7296219440932378,0.14016768222038617,
tw,0.4071854264374714,-0.01230341241615254,0.4577501890819044,-0.06368134270561288,-0.6850856835294339,-0.7381514889665114,0.5659277469184721,0.07919936780859782,
1,0.0,0.0,0.0,0.0,0.0,0.0,0.0,0.0,
0,0.0,0.0,0.0,0.0,0.0,0.0,0.0,0.0,
