,ty,at,pt,rs,tq,tw,1,0,
ty,0.0,0.0648228636825126,-0.6216996883913366,0.0,0.012519346268428365,0.0,0.45073995383819543,-0.6509268730442974,
at,0.0,0.0,0.0,0.3195868881257522,0.0,-0.6269194017747052,-0.10366114006525846,0.0,
pt,-0.34642908679455353,-0.4884178838727607,0.0,0.0,-0.17377454397312694,0.0,0.2627773998236064,0.16048334593136296,
rs,-0.640060718243459,-0.4567923245532918,0.6428563912049495,0.0,0.0,0.0,0.18800315874333434,0.6976159665181831,
tq,0.8462605209716445,0.0,0.0,-0.7166504589078583,0.0,0.0,-0.3563995604834692,0.7351059374959016,
tw,-0.540143829550243,-0.3320556759460432,0.19697088676885208,0.0,0.5567103715421551,0.0,0.07199024406702917,0.062032865106607014,
1,0.0,0.0,0.0,0.0,0.0,0.0,0.0,0.0,
0,0.0,0.0,0.0,0.0,0.0,0.0,0.0,0.0,
