,ty,at,pt,rs,tq,tw,1,0,
ty,0.0,0.0,-0.4632651320768475,0.0,0.0,0.34064774622453087,0.005886790956932397,0.0,
at,0.0,0.0,0.0,0.6447559887007528,0.0,0.38333190592563876,0.5820783594900112,-0.4132939734052298,
pt,0.5925807398227141,0.46185495093257234,0.0,0.0,0.0,0.0,-0.27514415256317276,0.0,
rs,-0.5874847377516121,-0.35238908594105295,-0.4629463893011082,0.0,-0.31340113503932593,0.0,-0.7368277898721465,0.4078357380196161,
tq,0.2701838339982901,-0.3270050058203272,0.0,-0.47946134734125867,0.0,0.0,0.32799958373018284,-0.5232202617591272,
tw,0.0,0.0,0.0,0.0,0.0,-0.6062088366043895,0.0,0.4268587761982289,
1,0.0,0.0,0.0,0.0,0.0,0.0,0.0,0.0,
0,0.0,0.0,0.0,0.0,0.0,0.0,0.0,0.0,
