,ty,at,pt,rs,tq,tw,1,0,
ty,0.0,-0.5600613881190551,-0.4662209979590291,-0.6237771338249283,-0.5216143582672668,-0.11030847270541796,-0.7120560473048998,0.5796689279593065,
at,0.7334511949434341,-0.7079768395472055,0.7150478815134788,0.09023407160838426,-0.5926956302472325,-0.5797955223990615,0.6918761665441568,-0.7237697435332391,
pt,-0.5484817875608353,0.6390352409531469,-0.6352230562078247,-0.1528938651083651,0.10805178016233863,-0.5550247185697847,0.6225885906983335,-0.7226580936184646,
rs,0.7120225685796584,0.08950592317209273,-0.5951471904090149,0.6900476739925359,-0.70279795818543,-0.6822347357112333,-0.06572976419191777,0.6074062361914985,
tq,-0.664300847777173,-0.6987864481631706,0.6912796822924743,0.6974448317311069,-0.5068219323717216,0.6567630170734533,-0.6862605238831001,-0.4076605052132948,
tw,-0.21169371803986653,-0.1469165333782194,0.6879044979861565,-0.4489027980223679,0.6734122770003138,0.0,-0.5321525495284525,0.0,
1,0.0,0.0,0.0,0.0,0.0,0.0,0.0,0.0,
0,0.0,0.0,0.0,0.0,0.0,0.0,0.0,0.0,
