,ty,at,pt,rs,tq,tw,1,0,
ty,0.0,0.0,-0.3377878118389278,0.0,0.0,0.38019070141019523,0.0,0.0,
at,0.0,0.0,0.7330635740869403,0.6725038605553576,0.0,0.0,0.5904950348124794,-0.40173489153855013,
pt,-0.4344335537586869,-0.3704165856303736,0.0,0.0,0.46527062627993054,0.0,-0.4538143832657867,-0.4697766553989262,
rs,0.6389724759601181,0.1443975278991841,0.0,0.0,-0.5334630109076614,0.0,0.0,0.7255114415179884,
tq,0.0,0.0,-0.21358647371514658,-0.05447025786460358,0.0,0.0,0.0,-0.6724810836112725,
tw,0.0,-0.4928093493074374,-0.5488660061722155,0.0,0.472064578376578,0.0,-0.4024359918686618,0.5550081699583258,
1,0.0,0.0,0.0,0.0,0.0,0.0,0.0,0.0,
0,0.0,0.0,0.0,0.0,0.0,0.0,0.0,0.0,
