,ty,at,pt,rs,tq,tw,1,0,
ty,0.0,0.0,0.7127614310417275,-0.23968232758075214,0.0,-0.48322076880304005,0.0,0.0,
at,0.4132035348542343,0.0,0.2706358310509979,0.402648172786815,0.6721515170560126,0.0,0.6576856123260704,0.2076511561840278,
pt,0.47567984478190023,0.0,0.0,0.2862001781290147,0.0,0.3049072586087454,0.19888616787577515,0.5066990902563787,
rs,0.5364275911507257,0.0,0.0,0.0,-0.5563894572136775,0.336797831464881,-0.5503167305487985,0.16031435748543063,
tq,0.2784123511726958,0.4720984112360813,-0.3268273418346093,0.12462248019264673,0.39420621575059034,-0.5356636855384381,0.0,0.0,
tw,-0.4062179752526555,0.0,0.0,0.0,0.576241846071216,0.0,-0.5357991389363314,0.0,
1,0.0,0.0,0.0,0.0,0.0,0.0,0.0,0.0,
0,0.0,0.0,0.0,0.0,0.0,0.0,0.0,0.0,
