,ty,at,pt,rs,tq,tw,1,0,
ty,-0.7365395013943233,-0.6653948199546452,-0.6136507368811919,0.60428079653036,0.6815688051717914,-0.6338758545201489,0.7283831791451256,0.7314815583740624,
at,0.2700196924074151,0.7503080625906361,0.3944736015512504,0.11048094198623516,0.6573420564107003,0.7202726503971921,0.7303588157154277,-0.7224255942544925,
pt,-0.6167737240831325,-0.7002297938533469,0.5820985698392248,-0.7302674383493775,0.6117197993627073,-0.5906828358515522,0.4753065840238023,0.7156946814903002,
rs,0.41908743041929875,-0.5050015150063498,0.6640382005832485,0.7363189825404808,-0.6488560993262935,-0.7043361742547225,-0.6803863558081121,0.7325747865799442,
tq,-0.4639950838708115,0.7165095784322177,-0.5243753488396402,0.14103844308008312,-0.7334032669430628,0.4542816582922607,-0.6505702414884732,0.3297378207733385,
tw,0.334808898747261,0.6540008811041219,-0.5425743748452401,-0.32404232057307547,-0.5548913510064459,0.5522758986348181,-0.5765065894041204,-0.7216013257160162,
1,0.0,0.0,0.0,0.0,0.0,0.0,0.0,0.0,
0,0.0,0.0,0.0,0.0,0.0,0.0,0.0,0.0,
