,ty,at,pt,rs,tq,tw,1,0,
ty,0.0,0.0,0.022166752625248073,0.0,-0.1388229588794765,-0.2679007579496952,0.0,0.009356543861170432,
at,-0.43517383875614185,0.0,0.0,0.0,0.0,0.0,0.0,0.0,
pt,0.4260938526449352,-0.4161831705962581,0.0,-0.2645693441468084,0.0,0.0,-0.5757385168629744,0.0,
rs,-0.17682511165120401,0.0,0.0,-0.2879209102872245,0.0,-0.07871762631072679,0.0,0.5174866352456806,
tq,-0.2564352897210434,-0.38513437480673396,-0.5362107941269137,0.0,0.7482221256205175,-0.17848899040267993,-0.34147451009214336,-0.3484035705068051,
tw,0.7104190144069614,0.0,0.0,0.0,0.0,0.039879050244467106,0.36161646468352293,0.0,
1,0.0,0.0,0.0,0.0,0.0,0.0,0.0,0.0,
0,0.0,0.0,0.0,0.0,0.0,0.0,0.0,0.0,
