,ty,at,pt,rs,tq,tw,1,0,
ty,-0.6370199844370926,0.7109887655149018,-0.3562861555571556,-0.7057525531535509,-0.6416442540419649,-0.1568083019848125,0.6815407165836884,0.566629946260043,
at,-0.7024232569300977,0.6714404827841195,-0.7021190772531363,-0.639433998797544,0.4957031462695211,0.6600739555206239,-0.6458181453566023,-0.5929312146475696,
pt,0.7099008892211164,-0.6732846194884916,0.6970171825093171,0.5755400630184198,0.6677168519656306,-0.016835496116391954,-0.6063772234647754,-0.5385001285655896,
rs,-0.7128635920478985,0.510160640361522,-0.1985506309138762,0.2780898496482851,-0.6491618870171987,-0.5770245579799336,0.6891921959879536,0.7092085582991714,
tq,-0.6468521447907201,0.6856037919062775,-0.702858917605139,-0.16994553804285822,-0.5424712119343719,0.6304330241267674,-0.7117313197000688,0.6074068746132923,
tw,0.6321480078683891,0.6714290981559251,-0.2035921428053556,-0.6790206103890504,-0.6687780014820406,-0.04872034502644527,-0.6134284576087009,-0.6680260832294168,
1,0.0,0.0,0.0,0.0,0.0,0.0,0.0,0.0,
0,0.0,0.0,0.0,0.0,0.0,0.0,0.0,0.0,
