,ty,at,pt,rs,tq,tw,1,0,
ty,-0.4123662273599528,0.0,0.04619680179801146,0.0,-0.6089262816287649,0.0,0.0,0.3652779844518883,
at,-0.07005985090247535,0.0,0.0,-0.2190672340828549,0.1774676857296759,0.3505720998899113,0.1058896204652766,0.0,
pt,-0.1867208894384045,-0.34839553695560066,-0.24307659769338932,0.19095491468764653,-0.22353560423835,-0.18975821291415765,-0.6498033259853868,-0.4500748168796164,
rs,0.47972003065124663,-0.19157979094021155,0.5107343606098896,0.0,-0.3634259814301538,0.011329493910206363,0.0,0.5146171901409483,
tq,0.0,0.24305425981449943,-0.34775657263702997,0.0,0.0,-0.4551430784996507,-0.06551682290471007,-0.6094526428218853,
tw,-0.5366204257289627,-0.2156811432010427,-0.3775478865794502,0.0,-0.03966389886707827,-0.08226638137311437,0.0,-0.3942292049364428,
1,0.0,0.0,0.0,0.0,0.0,0.0,0.0,0.0,
0,0.0,0.0,0.0,0.0,0.0,0.0,0.0,0.0,
