,ty,at,pt,rs,tq,tw,1,0,
ty,0.0,-0.6185299617808859,-0.31866302682866415,-0.6549121014329848,-0.657611543473001,-0.5769911968666407,-0.5593138021522008,0.0,
at,0.0,0.0,0.0,-0.002372402925435291,-0.6331795544428472,0.4384607969025217,0.0,0.0,
pt,0.0,-0.4308110711050069,-0.5396216436129336,0.0,-0.1368318372056321,-0.6869652031053604,0.5038008962596296,0.0,
rs,0.0,0.0,0.0,0.0,-0.656853325559945,0.0,-0.44286916450131664,0.38419847085595266,
tq,-0.6427545921508944,0.5904767666837428,-0.2709379531710542,0.45611325986553597,0.0,0.0,0.6383134390989477,0.21117324892144265,
tw,-0.5693548148933364,0.0,-0.37435520939115774,0.02708995584194697,-0.5930536191009362,0.0,0.4766771217288012,0.0,
1,0.0,0.0,0.0,0.0,0.0,0.0,0.0,0.0,
0,0.0,0.0,0.0,0.0,0.0,0.0,0.0,0.0,
