,ty,at,pt,rs,tq,tw,1,0,
ty,0.0,-0.46964910934324033,-0.6757035066710151,-0.4628683877996982,-0.18870186405424666,-0.09272441886142324,-0.4395448202481794,-0.42046430558192815,
at,0.7006686728402247,-0.3141360573348443,-0.6603335533458107,-0.5323356308511669,0.7003958367676318,-0.05626775022458983,0.5940673039236796,0.6994610521289621,
pt,0.0,-0.4343940543091246,-0.5164406098315462,0.4241913225550586,-0.3602481486002777,-0.5539827548175587,-0.6367715530938014,0.667686777377195,
rs,-0.20746234674963168,0.29613760542581874,0.6815282709979585,0.20290133768232313,-0.656585489977184,0.14409759511849424,-0.7028605748623966,0.6175015997493342,
tq,0.5632975793421251,0.13842574834672539,0.4905679911792925,-0.571147047665485,0.6909778174856385,-0.6507521940043078,0.32051166841819667,0.24992837172928703,
tw,0.5132079825622229,0.0,-0.23340160587035091,0.31661662282857034,0.6179586699157137,-0.3658794336395829,-0.6554911700698107,0.4245225126183271,
1,0.0,0.0,0.0,0.0,0.0,0.0,0.0,0.0,
0,0.0,0.0,0.0,0.0,0.0,0.0,0.0,0.0,
