,ty,at,pt,rs,tq,tw,1,0,
ty,0.4488188476744122,0.2528779188720457,0.3125634826716667,0.420821865259377,0.3955124775686243,-0.5552894845031832,0.0,0.3992477414625682,
at,-0.6547876955345595,0.0,-0.6204576007766827,-0.15502195323994855,0.522855963211871,0.0,-0.3922516851570379,-0.3482499213276796,
pt,0.0,-0.34611068225736835,0.0,0.0,-0.5528494269191029,0.13241688991556996,0.0,0.0,
rs,0.0,-0.2947381546259582,0.41049370834698307,0.0,-0.4785286124600515,-0.41565912927396037,-0.616239772393999,0.0,
tq,-0.30824768138278447,0.0,-0.4317317738576404,0.2043334560063785,0.0,0.0,0.0,-0.5668466851400998,
tw,0.17289372094373734,-0.6114352129837853,0.0,0.0,0.0,0.0,0.48497053190554196,0.0,
1,0.0,0.0,0.0,0.0,0.0,0.0,0.0,0.0,
0,0.0,0.0,0.0,0.0,0.0,0.0,0.0,0.0,
