,ty,at,pt,rs,tq,tw,1,0,
ty,0.0,-0.6508529345655796,0.18643383049095436,0.46004845764095265,-0.1309047267720825,-0.574790145428148,0.0,0.0,
at,0.0,-0.3931802246925101,0.5747521137515993,-0.5134069148854555,-0.6332503397854158,0.26985542999595064,-0.1902000287929825,-0.11855093382234858,
pt,-0.7025453393761438,0.0,0.0,0.6387307889792495,-0.4839736599203396,0.6843404247135757,0.0,-0.21372881147851017,
rs,0.0,0.37804556294495706,0.5483343770798368,0.6782207564946582,-0.05939973833227968,-0.13066741945853627,0.0,0.5675492192896425,
tq,0.10677615054299357,0.0,0.0,-0.3040770566189232,0.0,-0.625630660080284,-0.5074044309703112,-0.5538203139420309,
tw,-0.23316572219538464,0.0,-0.5514623144939172,-0.28939607261225225,-0.660910541822304,-0.16853931419811913,0.0,-0.37944247329906383,
1,0.0,0.0,0.0,0.0,0.0,0.0,0.0,0.0,
0,0.0,0.0,0.0,0.0,0.0,0.0,0.0,0.0,
