,ty,at,pt,rs,tq,tw,1,0,
ty,0.0,0.0,0.4449509105820639,0.0,0.0,0.17440901897501665,0.30228796636301725,0.0,
at,0.0,0.0,0.0,0.16291404763672243,0.0,-0.06663812654708128,-0.720510369072475,0.7918647252149624,
pt,0.6037216843863603,0.4036121892662882,0.0,0.0,0.0,0.0,-0.0933025285938288,0.0,
rs,-0.6458986699748337,-0.3217653874793832,-0.6102837386823189,0.0,-0.3369994576395247,0.0,-0.8092665263636323,-0.11200838487820709,
tq,0.6740465728168035,-0.461726752568351,0.0,-0.5024030607532459,0.0,0.0,0.13867475496567208,0.0091877848243851,
tw,0.0,0.0,0.0,0.0,0.0,-0.5926142142559603,0.0,0.3156996495086541,
1,0.0,0.0,0.0,0.0,0.0,0.0,0.0,0.0,
0,0.0,0.0,0.0,0.0,0.0,0.0,0.0,0.0,
