,ty,at,pt,rs,tq,tw,1,0,
ty,0.0,-0.6942435974065194,0.0,0.0,0.0,0.0,0.0,0.6459092824813001,
at,-0.46299021726439676,0.7322070621208132,0.0,0.0,0.0,0.0,0.0,0.0,
pt,0.5486022282019869,0.0,0.0,-0.042468757030195106,0.0,-0.03399327316451227,0.0,0.0,
rs,0.0,0.0,0.3708961268637474,0.0,-0.626857805532795,0.5620254805413752,0.0,0.6197904102930482,
tq,0.0,0.5873142564456936,0.0,0.0,0.6827250292666975,-0.2438379759210142,0.3297116709727288,0.0,
tw,0.0,0.0,0.0,0.0,0.5534952713986542,0.0,0.0,-0.01939669618335725,
1,0.0,0.0,0.0,0.0,0.0,0.0,0.0,0.0,
0,0.0,0.0,0.0,0.0,0.0,0.0,0.0,0.0,
