,ty,at,pt,rs,tq,tw,1,0,
ty,0.5211825511966492,0.07834968321588345,0.5155190691942086,-0.562903729332058,-0.05493541076749901,-0.6314853725964596,-0.5450156289637383,0.3722669639068588,
at,-0.5276660903185303,0.5529078918786713,0.5555832197973323,-0.6432553963003002,0.5580387984001325,-0.5600785789033352,-0.5135521903415282,-0.19757202157615994,
pt,-0.5341266395621269,-0.5377105734666637,0.5537856600230153,0.5752256217606246,0.0418138093914226,0.5001616922887536,0.4831963770246079,0.5165607247344544,
rs,0.5480068841950534,-0.23442685873718067,0.3347913456250133,0.497144758977776,-0.6418271800252429,0.4017937618888263,-0.4685751554928399,0.5034296964814714,
tq,0.3257020974438088,-0.39345481036852864,0.6405382447349046,-0.2255192930433492,0.45082670906660904,-0.4058506549328089,-0.005106023610986306,-0.16477046246605775,
tw,0.4894162228453455,0.2582862215707064,0.5459907521150807,-0.5277104225690261,0.5148448490164046,-0.6606191047266124,0.24834771037818648,0.2511411540355773,
1,0.0,0.0,0.0,0.0,0.0,0.0,0.0,0.0,
0,0.0,0.0,0.0,0.0,0.0,0.0,0.0,0.0,
