,ty,at,pt,rs,tq,tw,1,0,
ty,0.0,0.0,-0.564737137955454,0.0,-0.3602933072607257,-0.7231383358846637,0.0,-0.7073494748375132,
at,0.44253251063157933,0.0,0.0,0.0,0.0,0.0,0.0,0.0,
pt,-0.43323296624684726,0.6099320879526344,0.0,0.567496575311485,0.0,0.0,-0.5790146810282504,0.0,
rs,-0.27300784531108424,0.0,0.0,0.6573018721536598,0.0,-0.16812686991115836,0.0,0.4707132995502997,
tq,-0.502308384670666,-0.059706467528762214,-0.26250039226569283,0.0,0.4124653049851759,-0.06075400159255518,-0.5674676562777667,-0.6140105099918076,
tw,0.6217547234879787,0.0,0.0,0.0,0.0,0.5861661053674971,0.5484706659719483,0.0,
1,0.0,0.0,0.0,0.0,0.0,0.0,0.0,0.0,
0,0.0,0.0,0.0,0.0,0.0,0.0,0.0,0.0,
