,ty,at,pt,rs,tq,tw,1,0,
ty,-0.2612289289006186,0.061843216156992786,-0.03692682517871342,0.43757314764499117,0.5152766305341758,0.627034073405158,-0.19852527649777024,-0.3880232159471527,
at,-0.3216986213083824,0.4959540668676855,-0.5059059845926619,0.4705860113143216,-0.4126218139329899,0.5525876205201198,0.4972275343532415,-0.4519415851645838,
pt,-0.5305578681223584,-0.6975087606509883,-0.5025521715964603,-0.08865723398915328,0.4488609457694799,-0.340265746234663,0.1533769636463115,-0.16631408715393478,
rs,0.29327902813427603,-0.6171601467650871,0.5206143598685131,0.533129585562842,-0.2644015611629428,-0.563693161410885,-0.5594027314844514,0.5468263075870995,
tq,-0.14950787548273034,0.5869563358488412,0.178902341230619,-0.34880656382531644,-0.5352851865751209,-0.45478634372548193,-0.5710239467478945,0.3360404569079794,
tw,-0.5467419036108178,0.5030259407210551,-0.4436783674228044,-0.26620392577321556,-0.5842431753568833,-0.4837474256693103,0.6489402850285592,0.11765324298002634,
1,0.0,0.0,0.0,0.0,0.0,0.0,0.0,0.0,
0,0.0,0.0,0.0,0.0,0.0,0.0,0.0,0.0,
