,ty,at,pt,rs,tq,tw,1,0,
ty,0.38251746678526327,0.0,0.0,0.0,-0.24140372425702067,0.6537880735633793,0.0,0.0,
at,0.0,0.0,-0.15959690577580504,0.0,0.0,0.0,0.0,-0.3780597021188425,
pt,0.0,0.0,0.0,0.7194498016474515,0.0,-0.2036083528368962,0.0,-0.10475898129968268,
rs,0.6238363719705384,-0.2832562138225941,-0.48802415758293316,0.0,0.0,0.0,-0.7211373276490276,-0.19168227478443853,
tq,0.6068735244964725,0.5708599556983708,-0.46194398016851246,-0.1175434504175568,0.0,-0.3581059073841578,-0.35110873138287935,0.0,
tw,-0.00375968140020881,0.0,-0.5398522212679899,0.0,0.0,-0.3667609242970384,0.022522913755217196,0.0,
1,0.0,0.0,0.0,0.0,0.0,0.0,0.0,0.0,
0,0.0,0.0,0.0,0.0,0.0,0.0,0.0,0.0,
