,ty,at,pt,rs,tq,tw,1,0,
ty,0.0,0.6681848318383805,0.7081205349336034,-0.3934823330045097,-0.714228521518306,-0.7149970111375461,0.0,0.0,
at,0.0,0.6143509086067418,0.3874006592129083,0.7191031641784267,0.32129421699680316,0.705360014062195,0.5402234174855894,0.7158255488831676,
pt,0.0012646847692444109,0.0,0.0,0.6902468856804956,-0.6860892492992255,0.6387239058799427,0.0,0.7128506644374926,
rs,0.0,-0.716861460107603,0.6456031792803932,-0.2086657635820745,0.5820340340000093,-0.5371381419476716,0.0,0.659515588576123,
tq,-0.3376931024628496,0.0,0.0,0.7142571121671926,0.0,0.7090925638790818,-0.640850720365788,-0.7054753296267295,
tw,0.13901853833926572,0.0,-0.7208831700865456,0.7222369028774789,0.6936803317728095,0.2746627041898236,0.0,-0.702965880469548,
1,0.0,0.0,0.0,0.0,0.0,0.0,0.0,0.0,
0,0.0,0.0,0.0,0.0,0.0,0.0,0.0,0.0,
