,ty,at,pt,rs,tq,tw,1,0,
ty,0.0,0.0,0.0,-0.6965046858274018,-0.17951331402681742,-0.7653045117046217,0.0,0.7286687639180605,
at,0.5322077133379312,0.0,0.1874129966656406,0.0,0.7367811337078128,0.6303891452533136,0.6394042474280495,0.7310383865733912,
pt,-0.06975808499349007,-0.7530431195482438,0.0,0.0,0.13077117323818763,-0.5737558869670591,0.0,0.0,
rs,0.6747801542493437,0.46375656734909426,0.7520731936608257,0.0,0.0,0.0,-0.5933937860973212,0.0,
tq,-0.7365741296676451,0.7790438139279523,-0.6788580671660974,0.16366209001503268,0.0,0.7544069998029883,0.7609189759001737,0.6626500294368652,
tw,-0.7343794335761648,0.7632715067803583,0.7604309288155063,-0.6265137917444101,0.0,0.0,0.0,0.0,
1,0.0,0.0,0.0,0.0,0.0,0.0,0.0,0.0,
0,0.0,0.0,0.0,0.0,0.0,0.0,0.0,0.0,
