,ty,at,pt,rs,tq,tw,1,0,
ty,0.0,0.6317742337425656,0.10137175848028186,0.7025202785265665,0.005840786612181957,-0.4640440612138718,0.6555464046636063,0.0,
at,0.0,0.0,0.0,-0.020937583814291928,0.7198390017706587,-0.6652412986772008,0.0,0.0,
pt,0.0,-0.6031256953746706,0.7148029556111269,0.0,-0.027363686192636023,0.5348499553256587,-0.23211561774178172,0.0,
rs,0.0,0.0,0.0,0.0,-0.7292026196708452,0.0,-0.6946781536124277,0.6824484754663782,
tq,-0.6828417827510853,-0.6789630086987843,-0.661235424301674,-0.5760593616728299,0.0,0.0,0.5836820847654469,-0.015788411095289157,
tw,-0.32265311296890686,0.0,-0.5274131538785628,0.46578941340993735,0.2100418601984835,0.0,0.3543948413481302,0.0,
1,0.0,0.0,0.0,0.0,0.0,0.0,0.0,0.0,
0,0.0,0.0,0.0,0.0,0.0,0.0,0.0,0.0,
