,ty,at,pt,rs,tq,tw,1,0,
ty,0.0,-0.029060065697385194,0.47301909402116776,0.6017789756067826,0.021612088425879524,0.0,-0.5294753877161302,0.42655300873448604,
at,-0.2552008177470224,0.01594969636638864,0.0,0.24822221305381517,0.648867811090845,-0.05169110542321798,-0.5742825505794097,0.0,
pt,0.2790288438326073,0.6310220311202759,0.0,0.12261794481420557,-0.3932708746999494,0.0,-0.45127443846255194,-0.5559370000869918,
rs,-0.5366273570263269,-0.2594970080878649,-0.103154747698222,0.4622785140708753,-0.40253120053311003,0.275963126798775,-0.022533985907869335,-0.010509034705602773,
tq,0.04567741855300256,0.20713077447615663,-0.2336036522170388,-0.3737577437203399,0.4301394343332512,0.1886050369108405,-0.4613032665331555,-0.46535530813392434,
tw,0.38891166360705814,-0.5097212857533597,0.0,-0.19292309604141905,0.4945254871945973,0.0,-0.4620169192557405,0.4642635851783263,
1,0.0,0.0,0.0,0.0,0.0,0.0,0.0,0.0,
0,0.0,0.0,0.0,0.0,0.0,0.0,0.0,0.0,
