,ty,at,pt,rs,tq,tw,1,0,
ty,0.0,-0.4741090711781356,0.24223292207231595,0.0,0.07193940993081713,-0.4640079785328193,-0.47787260639256285,0.6790555693111954,
at,0.0,0.0,-0.6343996968177193,0.07852838848936626,-0.4314827359598101,0.05549386002004255,0.5584911174722984,-0.48810774289698644,
pt,-0.49069432226118453,0.5662347489120616,0.0,0.46586449012175185,-0.06688933700099885,-0.47502664075737006,0.17726832409137377,0.5090570006152574,
rs,0.0,-0.6731635698266021,0.0,-0.3247390991016977,0.0,-0.05519029869047041,-0.26953426862470337,-0.2385760223255542,
tq,0.0,0.6503155502651302,0.0,0.4490257809170788,0.0,-0.23042918475433305,-0.5628213095947479,-0.7039334950218473,
tw,-0.43669435763392944,0.0,0.6164001752485664,0.0,-0.12770520318367917,0.0,-0.13627568878757332,-0.4434225951248429,
1,0.0,0.0,0.0,0.0,0.0,0.0,0.0,0.0,
0,0.0,0.0,0.0,0.0,0.0,0.0,0.0,0.0,
