,ty,at,pt,rs,tq,tw,1,0,
ty,0.0,-0.44509448859948486,0.0,0.0,0.0,-0.6417233077609423,-0.536978882148986,0.0,
at,-0.7399792652975844,0.0,0.0,-0.2940466947328618,0.0,0.0,0.0,0.0,
pt,0.0,-0.4786645706033791,0.0,0.0,0.0,-0.1598825899901185,0.0,0.0,
rs,0.0,-0.5976417804699078,0.0,0.0,0.0,0.0,0.0,0.2694529923459294,
tq,0.0,0.409926561308732,0.0,0.5377732671384159,0.0,0.6405338541446113,0.0,0.0,
tw,0.0,0.0,-0.6798998265467738,0.0,-0.07250310660203593,-0.6316404862460864,0.6986814060195286,-0.11377642854326325,
1,0.0,0.0,0.0,0.0,0.0,0.0,0.0,0.0,
0,0.0,0.0,0.0,0.0,0.0,0.0,0.0,0.0,
