,ty,at,pt,rs,tq,tw,1,0,
ty,-0.25114259492911384,0.14166530217348308,0.36051944819131265,0.41668685278181816,-0.6137164910302706,-0.6533215975839957,-0.13646485191723293,0.1693513879514845,
at,-0.08717056676378303,0.5154650033407686,0.5579229725969422,0.4716685648260557,0.43675828676103634,-0.5114334548721298,0.0,-0.34842132274273707,
pt,0.5925499576507618,-0.6611812780570239,-0.4495865800138344,-0.30617330461233483,-0.3098639354713529,0.5331705541712058,-0.10985899535859572,0.6028861993849337,
rs,0.6671643228191155,-0.4077046948456576,0.48094387860550875,0.0,-0.36587997662936433,-0.4197229547586295,-0.6137830992950516,0.4045183281404037,
tq,-0.5675168315177728,0.6675147704748053,-0.6444070911658042,-0.2751683211219447,0.0,0.32648633012688016,0.5137113804276625,0.3607077817023157,
tw,0.5030828736567656,0.5680347972634983,-0.5979688242897135,6.89589117539418E-4,0.6478724617708335,0.4605705047693896,0.3131056973985124,0.3933182850957649,
1,0.0,0.0,0.0,0.0,0.0,0.0,0.0,0.0,
0,0.0,0.0,0.0,0.0,0.0,0.0,0.0,0.0,
