,ty,at,pt,rs,tq,tw,1,0,
ty,0.0,0.4766107552739969,0.0,0.7612638195703244,0.0,0.0,0.49098425856155453,0.0,
at,-0.4657976252693813,0.0,0.31626787516458477,-0.3872010176029989,0.0,0.0,0.0,0.0,
pt,0.0,0.0,0.0,0.0,0.0,-0.7446601455041971,-0.4391223162898769,0.0,
rs,-0.09402093215794957,0.5790658129407196,0.0,0.0,-0.47388032225907717,0.0,-0.7375702758669652,0.49416670409061303,
tq,0.0,0.0,-0.685961756244981,0.0,0.0,0.8083199293742152,0.0,0.0,
tw,0.0,0.0,-0.1473469180253229,0.0,0.0,0.0,0.17104176273538804,0.0,
1,0.0,0.0,0.0,0.0,0.0,0.0,0.0,0.0,
0,0.0,0.0,0.0,0.0,0.0,0.0,0.0,0.0,
