,ty,at,pt,rs,tq,tw,1,0,
ty,0.0,0.07739243408451754,-0.5285731146184975,0.4456575270003974,0.21941195296349175,0.0,0.0,-0.6783590518661996,
at,-0.3162028538061459,0.0,-0.40384422348030347,-0.5738365404608239,0.0,-0.22650865677787593,-0.7461568921468855,-0.7287240277480254,
pt,-0.22585894192070416,-0.6069343328132996,0.0,0.6314868190552336,0.0,0.3170362900747921,0.0,0.2100225610576369,
rs,-0.5042365166723647,0.0,0.6144462238872038,0.7457850560313369,0.7042504535673179,0.75681689407338,0.0,0.741155210491076,
tq,-0.7094307384507661,0.0,0.0,0.12690251148404916,0.0,-0.7505883603981215,0.3362060085278671,-0.1528611062678358,
tw,0.21337628615795587,-0.33198179514021353,-0.4946518206159236,-0.22599707378661274,0.05476565867562918,0.0,-0.34447282671953294,-0.14673605556930144,
1,0.0,0.0,0.0,0.0,0.0,0.0,0.0,0.0,
0,0.0,0.0,0.0,0.0,0.0,0.0,0.0,0.0,
