,ty,at,pt,rs,tq,tw,1,0,
ty,0.0,-0.7158682132855566,0.5848745926297356,0.6445435814367957,-0.702659735018864,0.5635225158644674,-0.7109625431307477,0.6240057328308629,
at,-0.11129979262708242,0.0,0.7189497496087773,-0.6577789780948541,0.6546271130626891,0.5944755513706734,0.0,0.0,
pt,0.5934358873637098,-0.04548426582317793,0.0,0.6993094319472277,0.642377176109974,-0.27738248305601454,-0.6368782951754274,-0.3598694975551104,
rs,0.0,-0.7184818153821461,-0.5570936384588973,0.7057887044587531,0.6277546978083757,-0.5255721179385802,-0.7045731569884862,-0.6257345572336475,
tq,-0.6864887680241202,0.6528519218679929,-0.49009720148797614,-0.1855826554218554,0.7325835885502088,0.5836928954096907,0.4477569189485968,0.6821323617573045,
tw,0.5777271322560312,0.26354576536993035,-0.6468567195181619,-0.29879014069807963,0.0,0.0,0.689161478813426,-0.6698035978153445,
1,0.0,0.0,0.0,0.0,0.0,0.0,0.0,0.0,
0,0.0,0.0,0.0,0.0,0.0,0.0,0.0,0.0,
