,ty,at,pt,rs,tq,tw,1,0,
ty,0.0,0.0,0.0,-0.304270364925595,0.2524384947419333,0.5665657637538883,0.0,0.5076432313153677,
at,-0.642497756874317,0.0,-0.5939953977242534,0.0,-0.004830837988127495,0.5745140893535395,0.6372642780832799,-0.12086791663613343,
pt,0.430934112026626,-0.6192877001473123,0.0,0.0,-0.5723517852947237,-0.543638612576398,0.0,0.0,
rs,0.647207642830479,-0.4289740715368942,-0.41112917670494314,0.0,0.0,0.0,-0.535936966093748,0.0,
tq,-0.33420019173252885,0.6079029870371562,-0.4163704915128239,0.6195013772248028,0.0,0.249072022014305,0.6064433061118946,0.3222195310793057,
tw,0.6421186082366224,0.6472616023224949,0.5235058339054236,-0.13245727831380757,0.0,0.0,0.0,0.0,
1,0.0,0.0,0.0,0.0,0.0,0.0,0.0,0.0,
0,0.0,0.0,0.0,0.0,0.0,0.0,0.0,0.0,
