,ty,at,pt,rs,tq,tw,1,0,
ty,0.0,0.4059777367279818,-0.5026065225332761,0.0,-0.12914104859749057,0.6358743011714764,0.0,0.0,
at,-0.32250184636174584,0.0,0.0,0.0,0.6251481119336041,0.37303384641235404,0.0,0.49408236055711885,
pt,-0.5544410557834009,0.45269774666623275,0.0,0.0,0.0,0.0,0.4944989875577594,0.0,
rs,-0.6164669524815207,0.0,-0.6923097712887215,0.0,0.0,-0.46066831917435747,0.0,0.0,
tq,0.0,0.0,0.5579712086625934,0.0,0.0,0.0,0.0,0.0,
tw,-0.37484830355691806,0.0,0.0,0.29537381907753885,0.0,0.0,0.0,0.0,
1,0.0,0.0,0.0,0.0,0.0,0.0,0.0,0.0,
0,0.0,0.0,0.0,0.0,0.0,0.0,0.0,0.0,
