,ty,at,pt,rs,tq,tw,1,0,
ty,0.0,0.0,-0.3359810917980963,0.0,0.0,-0.33783259019383377,-0.28884815969683614,0.0,
at,0.0,0.0,0.0,0.37667438738680226,0.0,0.22742873900260024,0.43328288233626516,-0.5848899133290381,
pt,-0.453628290521206,-0.38492191205284493,0.0,0.0,0.0,0.0,0.038773415600668514,0.0,
rs,0.05099375564896934,-0.16230604306383453,-0.7659645873914638,0.0,-0.6621484602470595,0.0,-0.30256753895623667,0.27721306267987644,
tq,-0.7919144333110111,0.653323065100337,0.0,0.11384257845535965,0.0,0.0,0.15783571114537662,0.36629530429524204,
tw,0.0,0.0,0.0,0.0,0.0,0.4732571125460317,0.0,-0.0015182910192393447,
1,0.0,0.0,0.0,0.0,0.0,0.0,0.0,0.0,
0,0.0,0.0,0.0,0.0,0.0,0.0,0.0,0.0,
