,ty,at,pt,rs,tq,tw,1,0,
ty,0.4942943623916444,0.27704566829353755,0.018644030608453904,-0.34625556879638786,-0.1655950476498084,-0.6253578230057922,0.4630076306670965,0.700897378303796,
at,0.19772495433898946,0.45658274152528855,-0.5798655797602768,-0.3198829284678866,0.5550395064150183,-0.3073268342216327,-0.656272170049423,0.3916614625750482,
pt,0.6459838652766724,-0.5109724144223926,-0.15635659372925229,-0.2009865263591963,-0.08583662270582947,-0.188971973235245,-0.26781500779025685,-0.3695719669714409,
rs,-0.4736383678494179,-0.6923843208603876,-0.5903068641083498,-0.6777352087273297,-0.6727347449991193,0.2025477993922687,-0.6048559607605534,0.4570813446186024,
tq,-0.32887199386219085,-0.1379072379381618,0.5634162519152275,0.37758548942417963,0.5740991462891335,0.6531213453435657,-0.3580238336742109,-0.4710918255716322,
tw,0.5295630794985814,-0.2629383859097378,-0.016805173940083275,0.6642089799665248,0.6695224959360552,-0.5098113213198213,-0.6151771693088994,-0.5438768711080813,
1,0.0,0.0,0.0,0.0,0.0,0.0,0.0,0.0,
0,0.0,0.0,0.0,0.0,0.0,0.0,0.0,0.0,
