,ty,at,pt,rs,tq,tw,1,0,
ty,0.0,0.2590052926246983,-0.659062325811978,0.3282732615096108,0.0,0.0,-0.40921353731109117,0.0,
at,0.41344971811221587,0.6647471017043237,0.0,0.0,0.0,0.40055999198352316,0.0,-0.4138059278397326,
pt,-0.6572238780151799,-0.3750347507681965,0.0,0.0,-0.4871277190002964,0.0,0.4617782201108296,-0.5552259098674479,
rs,0.0,-0.6309524172187272,0.0,0.6982841567901428,0.0,-0.5967119903416291,-0.6774790689005029,0.6806039253586122,
tq,0.0,-0.560764433876507,-0.2453151950477345,-0.013664353724912797,0.0,0.6824231367470703,0.6735159074751406,0.6736493413678706,
tw,0.0,0.3893332425319295,0.0,0.0,0.6228638092446201,0.0,0.589523299691568,0.22559701086805048,
1,0.0,0.0,0.0,0.0,0.0,0.0,0.0,0.0,
0,0.0,0.0,0.0,0.0,0.0,0.0,0.0,0.0,
