,ty,at,pt,rs,tq,tw,1,0,
ty,0.0,0.0,-0.7288156308679203,0.5930167777664608,0.7183437299082911,-0.1256179547696524,0.6006630632438715,0.5183955929973807,
at,-0.5303104834046521,0.39184797201130317,0.7046212560747812,0.7139529832445446,0.0,0.7197170825206579,-0.7040361430266767,0.7205555201269838,
pt,-0.7072994144145865,0.0,0.0,0.0,0.18145752975970159,0.6106781783216847,0.7182209279827065,0.6457107369034928,
rs,-0.6993716269503613,0.6835810485181525,-0.6958048050683113,-0.7275869450557962,-0.6935189457757509,-0.46347152640941547,0.0,0.0,
tq,-0.6068559031248891,-0.7326318510085925,0.0,0.6814670565852505,0.0,0.5820156908455574,0.0,-0.6525509643084472,
tw,0.735681068411011,0.0,0.7370085518700694,0.0,0.6160712743717232,0.0,-0.7115467212492393,-0.7182372546695016,
1,0.0,0.0,0.0,0.0,0.0,0.0,0.0,0.0,
0,0.0,0.0,0.0,0.0,0.0,0.0,0.0,0.0,
