,ty,at,pt,rs,tq,tw,1,0,
ty,0.0,-0.2532731190523548,0.7145089174012538,0.3841143930030247,0.0,0.0,0.7176637652422486,0.0,
at,-0.66694621464537,0.686188172717271,0.0,0.0,0.0,0.6810696247883061,0.0,0.6883002561177068,
pt,-0.6828449667947987,-0.6881349014359104,0.0,0.0,0.3211482467390713,0.0,0.24967155394452262,0.662510721971332,
rs,0.0,0.6503092127162228,0.0,0.5256840359321723,0.0,-0.7229724189569052,-0.5432907526869906,0.706918870316471,
tq,0.0,0.7058005009047912,0.3172766322678329,0.20133639080350318,0.0,0.6666174780254313,-0.6636638295767863,-0.5839237520521215,
tw,0.0,0.6013680148275375,0.0,0.0,-0.12498628065256204,0.0,0.6988765800943137,-0.657263376739116,
1,0.0,0.0,0.0,0.0,0.0,0.0,0.0,0.0,
0,0.0,0.0,0.0,0.0,0.0,0.0,0.0,0.0,
