,ty,at,pt,rs,tq,tw,1,0,
ty,-0.592864168546877,-0.6837684055961147,-0.5616084209962829,0.07206008384647725,-0.2801059858902168,0.00929699561896571,-0.5936463022731148,-0.6746148310929315,
at,-0.550973016641635,0.37889802958252866,0.5249845298503748,0.46794580229047567,0.6601397693075072,0.6562407224800423,0.616849892586331,0.5857106309973719,
pt,0.5290628479829489,0.6302269883436901,0.6464940175295423,0.38670350929576414,0.6390625169470605,-0.5175933910202296,0.06550490229563964,-0.6780508430305918,
rs,0.019990771537127087,-0.6282661673174916,-0.6105901496656306,0.566239831402806,0.5386986126824458,-0.6012998015311404,-0.42142660461242454,0.6148623723230189,
tq,-0.5620023485435326,0.5430640376732652,-0.6156425723497244,-0.5326397250534196,0.6251359751245852,0.5355262556765887,-0.35733380546860405,0.5919754205822298,
tw,-0.5711347577604091,-0.6374143745988382,-0.5048519612312421,0.16432610783038232,-0.586042285240701,0.35133908467722685,-0.3798479192279102,-0.5523492065588501,
1,0.0,0.0,0.0,0.0,0.0,0.0,0.0,0.0,
0,0.0,0.0,0.0,0.0,0.0,0.0,0.0,0.0,
