,ty,at,pt,rs,tq,tw,1,0,
ty,-0.5951756111049473,0.46661038156147683,-0.6853548834400781,-0.6968885031507426,-0.52960812968364,-0.6668862164789997,-0.6875406680174829,0.5931913769506824,
at,-0.6383124368146338,0.6956412404973671,0.6298977485741881,-0.5265334784232714,0.6173376951530936,0.7214679524381846,-0.5866014548033002,0.6598778496131953,
pt,-0.4971583590444287,0.6007976291534031,-0.5806907533767071,0.6102446291260468,-0.4348396893396498,-0.591366969975452,-0.005717264875641858,-0.6648392246925904,
rs,0.653132426715444,0.6547547002128242,0.46008440178033805,-0.6888976923041765,-0.6034913330316524,0.6392094457301816,-0.4238113619908182,0.7144142432747504,
tq,-0.33686888103353696,0.5563035939840035,0.08746586924617908,-0.6929062979148244,0.7011984075836143,-0.40211071804091725,0.5884169816875496,-0.6226865962263464,
tw,-0.7225006181920741,0.12446902550748,-0.615430305332734,-0.15919866995834803,0.31450691057047825,-0.6959361101503581,-0.5884496815144992,0.666773977177738,
1,0.0,0.0,0.0,0.0,0.0,0.0,0.0,0.0,
0,0.0,0.0,0.0,0.0,0.0,0.0,0.0,0.0,
