,ty,at,pt,rs,tq,tw,1,0,
ty,0.0,0.0,-0.7490853998477999,0.0,0.43834030461182283,0.42112610502299747,0.0,0.723062157692887,
at,0.5329684683553944,0.0,0.0,0.0,0.0,0.0,0.0,0.0,
pt,0.7475830301166514,-0.7463892245905375,0.0,-0.7553060754410795,0.0,0.0,0.7512932794133069,0.0,
rs,0.7365106231306524,0.0,0.0,-0.6790240316226359,0.0,-0.6739276710819635,0.0,0.7437253576326072,
tq,0.7558257630004331,-0.7165355116116685,0.7517145065781324,0.0,0.7527187223454412,-0.7387164747469595,0.667896549658222,-0.05743486838366022,
tw,0.18030885616442455,0.0,0.0,0.0,0.0,-0.74833727853957,-0.7413918269461143,0.0,
1,0.0,0.0,0.0,0.0,0.0,0.0,0.0,0.0,
0,0.0,0.0,0.0,0.0,0.0,0.0,0.0,0.0,
