,ty,at,pt,rs,tq,tw,1,0,
ty,0.0,-0.37780484367879996,0.4542423385674041,0.0,-0.49599596388259254,-0.6977020537210048,0.413720941572623,0.26359745802915396,
at,0.0,0.0,0.48324448336027487,-0.038575037788271434,0.5305060777849555,0.5910559216057845,-0.44192472547291906,-0.4629684846683607,
pt,-0.6596933917663302,0.46652459572672167,0.0,0.40091660595074563,-0.6574382754666512,-0.4866847491506345,0.5506945719547037,-0.4062136958548796,
rs,0.0,-0.7073626827143351,0.0,0.7119363606480521,0.0,-0.27688520741661476,-0.5893476132498996,0.4165942753701504,
tq,0.0,-0.6007093051306055,0.0,0.0018748902741759035,0.0,0.18467692748451023,0.4913927749842645,-0.582988591930513,
tw,0.4069856725889916,0.0,0.5433019785583986,0.0,0.6300074600139325,0.0,-0.5184092428181548,0.6898566689971575,
1,0.0,0.0,0.0,0.0,0.0,0.0,0.0,0.0,
0,0.0,0.0,0.0,0.0,0.0,0.0,0.0,0.0,
