,ty,at,pt,rs,tq,tw,1,0,
ty,0.0,0.0,0.0,0.5327162007252482,0.30322938807138644,0.5227784757936117,0.0,0.5628797231739804,
at,-0.6157518893382862,0.0,0.0,-0.3439487731078396,0.0,0.0,0.0,0.6393057629065719,
pt,0.6201138655949363,-0.49454536538947214,0.0,0.0,0.0,-0.3336986853802188,0.0,0.0,
rs,0.0,0.5892550852160078,-0.5035536133746914,0.0,0.0,0.0,0.0,0.5878894043106375,
tq,-0.0063284118881254915,-0.562174656968241,0.0,0.43088046538051833,0.0,0.5769062201129057,0.6065241621447612,0.0,
tw,0.0,-0.370383596428083,-0.553874730341639,0.3253953956407621,0.0,0.0,0.5845902356403001,-0.6017037702633269,
1,0.0,0.0,0.0,0.0,0.0,0.0,0.0,0.0,
0,0.0,0.0,0.0,0.0,0.0,0.0,0.0,0.0,
