,ty,at,pt,rs,tq,tw,1,0,
ty,0.0,-0.016884971977291698,0.0,0.0,-0.5697851545182823,-0.5735071671107916,0.0,0.04827542174580599,
at,0.08526724945910959,0.0,-0.02560987057851826,0.28062798882142653,0.0,0.0,0.0,0.0,
pt,0.0,0.6608502794888665,0.0,0.1801067941675263,-0.5992411626346191,0.6265223235565125,-0.3638199783815126,0.0,
rs,0.2092661283604201,0.0,0.6510407874563012,0.6560897113660987,0.3394728904959728,-0.07422323874463085,0.0,0.0,
tq,0.0,0.3488348798623596,0.0,0.04007267627890666,0.0,0.0,0.0,-0.41403910632904983,
tw,-0.08140642930289245,0.0,0.0,-0.3077527114074052,0.09599571735162225,0.0,0.0,0.0,
1,0.0,0.0,0.0,0.0,0.0,0.0,0.0,0.0,
0,0.0,0.0,0.0,0.0,0.0,0.0,0.0,0.0,
