,ty,at,pt,rs,tq,tw,1,0,
ty,0.0,0.6260004354722482,0.5992916637483856,0.646892006383538,0.6280640436770303,0.5541099303761877,-0.6358309384934507,-0.2840381679536376,
at,-0.3198902973193335,0.0,-0.6007261404122523,0.0,-0.6023082702800546,0.0,0.30615098437964033,0.0,
pt,0.0,0.4652652821270507,-0.5009859787529262,0.6717702641460951,-0.4773475117579347,0.0,-0.6871786708355371,0.25974795995459476,
rs,0.0,-0.4772023594411463,0.0,0.0,-0.5638696437771828,-0.6739222412715486,0.0,0.6858118317421527,
tq,0.0,0.0,0.0,0.0,0.0,-0.27217858590485683,0.0,-0.48528541205659276,
tw,0.6550320497133227,0.0,0.0,-0.573916805690536,-0.1956554014388743,0.0,0.5533691524663581,-0.6316914371422189,
1,0.0,0.0,0.0,0.0,0.0,0.0,0.0,0.0,
0,0.0,0.0,0.0,0.0,0.0,0.0,0.0,0.0,
