,ty,at,pt,rs,tq,tw,1,0,
ty,-0.6754823977533385,0.07584152356685335,0.7204221847121188,0.1605058436479618,-0.6942195880605552,-0.15863090835198548,0.5693703463817342,-0.6281606801336616,
at,0.30835430594891494,0.0,0.27565694237458455,-0.4466135710038852,0.3833402523488573,0.710605225530813,-0.48596860550224524,-0.3633444073600466,
pt,0.0,0.6490404766454397,-0.4619316773157921,0.5324972353522014,-0.6919778298457245,-0.5897307534245727,0.7208507851556644,-0.505066638813386,
rs,0.7045624187213992,-0.5125275294625873,0.038707544110047475,0.7370073413471422,0.4942467768684767,-0.4619669587517311,-0.596128520561858,0.7341956747587446,
tq,0.0,0.5210447370355394,-0.36311232770712404,0.5772505427971022,-0.5248501817610262,-0.03543510030069908,0.5570712277673693,-0.6632603792676312,
tw,-0.5704774699911654,0.7232975459595665,0.6462430607032629,-0.058746373248837275,-0.48817987297808785,0.7211250166824298,0.5332759859705963,-0.4975616161782006,
1,0.0,0.0,0.0,0.0,0.0,0.0,0.0,0.0,
0,0.0,0.0,0.0,0.0,0.0,0.0,0.0,0.0,
