,ty,at,pt,rs,tq,tw,1,0,
ty,0.3474430766570882,-0.3161435060962449,-0.5413161513428315,-0.35706823721733216,0.35821200893358734,-0.24813550073896526,-0.4737641847030909,0.5072572803620409,
at,0.38326071143868595,-0.09745505601984801,0.0,0.0,0.5660829635207234,-0.5494309026804761,0.531002929096754,0.5087148309317568,
pt,0.34760515118703117,-0.526324269827239,-0.5381130034063276,0.0,-0.5425358833081266,-0.5340708288159198,0.42376005654747806,-0.44014871565778213,
rs,0.6791277941264844,-0.2960658650154344,-0.5635046497947046,0.0,-0.4107911259592237,-0.45420757120222144,-0.07840154239758458,0.49295431827860686,
tq,-0.6394302476214694,0.6507679433576501,0.5695923209034801,0.0,0.0,0.0,0.0,0.14716584927909943,
tw,0.5342301041315632,-0.5375492930401757,-0.4951130239753198,0.3428388793915775,0.4021897438616193,0.4008806106683924,0.5000931461091507,-0.31020579873427145,
1,0.0,0.0,0.0,0.0,0.0,0.0,0.0,0.0,
0,0.0,0.0,0.0,0.0,0.0,0.0,0.0,0.0,
