,ty,at,pt,rs,tq,tw,1,0,
ty,0.5093447897087218,0.0,-0.520799667562047,0.575948227735254,0.0,0.0,0.0,-0.6354880927092735,
at,0.10769367584583596,-0.12614027117623058,0.0,0.0,0.22578841538778463,0.0,0.0,0.0,
pt,0.0,0.0,0.0,0.1461444681846803,0.0,0.1609762589013163,-0.03247536935235763,0.0,
rs,-0.3460947882342652,-0.6785485630342185,0.0,0.0,0.0,0.0,-0.6740565441124254,0.5027287017647993,
tq,0.0,0.0,0.0,0.0,0.0,0.0,0.0,-0.5696521351836065,
tw,0.517331890942918,0.0,0.0,-0.003563967579750666,0.0,0.0,0.0,0.0,
1,0.0,0.0,0.0,0.0,0.0,0.0,0.0,0.0,
0,0.0,0.0,0.0,0.0,0.0,0.0,0.0,0.0,
