,ty,at,pt,rs,tq,tw,1,0,
ty,0.0,-0.32172121486429306,0.0,-0.14924262223574422,-0.6418525550402897,0.0,-0.5202197903624892,0.0,
at,-0.5421961109556771,0.0,0.1453136111550876,0.4685359129497081,-0.6143007575706876,-0.3866618794958628,0.5262770541261116,-0.1099464218033859,
pt,-0.4880250892780393,-0.18135786787998925,0.0,0.0,-0.42210962598071505,-0.5953736882953504,0.0,-0.022184139184745367,
rs,0.0,-0.3364508472078702,-0.6166692396797591,0.0,-0.32830786441678894,0.516704884441333,-0.4236415855565827,0.2763854005838711,
tq,0.0,0.4902800529331363,0.0,0.0,0.0,-0.5716754646622171,0.3454736662546694,-0.3194353429444881,
tw,0.0,0.0,0.0,-0.33089735015255023,0.0,0.0,-0.09067271254240046,0.0,
1,0.0,0.0,0.0,0.0,0.0,0.0,0.0,0.0,
0,0.0,0.0,0.0,0.0,0.0,0.0,0.0,0.0,
