,ty,at,pt,rs,tq,tw,1,0,
ty,0.0024458588555433813,0.0,0.0,0.0,-0.09365126373208077,0.9566021512585641,0.0,0.0,
at,0.0,0.0,0.3880018265830949,0.0,0.0,0.0,0.0,-0.330201967746522,
pt,0.0,0.0,0.0,-0.45228189787605677,0.0,0.7680839214762933,0.0,0.5203134427426659,
rs,0.5412736673018077,0.28809404371890923,0.07508586374831627,0.0,0.0,0.0,0.5768899433791888,-0.9488748584860984,
tq,-0.1597351940027687,-0.8942949707753374,0.312183862456771,0.8374827540601033,0.0,0.7652694777976501,0.7551732315103652,0.0,
tw,0.007064228910625747,0.0,0.8869563046210063,0.0,0.0,-0.42191686752208457,-0.6271758825583857,0.0,
1,0.0,0.0,0.0,0.0,0.0,0.0,0.0,0.0,
0,0.0,0.0,0.0,0.0,0.0,0.0,0.0,0.0,
