,ty,at,pt,rs,tq,tw,1,0,
ty,-0.3667113851768464,0.0,-0.3445531553845779,0.45443843433482267,0.0,0.0,0.0,-0.16448072408079611,
at,0.36119869557895284,-0.05512849972977665,0.0,0.0,0.28440668327897783,0.0,0.0,0.0,
pt,0.0,0.0,0.0,0.30331669782714193,0.0,0.23332974966058245,-0.283134527071468,0.0,
rs,0.5777632994588825,-0.41203906723713685,0.0,0.0,0.0,0.0,0.3345976256068972,0.7168332641422265,
tq,0.0,0.0,0.0,0.0,0.0,0.0,0.0,-0.5048847712974235,
tw,-0.1405948644282946,0.0,0.0,-0.1285092797406653,0.0,0.0,0.0,0.0,
1,0.0,0.0,0.0,0.0,0.0,0.0,0.0,0.0,
0,0.0,0.0,0.0,0.0,0.0,0.0,0.0,0.0,
