,ty,at,pt,rs,tq,tw,1,0,
ty,0.44215970316004605,0.0,-0.6186133821751917,0.38651932821978996,-0.11116442760608536,0.44801360215879055,-0.5580712375729776,0.0,
at,-0.17403594927423813,0.0,0.3150289118855284,-0.5618394890613493,-0.5762569270534913,0.6778573170748294,-0.36795836842744,-0.30179888424854495,
pt,0.0,0.0,-0.40026123601821867,0.0,0.24374372660365917,0.6389437468367335,0.5689992127044384,-0.2524454679803985,
rs,0.6048491338996874,-0.6101509270629853,-0.34948938550426,-0.4123203966672029,-0.4133484045277378,0.3827809194689528,-0.43054434904273264,-0.39811944084308026,
tq,-0.5596494935997341,0.0,0.6331611672175551,0.36023347329020233,-0.7105542284314549,0.30324557942938424,0.0,0.038423080254844436,
tw,0.1165272304430049,0.7408337862320306,0.6802959800183402,0.2486300285356985,-0.5578914042617359,0.16858213157231866,0.2809370054910451,0.5151996792566211,
1,0.0,0.0,0.0,0.0,0.0,0.0,0.0,0.0,
0,0.0,0.0,0.0,0.0,0.0,0.0,0.0,0.0,
