,ty,at,pt,rs,tq,tw,1,0,
ty,0.0,0.2703971915375433,-0.6219029550025782,0.0,0.5207020772315171,-0.4208023578791409,-0.6468659587899741,0.49258429195064907,
at,0.0,0.0,0.4670474523056004,-0.11123117337582726,0.521326371108041,-0.6766657045536887,-0.2478509618507415,-0.48852940049151694,
pt,-0.4907754766181977,-0.46613869021582355,0.0,0.4517691395656171,-0.6837012965773434,0.4639417327138505,0.37894915014785135,-0.4956538078784339,
rs,0.0,0.4248019198744214,0.0,0.3422814577581021,0.0,0.26797596558052056,-0.4414166176589625,0.4196577295822689,
tq,0.0,-0.29537161572565,0.0,0.15331767090497922,0.0,0.4841642977949577,0.11692751264121452,-0.6463306568480772,
tw,-0.2625754367662643,0.0,0.4100156407606747,0.0,-0.6451930757559753,0.0,-0.24120588330998968,-0.37430441999425285,
1,0.0,0.0,0.0,0.0,0.0,0.0,0.0,0.0,
0,0.0,0.0,0.0,0.0,0.0,0.0,0.0,0.0,
