,ty,at,pt,rs,tq,tw,1,0,
ty,0.0,-0.6529924592852958,0.0,0.0,0.0,0.502756074288213,-0.27464326688383184,0.0,
at,0.371343253180584,0.0,0.0,-0.6956382407210937,0.0,0.0,0.0,0.0,
pt,0.0,-0.6150146431120388,0.0,0.0,0.0,0.1603396096975614,0.0,0.0,
rs,0.0,0.07566108020833555,0.0,0.0,0.0,0.0,0.0,0.719429029266187,
tq,0.0,-0.7205622563630805,0.0,-0.7078069420058183,0.0,0.5013733863365404,0.0,0.0,
tw,0.0,0.0,-0.6136933387285037,0.0,-0.37123400947682905,-0.5276112542377347,-0.023327225701165657,-0.7105773249317939,
1,0.0,0.0,0.0,0.0,0.0,0.0,0.0,0.0,
0,0.0,0.0,0.0,0.0,0.0,0.0,0.0,0.0,
