,ty,at,pt,rs,tq,tw,1,0,
ty,0.6808367973710954,0.0,-0.21250134407072535,0.6848074675245808,0.0,0.6935777170362947,-0.616815642957113,-0.6179103329059236,
at,0.5876515985274098,0.6199878165779309,0.6156828368122146,-0.3792065168354617,0.5002483905844809,0.5625132004016777,0.539251083480712,0.0,
pt,0.6574622016538451,-0.5989332293605083,0.0,0.6105084642311864,-0.48388737667898074,0.20377828603472165,-0.6188818265009862,0.6788135508061327,
rs,0.0,-0.5834580894731852,0.5224255443190304,0.0,-0.5275023458203435,0.6483128761588802,0.577848185869898,0.0,
tq,-0.13470875232561402,0.6891222256092493,-0.5076095190386306,0.522547629014234,0.2804120573729286,0.6503926488435192,0.5402991753699806,-0.5911685473008916,
tw,0.0,0.2130895030612884,-0.48058087962192636,-0.4816084094361321,0.601766059303757,0.649945285212381,-0.6155354568903426,0.5587534661658814,
1,0.0,0.0,0.0,0.0,0.0,0.0,0.0,0.0,
0,0.0,0.0,0.0,0.0,0.0,0.0,0.0,0.0,
