,ty,at,pt,rs,tq,tw,1,0,
ty,-0.2504772940117442,0.33939922452740157,-0.3623061243760838,0.1457786619881836,-0.19779710238380674,-0.6295667517919845,-0.5752870945227926,-0.6258685259561594,
at,-0.2868730190522782,-0.6598093979518938,0.6401512531968497,0.027006595670727232,0.4739494429712375,0.5693604760658662,0.420088666021491,-0.5344835790440607,
pt,-0.3951438773719236,-0.6136942986896028,-0.6177290160555516,0.45899991133706786,0.0203877488726938,-0.6121561945533928,0.6625154257625019,0.681884622538465,
rs,-0.5264673880184698,-0.606112015251489,0.46965803717367344,0.6072195311223748,-0.6872598972967375,0.36932784595222706,-0.5752402899478162,0.6697581777830325,
tq,0.015596823900686367,-0.6472138901994665,0.6522937331755018,0.0465920703848646,0.6278570008240019,0.6056592833731429,0.6714473144234252,0.5233190961771437,
tw,0.5613031833722271,-0.6653428664207027,0.6648290507713068,-0.5747976926648003,0.4441479353263689,-0.3339840966212244,0.3288313445346832,0.5703948473508366,
1,0.0,0.0,0.0,0.0,0.0,0.0,0.0,0.0,
0,0.0,0.0,0.0,0.0,0.0,0.0,0.0,0.0,
