,ty,at,pt,rs,tq,tw,1,0,
ty,0.0,-0.5796952235393353,-0.5431847494351116,0.6964730598402799,-0.6542505176583636,0.6405319522014578,-0.6700862832495741,0.08834035748774172,
at,-0.6420874458583626,0.0,-0.3872231643703623,-0.5869664063711623,0.3872988555589767,0.26227078732880754,0.0,0.0,
pt,0.057444572359873,-0.2615037869673818,0.0,0.5049513856230384,-0.6796937492825015,-0.09761396314720912,0.421767178712087,0.3292179485350754,
rs,0.0,-0.5364579396944814,0.5742826226210149,0.6557412430501003,-0.24917046214542948,-0.5912207200137749,-0.2799522468464651,0.6639452579988754,
tq,0.6525084091504573,0.6536794301779832,0.13996682280237455,-0.09155114245792949,0.08974129474126817,0.3779237789380227,0.22031331028581677,-0.5936482618967096,
tw,-0.5000667179842356,-0.6352713116660472,-0.1290025901072655,-0.1892264926635022,0.0,0.0,0.3172981371755885,-0.46638585118942516,
1,0.0,0.0,0.0,0.0,0.0,0.0,0.0,0.0,
0,0.0,0.0,0.0,0.0,0.0,0.0,0.0,0.0,
