,ty,at,pt,rs,tq,tw,1,0,
ty,0.0,0.35706094540120326,0.34710961108492566,0.3127407684647777,-0.495681946836131,0.0,0.0,0.6500234501056944,
at,-0.45157446582219035,0.0,-0.65319190147415,0.20674005649267366,0.0,-0.1665749776738559,0.3580446021886926,-0.12447160913010935,
pt,-0.49402577122678776,0.549395820186612,0.0,0.22693708913718635,0.0,-0.009984943610794585,0.0,-0.4145973375200004,
rs,0.4866003242646562,0.0,-0.300887599313206,0.6707699573860559,0.31236951230790583,-0.4948979514371204,0.0,0.5958328380177649,
tq,0.5454064462607274,0.0,0.0,-0.20059799324522976,0.0,-0.37918730762388486,0.6849435457571125,0.6246053698068716,
tw,-0.6658901789088256,0.48467599921629506,-0.3801843478634199,-0.11956598057505136,0.3541593851249529,0.0,0.6321972414612539,0.33512407799277616,
1,0.0,0.0,0.0,0.0,0.0,0.0,0.0,0.0,
0,0.0,0.0,0.0,0.0,0.0,0.0,0.0,0.0,
