,ty,at,pt,rs,tq,tw,1,0,
ty,0.0,-0.22427381139505803,0.0,0.0,0.0,-0.23396202070007072,0.43120832803215675,0.0,
at,-0.18161989826126226,0.0,0.0,-0.14225477887908786,0.0,0.0,0.0,0.0,
pt,0.0,-0.32231985028067056,0.0,0.0,0.0,-0.6666720778483941,0.0,0.0,
rs,0.0,0.7049257511785098,0.0,0.0,0.0,0.0,0.0,-0.05969027065443017,
tq,0.0,0.6264608721790078,0.0,-0.40448649382567464,0.0,-0.260425100880084,0.0,0.0,
tw,0.0,0.0,0.7288477984975463,0.0,-0.1105642428099233,-0.3252890482402578,-0.7842836175975323,0.2714929535113244,
1,0.0,0.0,0.0,0.0,0.0,0.0,0.0,0.0,
0,0.0,0.0,0.0,0.0,0.0,0.0,0.0,0.0,
