,ty,at,pt,rs,tq,tw,1,0,
ty,0.0,0.03273535182934942,-0.7127341701918456,0.0,0.7141655970146643,0.7250950333614482,0.5388214558032751,0.5387906940228249,
at,-0.5629880499544265,0.0,-0.017404959275935092,-0.5488953797590098,-0.6486971028381167,0.5386205161492168,-0.5238473159970809,0.42143859499355407,
pt,-0.6761771122087343,0.3419483964149849,-0.1795158822243051,-0.6468319079169799,0.6030570358065953,0.0,0.1602817395351534,-0.5649221864855125,
rs,0.6727240865421044,-0.7423267540750316,-0.5843704706309596,0.0,0.7628826349109721,-0.5344272202539714,0.0970521563419384,-0.6182240037458805,
tq,0.5435194333982594,0.39989115514435786,0.44176724294874153,0.15808875492573987,0.0,0.7221763149397716,-0.347113291068503,0.6091534929306902,
tw,0.47286280507139955,-0.16885672042580316,0.0,-0.6594067486627041,-0.31670084126687403,-0.42650355981842575,0.0,-0.6479264323896653,
1,0.0,0.0,0.0,0.0,0.0,0.0,0.0,0.0,
0,0.0,0.0,0.0,0.0,0.0,0.0,0.0,0.0,
