,ty,at,pt,rs,tq,tw,1,0,
ty,0.0,0.0,0.41458608259919694,0.30890312376897405,0.328094610864604,-0.029601709221445366,-0.43674261498562045,-0.0619538489814112,
at,-0.4879870806246334,0.3794896740276477,-0.544308261292154,0.6369818855498556,0.0,0.48913309272528716,0.4977977275648028,-0.13369675601033432,
pt,-0.06658149025115365,0.0,0.0,0.0,0.6139253517438515,-0.27051403826906467,-0.5852267256904291,0.49064149963677883,
rs,0.6246956023778839,-0.43782161228835864,0.18016233589689418,0.6088414984088633,-0.2969251241065592,-0.4717817011310341,0.0,0.0,
tq,0.3723689410106806,0.5211224684889119,0.0,-0.6072190556860152,0.0,0.6392117619792909,0.0,0.5115323241997191,
tw,-0.19930217450870796,0.0,0.42666552227018395,0.0,0.6240103340455163,0.0,0.11134488353068205,-0.438549288670379,
1,0.0,0.0,0.0,0.0,0.0,0.0,0.0,0.0,
0,0.0,0.0,0.0,0.0,0.0,0.0,0.0,0.0,
