,ty,at,pt,rs,tq,tw,1,0,
ty,0.0,0.7731542901940384,-0.7660177170368381,0.0,-0.20812668163096357,0.0,-0.7864177811361538,0.7087338423128141,
at,0.0,0.0,0.17210568785323507,0.0,0.0,-0.6661394316581799,0.0,0.29187831140472237,
pt,0.0,-0.8062603957290788,0.0,-0.34585741449096097,0.0,0.0,0.0,0.0,
rs,0.7736083885214944,0.0,0.5719501732043715,0.0,0.0,0.8086710064104383,-0.20911011693161177,0.0,
tq,0.0,-0.6595660008187619,-0.18396656645902093,-0.7724733272365905,0.8233090671000419,0.8307259650940659,0.0,-0.652909673389845,
tw,0.0,0.2452930449495007,-0.2515811117851561,0.0,0.0,0.0,-0.5856689553770249,0.0,
1,0.0,0.0,0.0,0.0,0.0,0.0,0.0,0.0,
0,0.0,0.0,0.0,0.0,0.0,0.0,0.0,0.0,
