,ty,at,pt,rs,tq,tw,1,0,
ty,0.0,-0.189401170310323,0.0,0.4592962095520422,0.6876648791295784,-0.6990478334069529,-0.7013702875620199,0.597525072345132,
at,0.26191354653951293,0.5972830315619413,-0.7203876798017355,0.6428139689760674,0.7546267340336129,-0.7030874473037564,0.6065905097855551,0.0,
pt,-0.6525839462873059,-0.5938440267588407,0.0,0.17730702080566854,0.0,0.6931384922976449,-0.7297266052769736,0.0,
rs,0.0,-0.6849568655369219,-0.6510593002794356,0.0,0.0,-0.6331259261911778,0.11040077734769273,0.7591111143658207,
tq,0.0,0.7476795749551398,0.39709937475648893,0.6192518063970572,0.0,0.6995757277594675,0.0,-0.6643011110563503,
tw,0.7285234143765357,0.6648871356036022,-0.4771579906229369,-0.7261106986058846,0.0,0.0,0.672434357320725,0.7170779576347253,
1,0.0,0.0,0.0,0.0,0.0,0.0,0.0,0.0,
0,0.0,0.0,0.0,0.0,0.0,0.0,0.0,0.0,
