,ty,at,pt,rs,tq,tw,1,0,
ty,0.0,0.5766845923868308,0.0614268711582697,0.4981421063313539,-0.07819147088049135,0.0,0.0,-0.22364082077875683,
at,0.027242665922898555,0.0,-0.1447285612615973,0.02177663023005364,0.0,0.5555471125210648,-0.29789709510815465,0.31603377686543827,
pt,0.0,0.06900993721347103,0.0,0.0,0.0,0.3128720304432696,0.6449545257431786,0.0,
rs,0.0,0.0,0.7641353284415037,0.0,0.5759085326369285,-0.4342806635692179,-0.3224943736162555,0.627685331799424,
tq,-0.1664133301908849,0.0,0.5913606739707349,0.0,0.0,0.0,-0.3542408956952594,0.0,
tw,0.4376300242829641,0.0,0.5336381740093391,0.020994266353006746,0.0,-0.36642137344333536,0.6426506536148953,-0.6203712903759668,
1,0.0,0.0,0.0,0.0,0.0,0.0,0.0,0.0,
0,0.0,0.0,0.0,0.0,0.0,0.0,0.0,0.0,
