,ty,at,pt,rs,tq,tw,1,0,
ty,-0.6743780716520794,0.6627739771239425,-0.5893835659434132,-0.427241802554145,-0.41920114432170524,-0.6554254213761398,-0.3295037122320217,0.5783666947110793,
at,0.09462999445063582,0.28194489863563177,-0.470820108276856,0.5583121542095966,0.6996173035236551,0.6436194972934047,0.6282193699032111,0.5467405641926983,
pt,-0.5598175852166052,-0.6242389177456679,0.4627366882879168,0.6134077280393205,-0.10814020177469433,-0.6564183877339431,0.4355715134086873,0.6569718391930952,
rs,-0.5363025987040373,-0.6882253590638497,0.6884442124106015,-0.6747185244570639,-0.5294961288634857,-0.5317085532971068,-0.6977377553589544,0.4840670752036341,
tq,-0.19267099492407777,0.7118773303703528,-0.46400988291423534,-0.4247431435773178,0.39623515828193134,0.04263620502216477,-0.5303096649429229,-0.5537906178030202,
tw,-0.638486762889128,-0.43834822047380384,-0.06160215697286911,-0.13124281014050987,0.6430407847928504,-0.4985303388178152,-0.5345200113108997,0.5475512725884307,
1,0.0,0.0,0.0,0.0,0.0,0.0,0.0,0.0,
0,0.0,0.0,0.0,0.0,0.0,0.0,0.0,0.0,
