,ty,at,pt,rs,tq,tw,1,0,
ty,0.0,-0.5059305222879139,0.0,0.5178324961306454,-0.587595586419532,0.0,-0.5919975539045765,0.0,
at,0.4523606565903057,0.0,-0.63573840294032,0.15480515463712102,0.6364377754887307,0.43352531262884836,0.4980079583093179,0.6424226328026044,
pt,0.5089729475264494,0.6603766825630559,0.0,0.0,0.023183687944920525,0.10418038067744745,0.0,-0.3528047720615873,
rs,0.0,-0.2505200312159813,0.37437718270574055,0.0,-0.6450290887260889,-0.316189791300272,-0.6437919146039252,0.24638869555244555,
tq,0.0,-0.676891259508092,0.0,0.0,0.0,-0.35108063199863077,0.5233850300360502,-0.45928800846885853,
tw,0.0,0.0,0.0,-0.13995095566541127,0.0,0.0,0.29016276228616317,0.0,
1,0.0,0.0,0.0,0.0,0.0,0.0,0.0,0.0,
0,0.0,0.0,0.0,0.0,0.0,0.0,0.0,0.0,
