,ty,at,pt,rs,tq,tw,1,0,
ty,-0.6961902277582116,-0.6980446730161727,0.4537207208120234,-0.5320328101545581,-0.20508001413942914,0.0,-0.7147018706195783,0.7004852085953083,
at,0.6902676344602583,-0.22101619639871178,-0.674980924574822,-0.7031930244154133,0.7128139714293217,0.7028602295339424,-0.7021956897202035,0.5746894099911634,
pt,-0.6791483621326656,-0.7138153624349008,0.0,-0.6792192724631596,-0.37998562996783536,0.4487339198194525,-0.6454083831333431,0.5410291436531259,
rs,-0.5672392878129571,0.6108349582872549,-0.7139071907669156,0.0,-0.7019882685023902,0.4358870698464238,0.7101667298377838,0.3600002084768202,
tq,-0.3452899490068866,-0.5475457657036035,-0.39657468578614896,-0.5496527529776307,0.6364129742780852,0.3565245217455869,0.705472458014328,0.5313039621208395,
tw,0.7138118321211424,0.598610014738501,0.7000811503802408,-0.632501082211489,0.5001450704230256,-0.4512098711405924,-0.7155775930153851,0.6763056997059678,
1,0.0,0.0,0.0,0.0,0.0,0.0,0.0,0.0,
0,0.0,0.0,0.0,0.0,0.0,0.0,0.0,0.0,
