,ty,at,pt,rs,tq,tw,1,0,
ty,-0.5121411781839837,0.6072987948452958,-0.10182886178106249,0.4701125224857848,-0.4574131590445369,0.6433891690842164,0.6952055097295462,-0.6816798578833999,
at,0.6685961559999181,-0.48522485760127004,0.6567936758676105,0.6681098672365472,0.399529836911144,0.4106848247309125,-0.6008928707371239,0.6443847406556505,
pt,-0.12948177529787444,-0.5587479155876854,-0.5770534556232091,-0.5662338763356346,-0.5940684308859038,-0.4915073800961589,-0.1486047713859146,-0.6392368410512974,
rs,-0.5231853220621147,0.6320138678539102,-0.7029393091766984,0.6655828700767982,-0.38317989152049703,0.6760847147376078,-0.514425939695101,-0.13511056630354373,
tq,0.06015962950170379,0.5087596282092095,0.5550939317726502,-0.0467563212282683,0.1777189247744341,-0.5038625994726251,-0.5253878041610276,-0.5332481886218928,
tw,-0.5709337960486043,0.5401302113590993,0.6016752346233843,-0.3459420561636155,-0.45193613868180427,-0.47629843654147336,0.2262624624485917,0.44655101200629865,
1,0.0,0.0,0.0,0.0,0.0,0.0,0.0,0.0,
0,0.0,0.0,0.0,0.0,0.0,0.0,0.0,0.0,
