,ty,at,pt,rs,tq,tw,1,0,
ty,0.0,-0.13754729751357958,-0.6504232810707827,0.0,0.37255853693630886,-0.28662888173898754,0.5598024372209897,0.6095814307415949,
at,-0.6326068862615547,0.0,0.4635470859407212,0.03621654527917107,0.6299978660541902,8.071406714500971E-5,-0.5134867861159315,-0.5291619952763973,
pt,0.1283444690786714,-0.11053004782537952,0.08794942784162779,0.6037491830834225,0.5752398512327235,0.0,0.6219518045979868,0.44334279656272113,
rs,-0.6466739358302646,-0.5022885856474764,-0.11786048345533379,0.0,0.3183598165233079,0.5405446921672777,-0.6574077755820873,0.4831158551474111,
tq,-0.22254456248593046,0.6847908768435222,0.6597530885488949,-0.5678780623497678,0.0,0.17043109788580615,-0.37763997019536816,-0.1901645867856139,
tw,-0.25718783449673566,0.6485422076213253,0.0,0.6479891255846966,0.5605659007070942,-0.5571576607161668,0.0,-0.3769588595315547,
1,0.0,0.0,0.0,0.0,0.0,0.0,0.0,0.0,
0,0.0,0.0,0.0,0.0,0.0,0.0,0.0,0.0,
