,ty,at,pt,rs,tq,tw,1,0,
ty,-0.6374698807737915,0.0,-0.1154614583626762,0.0,-0.20285325950702987,0.0,0.0,-0.057136980219312836,
at,0.6655733829202891,0.0,0.0,-0.5971558567508541,0.533279349826023,-0.051033440491629875,0.08026099486238085,0.0,
pt,-0.6324081799006247,-0.6045356299471576,-0.36051116688254714,-0.6540657770613331,-0.4002089582361915,0.2971807286958287,-0.5017663327954295,0.366490867683429,
rs,0.44693509856389896,-0.19188294826738603,-0.5643291939356704,0.0,-0.6730118336314456,0.5034514995279086,0.0,-0.15591118764798664,
tq,0.0,0.23360173481900712,-0.2782812546994533,0.0,0.0,0.4043258005475491,0.5497049428210335,-0.6154788425378611,
tw,-0.43653583005212715,0.3337526720055489,0.12850933655266672,0.0,0.7115502028315273,-0.015476308455935015,0.0,0.6058245015114111,
1,0.0,0.0,0.0,0.0,0.0,0.0,0.0,0.0,
0,0.0,0.0,0.0,0.0,0.0,0.0,0.0,0.0,
