,ty,at,pt,rs,tq,tw,1,0,
ty,0.6219020405869605,0.6467933185175357,0.6877810231980589,-0.3487999173692629,-0.3651214357106344,0.0,-0.5968027964373938,0.7387954038793624,
at,-0.685095962058239,-0.6379409094919645,0.2989108124650838,-0.1580576726463543,0.7180218730806888,0.732524143317765,-0.6805275375047861,0.28863616155139993,
pt,0.5647469399731535,-0.672196182613437,0.0,-0.7031659422501675,-0.3201441964241313,0.42781645691897346,0.7162441372552713,0.7177590732275031,
rs,0.28064369870290057,-0.6604441370735036,0.7287733746182519,0.0,-0.7248815968514817,-0.45586094471108557,-0.7172752472451417,-0.6913647242381264,
tq,-0.709535336630347,-0.3408143533940693,0.7103380722008082,0.6034472054866599,0.7215524604203756,0.5864302449666405,0.7270093301734054,-0.712395791735396,
tw,-0.7305421391574406,-0.7052496569416068,0.6348931724576375,0.24426202947927603,0.438891286731771,0.7098119625680698,-0.6693174510699538,-0.1551704035764997,
1,0.0,0.0,0.0,0.0,0.0,0.0,0.0,0.0,
0,0.0,0.0,0.0,0.0,0.0,0.0,0.0,0.0,
