,ty,at,pt,rs,tq,tw,1,0,
ty,0.0,-0.412542234871199,1.5806073799221903E-4,0.0,-0.09759059630834929,0.0,-0.28281514367844646,-0.12666483843552231,
at,0.0,0.0,0.0,0.4112588628866661,0.0,0.511775803953138,-0.6154941447556102,0.0,
pt,-0.2670016598752732,-0.07707467151620823,0.0,0.0,0.5261325567852534,0.0,0.6244401290076828,-0.3349633727349319,
rs,-0.6637319268926273,-0.423782257355706,-0.6465612272288311,0.0,0.0,0.0,-0.5985629968455819,0.6935184035778835,
tq,-0.20189354490461836,0.0,0.0,0.12070302884259741,0.0,0.0,0.5801930740263005,-0.4780046404513003,
tw,0.4466802034277471,-0.433690741482801,0.39840682725789145,0.0,-0.6758523400377096,0.0,-0.23300996921381942,-0.28286780072449547,
1,0.0,0.0,0.0,0.0,0.0,0.0,0.0,0.0,
0,0.0,0.0,0.0,0.0,0.0,0.0,0.0,0.0,
