,ty,at,pt,rs,tq,tw,1,0,
ty,0.0,0.6209822293969496,-0.10455628323858976,0.1778419185651229,0.0,0.0,-0.685114784522388,0.0,
at,-0.6173128561098254,-0.23174669449357402,0.0,0.0,0.0,0.7031629100920224,0.0,-0.44228226992529196,
pt,-0.4879944341637361,-0.5437716826854929,0.0,0.0,-0.013247476415631777,0.0,0.6959182540337688,0.062428879144706725,
rs,0.0,0.017254190482723156,0.0,0.7738962996146188,0.0,0.5733109911900497,-0.7003980123738786,0.7420970342751861,
tq,0.0,0.4006091377817339,-0.48006929587148756,-0.0034529692983590815,0.0,-0.7634451342834908,0.730082119321781,-0.06806588928290214,
tw,0.0,-0.7437489011332893,0.0,0.0,0.38597000090578193,0.0,0.3978314160618527,0.12958183965921527,
1,0.0,0.0,0.0,0.0,0.0,0.0,0.0,0.0,
0,0.0,0.0,0.0,0.0,0.0,0.0,0.0,0.0,
