,ty,at,pt,rs,tq,tw,1,0,
ty,0.0,0.0,0.748722961289418,0.0,-0.16564636228606877,0.7540587254735822,0.0,-0.03760767857405214,
at,-0.16462134806847153,0.0,0.0,0.0,0.0,0.0,0.0,0.0,
pt,-0.793642739686788,-0.7941824769729195,0.0,-0.4317841951857455,0.0,0.0,-0.7953711355220607,0.0,
rs,0.7586765501376009,0.0,0.0,-0.7746030672126187,0.0,-0.7900627383826112,0.0,0.35104637261032967,
tq,0.28858078908118057,-0.7360035422161368,-0.6557769007047417,0.0,0.8018752975876567,-0.1792221818965996,0.6811496714795361,0.626529788709916,
tw,-0.6890132272788314,0.0,0.0,0.0,0.0,-0.7588446231050101,-0.6460570233393148,0.0,
1,0.0,0.0,0.0,0.0,0.0,0.0,0.0,0.0,
0,0.0,0.0,0.0,0.0,0.0,0.0,0.0,0.0,
