,ty,at,pt,rs,tq,tw,1,0,
ty,0.0,0.0,0.6915453816168214,0.0,-0.5381605840380923,-0.7038341677022666,0.0,-0.7308018244072275,
at,0.12582465364503595,0.0,0.0,0.0,0.0,0.0,0.0,0.0,
pt,-0.7118726841660754,0.341907092066269,0.0,0.4107836452551116,0.0,0.0,-0.5355117139342586,0.0,
rs,0.5921801235252162,0.0,0.0,0.734979051507718,0.0,0.730804301784006,0.0,0.7258687520089151,
tq,-0.626319257671656,0.3459447024811578,0.686608211475849,0.0,0.7283844374381186,-0.7554630994342586,0.6080169229507155,-0.707423023379442,
tw,-0.7249684106499976,0.0,0.0,0.0,0.0,-0.7312354728082474,-0.7733538786983933,0.0,
1,0.0,0.0,0.0,0.0,0.0,0.0,0.0,0.0,
0,0.0,0.0,0.0,0.0,0.0,0.0,0.0,0.0,
