,ty,at,pt,rs,tq,tw,1,0,
ty,0.0,-0.12469116683103197,0.43064191668844215,0.27253373303905715,-0.13122723446572154,-0.5682885661626752,0.0,0.0,
at,0.0,-0.38732794198546555,-0.33443418260845076,-0.4957900404313909,0.5487928596378715,-0.4093639193854517,-0.353417173367022,0.299785785069168,
pt,0.3992288092221976,0.0,0.0,0.6102874302978382,-0.22874217803220903,-0.4121096692755776,0.0,-0.6022346557016554,
rs,0.0,-0.4434701101492952,-0.636764826330011,0.5245392573540598,-0.4490852346972931,0.013795460825980495,0.0,0.579652229273667,
tq,-0.6147472735163892,0.0,0.0,0.08920066466538433,0.0,-0.6824226690082836,0.5479927007968226,-0.45310604364943424,
tw,0.11573956812726233,0.0,-0.30364375837763896,-0.14444791255451392,0.602721342199761,-0.5950493139131846,0.0,0.38461511713545077,
1,0.0,0.0,0.0,0.0,0.0,0.0,0.0,0.0,
0,0.0,0.0,0.0,0.0,0.0,0.0,0.0,0.0,
