,ty,at,pt,rs,tq,tw,1,0,
ty,0.0,0.5337123183903338,0.0,0.6650377432741537,0.0,0.0,0.30452540947743906,0.0,
at,-0.2171728041551462,0.0,-0.3021969326799709,-0.023508670366224713,0.0,0.0,0.0,0.0,
pt,0.0,0.0,0.0,0.0,0.0,-0.04797927511903367,-0.21458794797235897,0.0,
rs,-0.021112914203037656,-0.5793801591115867,0.0,0.0,0.3036863222447543,0.0,0.07058377928785033,0.6710168271093365,
tq,0.0,0.0,-0.5321745126966616,0.0,0.0,-0.12873452225277415,0.0,0.0,
tw,0.0,0.0,0.39474864884249045,0.0,0.0,0.0,0.5247617130227643,0.0,
1,0.0,0.0,0.0,0.0,0.0,0.0,0.0,0.0,
0,0.0,0.0,0.0,0.0,0.0,0.0,0.0,0.0,
