,ty,at,pt,rs,tq,tw,1,0,
ty,-0.7066140855465998,-0.6964559910614331,-0.5771899229262702,0.6880815562121287,-0.30915931369545174,0.432065917687893,-0.6933807242889914,0.6285924634047196,
at,-0.46504951539057193,-0.43431901627678426,-0.23309870422913165,-0.16152951944530283,0.6946429377633601,0.6039080398762346,0.6829554203421344,0.6253979579649969,
pt,-0.2997718476224009,-0.6735795078347179,0.5652419887066122,0.6977326192999993,-0.35600693459717064,-0.5860252818699913,-0.49202637624124357,-0.34352449645532257,
rs,-0.5683185640126883,-0.7017372691384548,-0.7019927778669087,0.707455536416598,-0.6580905534088448,0.4256755239369069,0.11300382356314473,0.6947587809863954,
tq,0.6236112382564312,0.6757961082138895,-0.5449221005016173,-0.4146071177431419,0.6684067591535569,0.5253796265893411,0.5893974671436069,0.5637445564767798,
tw,-0.38684097742749823,-0.4948486374905653,-0.6884097826062473,0.37900072303424476,0.6768223667910968,-0.34294915961172123,0.5656692494307083,-0.12403218620785592,
1,0.0,0.0,0.0,0.0,0.0,0.0,0.0,0.0,
0,0.0,0.0,0.0,0.0,0.0,0.0,0.0,0.0,
