,ty,at,pt,rs,tq,tw,1,0,
ty,0.0,-0.6007896561963105,0.0,0.23020669422953544,0.0,0.0,-0.5915929203229019,0.6368461453496529,
at,0.0,0.0,0.0,0.16102682147046252,0.0,-0.529198937258353,0.0,0.0,
pt,0.0,0.0,0.0,0.0,0.0,0.7015499993727751,0.4754846446199412,0.0,
rs,0.0,0.0,0.0,0.0,0.0,0.0,-0.6443473599372952,0.0,
tq,-0.6094015928200509,-0.524743300331768,-0.524395626805328,0.0,0.0,-0.5448924331928369,0.0,-0.7125891659945534,
tw,0.32310659029979805,0.0,-0.6268266884355014,0.0,0.0,0.0,0.671302349627739,0.0,
1,0.0,0.0,0.0,0.0,0.0,0.0,0.0,0.0,
0,0.0,0.0,0.0,0.0,0.0,0.0,0.0,0.0,
