,ty,at,pt,rs,tq,tw,1,0,
ty,0.0,0.0,0.0,0.45029240730415837,0.0,-0.06257324292824958,-0.5632376051817067,0.0,
at,0.0,0.0,0.0,0.6652439914014296,0.731726614302723,0.0,0.0,0.0,
pt,0.0,0.0,0.0,0.0,-0.38210876045457187,0.1503998700506913,0.0,0.732303351095746,
rs,0.0,0.0,0.0,-0.7437313144342502,-0.7143335974009766,0.0,0.0,0.0,
tq,0.0,-0.7153604947368376,-0.6608716991895633,-0.6843381760986276,0.0,0.7233394013409873,0.0,-0.6972634520336786,
tw,0.0,0.0,0.0,-0.6929603100292165,0.7454513076425451,0.0,0.0,0.0,
1,0.0,0.0,0.0,0.0,0.0,0.0,0.0,0.0,
0,0.0,0.0,0.0,0.0,0.0,0.0,0.0,0.0,
