,ty,at,pt,rs,tq,tw,1,0,
ty,0.3892236339595794,-0.6713646907460689,0.3579939553957984,0.2424541377309419,0.6425740811930586,-0.6478315794801685,-0.5005879027954784,-0.56540704702361,
at,0.055197062027547775,-0.18808155683127942,0.18442385220160454,-0.32596073724558694,0.009983358059990684,-0.6395241402116965,0.0,0.333407756755848,
pt,-0.6832553754302847,-0.6145908530134289,0.5935875744201996,0.5466324935117648,0.5361977171446387,0.663525538534731,0.6467132185108121,0.35195871028259434,
rs,-0.6177942235966162,0.5309522226041794,-0.5203260097773323,0.0,-0.5287841753804831,-0.530745577910265,-0.10921065048708259,0.15911156998752268,
tq,-0.3808354840186797,-0.5011175128435686,0.6157326523710465,0.4320608074622806,0.0,0.6537676805076651,-0.5742096256879855,-0.5781483001476295,
tw,-0.5147628614579534,-0.5310192377948143,0.5482030295366092,0.5069931221441094,0.6446344327242525,0.5228629123814309,-0.5126993278138203,-0.49829391377188265,
1,0.0,0.0,0.0,0.0,0.0,0.0,0.0,0.0,
0,0.0,0.0,0.0,0.0,0.0,0.0,0.0,0.0,
