,ty,at,pt,rs,tq,tw,1,0,
ty,0.0,0.6401112571024685,0.29916845502614675,0.68495810124253,0.48948658386748395,-0.6134871347602859,0.02182812187641923,0.05052973866520457,
at,0.5994132243341752,0.5106068246808724,-0.6115814898023556,0.646415454604274,0.6016736770838389,0.6558411249841891,-0.04048125154127924,0.37381656732051083,
pt,0.6515265725637508,-0.6772355622326618,-0.5147880472234352,-0.6645614639695756,-0.5297084882247117,-0.37930175664162114,-0.5797467819684481,-0.5484105812345217,
rs,0.48247380724179284,-0.21485822005675068,-0.19749973585788644,0.6566873857769123,-0.36939440446127797,0.384145331509224,-0.540308157327004,0.5796382379069039,
tq,0.5344539521990607,-0.6581323035052993,-0.023932895844698526,-0.19403517302098683,0.5924263092680213,0.1300948695532605,-0.48957344499311617,-0.5295775309008582,
tw,-0.6901430399617288,-0.6729227145469073,0.6785320315404035,-0.6008610701234269,0.4289418123101594,0.0,-0.2848164883526119,0.0,
1,0.0,0.0,0.0,0.0,0.0,0.0,0.0,0.0,
0,0.0,0.0,0.0,0.0,0.0,0.0,0.0,0.0,
