,ty,at,pt,rs,tq,tw,1,0,
ty,0.0,0.0,0.0,0.45940017649872317,0.0,0.06881766717014684,-0.3046679463940852,0.0,
at,0.0,0.0,0.0,0.2432533031026883,0.6968054296457713,0.0,0.0,0.0,
pt,0.0,0.0,0.0,0.0,0.2451578769072999,-0.4767542306618724,0.0,0.1076953907423697,
rs,0.0,0.0,0.0,0.5202936799298181,-0.40214371313172836,0.0,0.0,0.0,
tq,0.0,0.7152124243064371,-0.703873122265604,0.35204155690542416,0.0,0.6739349359910005,0.0,-0.01792151475366665,
tw,0.0,0.0,0.0,-0.2883214374091432,0.6344078176656879,0.0,0.0,0.0,
1,0.0,0.0,0.0,0.0,0.0,0.0,0.0,0.0,
0,0.0,0.0,0.0,0.0,0.0,0.0,0.0,0.0,
