,ty,at,pt,rs,tq,tw,1,0,
ty,0.19702406623186464,-0.2665885660494964,0.3312560521236277,-0.5508593437347002,0.45888092253107754,0.0,-0.2452370910154077,-0.31182763474771774,
at,-0.3389539869012437,0.46503797330510593,-0.48698698749558195,0.6040672527706599,-0.32094860998898156,0.5000172997437293,0.573362397085469,-0.5863645837926086,
pt,-0.6302247458879298,-0.1916337634470003,0.0,-0.21945066971901853,-0.6209554752255756,-0.43804777707120146,0.36793997690998814,0.4243830844885449,
rs,0.4537865789437961,-0.45509574844283035,0.4127734009122565,0.0,-0.48835712651074425,-0.34692175724991486,-0.5894882985517176,0.5819682943021575,
tq,-0.37078016439514544,-0.501018367121223,-0.27250820702773376,-0.047346182178752264,-0.4746608210620831,0.6107163810385685,-0.5119387030384503,0.4699314066533779,
tw,0.46225541546866566,-0.32155429189088347,0.17801806053278324,-0.6150198305577719,0.4198501319916513,-0.5423584750219942,0.43803345316435044,-0.450435985079423,
1,0.0,0.0,0.0,0.0,0.0,0.0,0.0,0.0,
0,0.0,0.0,0.0,0.0,0.0,0.0,0.0,0.0,
