,ty,at,pt,rs,tq,tw,1,0,
ty,0.0,0.2637530524339671,0.0,0.0,0.0,0.0,0.0,0.7376714044910252,
at,-0.741962683582857,0.31797191977801076,0.0,0.0,0.0,0.0,0.0,0.0,
pt,-0.7346562206556411,0.0,0.0,-0.7023435890958324,0.0,-0.6643790160612408,0.0,0.0,
rs,0.0,0.0,-0.5620126636570086,0.0,-0.7682731892399081,-0.1963981309138275,0.0,0.7230938799435774,
tq,0.0,-0.697186960984348,0.0,0.0,0.6920984926009113,-0.7214299520292405,0.424247379143022,0.0,
tw,0.0,0.0,0.0,0.0,0.7542744130698192,0.0,0.0,0.7491287343203097,
1,0.0,0.0,0.0,0.0,0.0,0.0,0.0,0.0,
0,0.0,0.0,0.0,0.0,0.0,0.0,0.0,0.0,
