,ty,at,pt,rs,tq,tw,1,0,
ty,0.0,0.04814756874955647,0.0,0.0,0.0,0.0,0.0,0.6371192381682929,
at,-0.5518929132671331,0.7220919930119637,0.0,0.0,0.0,0.0,0.0,0.0,
pt,-0.6427818530393925,0.0,0.0,0.0958692881987092,0.0,-0.5889134174685474,0.0,0.0,
rs,0.0,0.0,0.7132286737814684,0.0,-0.5867897176459974,0.6398395450183617,0.0,0.7106233217239247,
tq,0.0,0.6920291518902634,0.0,0.0,0.6736935452049694,0.6745429818263622,0.6647537316627902,0.0,
tw,0.0,0.0,0.0,0.0,0.4027122057268857,0.0,0.0,0.34034606182306654,
1,0.0,0.0,0.0,0.0,0.0,0.0,0.0,0.0,
0,0.0,0.0,0.0,0.0,0.0,0.0,0.0,0.0,
