,ty,at,pt,rs,tq,tw,1,0,
ty,-0.7132532831283547,-0.21762485993049108,-0.6067890510885893,0.37798672162564967,0.33106004284111734,-0.6563612228987245,-0.4167584768243815,0.5770148796468918,
at,0.5982784502113768,0.6788692295811833,-0.6510079636302164,-0.5785773217155065,-0.595840782250366,-0.6346469121868156,0.7163826430046226,0.6944525468252992,
pt,0.6370822818909435,-0.7036689232387093,-0.58015836699879,-0.7012536450965785,-0.6798581273007844,-0.6256582701855172,0.6677301035024983,-0.5846100390722758,
rs,0.6716743620298242,-0.6238146622536979,0.6823615905953793,0.4135278953742698,0.6842869143184543,-0.6851907495144923,-0.6874230059468827,0.7211985808918382,
tq,0.6645687326176034,0.6978896153273291,-0.3855281283166333,-0.6865308403914462,0.3206086267012906,0.6268916964702416,-0.3445684039658835,0.6382603071203113,
tw,-0.5916232925186571,0.7273151059536446,0.6891463360942742,0.6074557681979571,0.6675686986209666,-0.6346253860564115,0.6618087346296252,-0.6983238317499073,
1,0.0,0.0,0.0,0.0,0.0,0.0,0.0,0.0,
0,0.0,0.0,0.0,0.0,0.0,0.0,0.0,0.0,
