,ty,at,pt,rs,tq,tw,1,0,
ty,0.0,0.0,-0.6303217470928828,0.0,0.0,-0.673020933440638,-0.5173157083136308,0.0,
at,0.0,0.0,0.0,-0.007974864038762979,0.0,0.656618798826024,0.11673142780927813,-0.6623559498474255,
pt,-0.19055952230171616,-0.6910203045375595,0.0,0.0,0.0,0.0,-0.6391179095101592,0.0,
rs,-0.5437857438973911,-0.5981368301485249,-0.563654407285023,0.0,0.10906120641033235,0.0,-0.553023420788557,0.6132922175685117,
tq,-0.6758975968829395,-0.6570566956932876,0.0,0.41308901455326064,0.0,0.0,0.593819327416389,-0.3248751595317686,
tw,0.0,0.0,0.0,0.0,0.0,-0.2901101542322204,0.0,-0.6484786115168086,
1,0.0,0.0,0.0,0.0,0.0,0.0,0.0,0.0,
0,0.0,0.0,0.0,0.0,0.0,0.0,0.0,0.0,
