,ty,at,pt,rs,tq,tw,1,0,
ty,0.4285941479543073,0.06795194326618455,0.6756849686024694,-0.6474699790941816,-0.2755782848932782,0.44673271460770164,-0.6708327575722062,-0.5918769335904843,
at,-0.6297399002915329,-0.5210784496813514,-0.4412209066917928,-0.3820443117826892,0.6048853949822343,0.5913250400166126,0.5445537502690018,0.5727005179068413,
pt,0.14579779849212535,-0.6622486278577094,0.6312374086733664,-0.46380229311403515,-0.22250858642018442,-0.07589118911647202,-0.3219845737737209,0.2715377798165259,
rs,0.5662070820592043,0.06036463960283803,-0.67795847225131,0.6420287321495757,-0.6001176128559272,-0.6629571095313045,-0.6545153693730759,0.49055054990124525,
tq,-0.6435993907215728,0.6617491825375637,-0.5920418149445416,-0.6515001615872918,0.6413060727017035,-0.4730391302035707,-0.09385201452500544,-0.10396377325418886,
tw,0.3664168082990935,-0.43871849610097585,-0.519183839871906,0.5425140580001128,0.4870398532251624,-0.6768577848760832,-0.49490864785471084,-0.5807451903406824,
1,0.0,0.0,0.0,0.0,0.0,0.0,0.0,0.0,
0,0.0,0.0,0.0,0.0,0.0,0.0,0.0,0.0,
