,ty,at,pt,rs,tq,tw,1,0,
ty,0.4564453687366376,0.0,0.17844844938372592,0.5685743265970427,0.0,0.0,0.0,0.09620864282883303,
at,-0.6272102482381056,-0.37218207324807195,0.0,0.0,-0.40595743479510876,0.0,0.0,0.0,
pt,0.0,0.0,0.0,0.4834026091914401,0.0,0.20873973002432225,0.4001461988003159,0.0,
rs,-0.6652226780831619,0.498791938516028,0.0,0.0,0.0,0.0,-0.027383972374196146,0.3458420794328852,
tq,0.0,0.0,0.0,0.0,0.0,0.0,0.0,-0.07072271118369253,
tw,-0.39360893619419296,0.0,0.0,-0.2156448057350629,0.0,0.0,0.0,0.0,
1,0.0,0.0,0.0,0.0,0.0,0.0,0.0,0.0,
0,0.0,0.0,0.0,0.0,0.0,0.0,0.0,0.0,
