,ty,at,pt,rs,tq,tw,1,0,
ty,-0.5549648772223121,-0.6400954014649718,-0.1964216682118222,0.0,-0.6831422243463522,-0.45630558434184915,-0.3160802545956413,1.8144714751075686E-5,
at,0.0,-0.6517330599227281,0.6843267383232569,-0.29747437601884325,0.6662440192066433,0.688246928268781,0.5768461944198915,0.522877744922889,
pt,0.41673121158544113,-0.5231829239061938,0.10553949703519877,0.6800739241043486,0.0,0.384948281785624,0.0,-0.6988373420845471,
rs,0.12074794616711611,0.505260214349007,-0.46947904982995076,0.7172530183152781,0.3877583788602635,-0.6014197575793547,-0.7067278387254756,0.4636166960057889,
tq,0.0,0.3303096759540407,0.4054006120638636,0.10756811850248002,0.0,0.566614070482097,0.34279539042812956,0.277901614560513,
tw,0.3307359004993937,-0.6462045698429957,0.0,-0.47101553900430915,-0.6537224002958475,0.0,0.33809056460913267,-0.34423544364326947,
1,0.0,0.0,0.0,0.0,0.0,0.0,0.0,0.0,
0,0.0,0.0,0.0,0.0,0.0,0.0,0.0,0.0,
