,ty,at,pt,rs,tq,tw,1,0,
ty,0.0,-0.6546220432861345,0.0,0.0,0.03360648170156132,0.0,0.0,0.6744894970112318,
at,0.0,0.0,0.5862719872935183,-0.5849420789110695,0.6138045243674374,-0.5233586716419213,0.6032923863268671,-0.6160848757238263,
pt,-0.7150859849307832,0.3763468390649292,-0.5487801250288232,0.5818599004634276,-0.46108820324970295,0.4527651332396413,-0.6177329565049938,0.0,
rs,0.541490245094688,-0.6030927338945326,-0.49174320347283296,0.0,-0.188844684142019,0.18933987138714767,0.0,0.0,
tq,-0.37960808043474176,0.0,0.0,0.5562704673548036,0.0,0.14963931219607976,0.0,0.0,
tw,0.0,0.0,-0.009695197979189865,0.026146554036876185,-0.1922044681550518,0.0,0.0,-0.07484976730827998,
1,0.0,0.0,0.0,0.0,0.0,0.0,0.0,0.0,
0,0.0,0.0,0.0,0.0,0.0,0.0,0.0,0.0,
