,ty,at,pt,rs,tq,tw,1,0,
ty,0.0,-0.2711686624518227,0.0,-0.4047607668646746,0.04762760957041541,0.14447852639904024,-0.420057845281601,-0.22745381255781663,
at,0.6200815552391861,0.6940528900306804,-0.44355925175834415,-0.19464769729502712,0.010988671060672642,-0.3373204148628263,-0.4204267270555928,0.0,
pt,-0.4613456989672443,-0.5060660155563738,0.0,-0.801000287801491,0.0,0.015521099663288216,0.36750707546863565,0.0,
rs,0.0,-0.4535992553426748,0.45250585493494044,0.0,0.0,0.45354379346165463,0.18655669420860685,0.3690131761521839,
tq,0.0,-0.8868836634080578,0.7486447723833239,0.04728665835963466,0.0,-0.1730415302461498,0.0,-0.46319192358274236,
tw,-0.6642757596953945,-0.170580903666803,-0.26375786983772703,-0.8583924646847311,0.0,0.0,0.6203104882818731,-0.27076629579545775,
1,0.0,0.0,0.0,0.0,0.0,0.0,0.0,0.0,
0,0.0,0.0,0.0,0.0,0.0,0.0,0.0,0.0,
