,ty,at,pt,rs,tq,tw,1,0,
ty,-0.47937462914198714,-0.6073371881605673,-0.23267765850818428,0.3101539921916261,0.10993280754796672,0.6154808368432868,0.27560916315480016,0.6233744529423708,
at,0.6593730490985926,-0.3042626164598849,0.409332478997274,-0.22782156399058018,-0.686572230562202,-0.4653621733108459,-0.40301291324053895,0.2600248823989683,
pt,-0.08745852671351592,-0.13369024331914892,0.4153940133706108,0.5953085426229319,-0.3545065526536857,0.4217571731216189,0.5624017173382995,-0.6843965594486885,
rs,0.5509421355067831,-0.5216147606237747,-0.6824493148573414,0.567560080306318,0.6075358754325144,0.43462966528219316,-0.685771251131896,0.6420166145524632,
tq,-0.6810092660528931,-0.6330235829672087,0.6267850186877068,0.05653091894253779,-0.6826806930183406,0.49861771750686107,-0.42361502188706657,-0.5264046893455272,
tw,0.38335808217710055,-0.20808253661764575,0.7058863438558893,-0.38205563553174915,-0.5671294687948701,-0.173809406752059,-0.419070198002592,0.628680091221927,
1,0.0,0.0,0.0,0.0,0.0,0.0,0.0,0.0,
0,0.0,0.0,0.0,0.0,0.0,0.0,0.0,0.0,
