,ty,at,pt,rs,tq,tw,1,0,
ty,0.0,-0.4120663776396041,0.0,-0.2520084399554203,-0.6466188596471357,0.4535986798791734,0.2595284584936097,0.5509897095229626,
at,-0.32388468364900547,0.5124784764408491,-0.5195324664105582,0.02650352225653733,-0.5078189631266657,-0.5606916535822636,0.6640474748583831,0.0,
pt,-0.0680423017865721,-0.24068402520000853,0.0,0.2808598324378207,0.0,0.34328030013300165,-0.5277547420566829,0.0,
rs,0.0,-0.49035565131432257,0.43272589625113195,0.0,0.0,-0.6305957985748999,-0.4551343790849457,0.43142457791833294,
tq,0.0,-0.3753613567827679,-0.46687207489795435,0.0026896862510778145,0.0,0.49325877972851895,0.0,0.006943554898512768,
tw,0.6033487344115204,0.23017106023834347,0.06689580576159207,-0.09862168807694498,0.0,0.0,0.60103682906512,-0.4452023568382074,
1,0.0,0.0,0.0,0.0,0.0,0.0,0.0,0.0,
0,0.0,0.0,0.0,0.0,0.0,0.0,0.0,0.0,
