,ty,at,pt,rs,tq,tw,1,0,
ty,0.0,0.0,0.5269556188146572,0.6644198476578326,-0.3109602439579286,0.5719746352804466,-0.4521194126470483,-0.6421552138103307,
at,-0.2214207006945195,-0.179340273815144,-0.7254433356863297,-0.6278293105944511,0.0,0.537863002271304,-0.6440929869254756,0.6444118778563712,
pt,0.6589768495467321,0.0,0.0,0.0,0.5965655706738036,0.023057643567192712,0.5150861712727894,-0.05112550765074227,
rs,-0.5292626074115687,0.6059938129845218,-0.40009059642369244,0.5173967894079299,-0.5310306975467899,-0.3863705262868346,0.0,0.0,
tq,-0.5905125853335682,-0.5128206261510888,0.0,0.21731310270544718,0.0,-0.5194399806965622,0.0,-0.4864625893568726,
tw,0.5390848364159222,0.0,-0.3451996244913091,0.0,0.4749850087979897,0.0,0.6098719207303549,0.5734638208859731,
1,0.0,0.0,0.0,0.0,0.0,0.0,0.0,0.0,
0,0.0,0.0,0.0,0.0,0.0,0.0,0.0,0.0,
