,ty,at,pt,rs,tq,tw,1,0,
ty,0.0,0.44258193256486134,0.0,0.5612680352338316,-0.0659257497215304,0.0,0.0,0.0,
at,0.0,0.0,0.0,0.3756050652962061,0.10629456761642025,0.0,0.45688780160242626,0.0,
pt,0.0,0.0,0.0,0.0,-0.4426472872052008,-0.5731308735976067,0.0,0.0,
rs,-0.14166939419672167,-0.49863907534037394,-0.18016922912959724,0.0,0.0,0.0,0.0,0.6629796311735875,
tq,0.0,0.0,0.0,-0.5126834341224427,0.0,0.38542668817569514,0.09497384473423023,0.0,
tw,0.0,0.0,0.0,0.0,0.0,0.14226772438218407,0.1119637980605585,0.0,
1,0.0,0.0,0.0,0.0,0.0,0.0,0.0,0.0,
0,0.0,0.0,0.0,0.0,0.0,0.0,0.0,0.0,
