,ty,at,pt,rs,tq,tw,1,0,
ty,-0.7215879810535383,-0.7538327214641604,0.4345552019946352,0.14719926081509724,-0.11387398299008263,0.6688094017337062,0.0,0.746240496858795,
at,0.5360578147774336,0.0,0.7562052471217965,0.7369496465790176,0.7510260175489373,0.0,0.7559751979666784,0.7521387304293404,
pt,0.0,-0.608254022243911,0.0,0.0,0.663888372551789,0.7209835765583124,0.0,0.0,
rs,0.0,0.20679766469141275,0.7480761110176365,0.0,-0.7475127922882039,0.715007107138342,-0.7635612628482557,0.0,
tq,-0.6339144288954289,0.0,0.7567245267997658,0.07219708684996164,0.0,0.0,0.0,-0.7406896162724836,
tw,-0.7552915874117592,0.5552444194852528,0.0,0.0,0.0,0.0,-0.6921076964350663,0.0,
1,0.0,0.0,0.0,0.0,0.0,0.0,0.0,0.0,
0,0.0,0.0,0.0,0.0,0.0,0.0,0.0,0.0,
