,ty,at,pt,rs,tq,tw,1,0,
ty,0.0,0.14947036148262394,0.0,0.2110815288128303,-0.029299526094233065,0.0,-0.04842830082978872,0.0,
at,-0.4781535811865149,0.0,-0.23011633138892484,0.506308035963602,-0.5356865558264833,0.2153954748190981,0.41482188519390395,-0.6141545289919615,
pt,-0.5397938922541903,-0.13116170603213068,0.0,0.0,0.5438139032384165,0.058295084205823244,0.0,-0.5660135346369874,
rs,0.0,-0.4618428556084162,-0.6499245309162672,0.0,-0.5362216358881531,-0.6208461097988862,-0.6166914678815284,0.665335122681354,
tq,0.0,0.47412257810962555,0.0,0.0,0.0,-0.4257597367301582,-0.19020298428910562,-0.4950258659893417,
tw,0.0,0.0,0.0,-0.5297774930996699,0.0,0.0,-0.5689095832355311,0.0,
1,0.0,0.0,0.0,0.0,0.0,0.0,0.0,0.0,
0,0.0,0.0,0.0,0.0,0.0,0.0,0.0,0.0,
