,ty,at,pt,rs,tq,tw,1,0,
ty,-0.6839231266684883,-0.6003847099424865,-0.33430251044814896,-0.17158703775596848,-0.10965180665203175,-0.7185179815461896,-0.6713323728376495,0.02728959806513871,
at,0.6038786863153335,0.7119963793196545,0.025755786446677496,0.5579743278418969,0.5519552162810193,-0.5857387193172574,-0.335006075577195,0.19824481809511127,
pt,-0.736713694780335,0.6178502121861055,-0.20553215013843723,-0.7254122823637053,-0.30836695037956835,-0.7243915814912737,0.668958635903356,-0.5993001782968408,
rs,0.6317235147661724,-0.4598998839856299,-0.7273116512773404,0.6021217425002067,-0.6806082208408999,-0.6855630226772234,-0.7412367649334171,-0.569034963630965,
tq,0.20831111568598135,-0.5862703937751889,0.7164528565415116,-0.622838880676836,0.674300959271351,-0.6232541946906675,-0.5182935654529502,-0.27291875500408785,
tw,-0.5903113468021585,-0.7235248832035032,-0.5026016529645344,0.21853165743352845,0.5102761053366998,0.6386440906013492,-0.7348928067600315,0.6795712654933616,
1,0.0,0.0,0.0,0.0,0.0,0.0,0.0,0.0,
0,0.0,0.0,0.0,0.0,0.0,0.0,0.0,0.0,
