,ty,at,pt,rs,tq,tw,1,0,
ty,-0.49099239554569335,0.6847548778528736,-0.3994216668640243,0.4528338679805499,-0.11348539949248215,-0.02685326059380235,0.7093621308133803,-0.6260021165085597,
at,0.5182934223872839,0.0,-0.707294179639843,-0.5408082986946033,-0.5570415669828842,0.7100044413255415,-0.7226827548440502,-0.6231155373541941,
pt,-0.706283822651232,0.48106776802606943,0.0,0.48075223744734175,0.2663912307775212,0.06977670865014544,-0.04829775162154365,0.693999030471851,
rs,-0.6837832372260721,0.34572048422453083,0.6926856460764226,0.4429308287758584,-0.5481383095324404,-0.6963591930290007,-0.6753058953005239,-0.45232611868258443,
tq,-0.6326041183621888,0.718269010945961,-0.33253463928321175,-0.6200776536039179,0.710367168782921,0.7083163633781728,-0.7094686885131501,0.6811621103522612,
tw,0.6869961084775156,0.6300984053527426,0.6250320856166182,0.5219451965564387,-0.7268007235057798,-0.14156490703357552,0.0,0.6037946523706356,
1,0.0,0.0,0.0,0.0,0.0,0.0,0.0,0.0,
0,0.0,0.0,0.0,0.0,0.0,0.0,0.0,0.0,
