,ty,at,pt,rs,tq,tw,1,0,
ty,0.6262507512848654,0.7388361779195961,0.7430102492021923,0.0,-0.20222465665042866,0.3557432378320418,0.0,0.0,
at,-0.20406128734323153,0.0,0.6775538907029592,0.0,0.34359406239620993,-0.26803887773706503,0.0,0.06931255922499271,
pt,-0.6832762088563293,0.0,-0.7202424550204768,0.4631522518201099,0.4458410092285603,0.0,0.7460734957263793,0.7309939484630537,
rs,0.6767731434295285,0.6681862651969744,-0.6488862101133983,0.7546096937413956,-0.7160963889669926,-0.7134848308263196,-0.26125697971291245,0.33017019336664705,
tq,0.3984864661553793,-0.05558763204069263,0.39530102084874497,0.0,-0.5212464994723549,-0.7395358370721222,0.6440434307461713,0.0,
tw,0.0,0.0,-0.27674826712356393,-0.6889224958944938,-0.6356712117129425,0.46448611526366873,0.0,0.0,
1,0.0,0.0,0.0,0.0,0.0,0.0,0.0,0.0,
0,0.0,0.0,0.0,0.0,0.0,0.0,0.0,0.0,
