,ty,at,pt,rs,tq,tw,1,0,
ty,0.2518457834796988,0.5850041762861987,0.25591908104313194,-0.49750024394691444,-0.21864760008037346,0.6819942080377817,-0.5600673970725417,0.3262933807666448,
at,-0.059281423664425,0.6583990422265165,0.2720118383573771,-0.5175594229750389,0.6357004777364165,-0.08314294345489817,-0.04262391022424209,0.633251282708035,
pt,-0.4814760574857995,0.5046407745637914,-0.5050311114658103,0.21867969014684902,-0.4434130624260358,-0.6607413102668815,0.5337709923378611,-0.33163725082071754,
rs,0.6130851691374145,-0.5604177976198718,0.500510012249769,0.6712309382791031,-0.5427891994697158,-0.49300297543829624,-0.4838530479699136,0.22805732077163493,
tq,-0.6215012403739978,-0.4466994914624408,-0.24667059512387632,0.4202036321781253,0.49891318637918114,-0.49989063032350156,-0.5713434392530347,-0.6389905431249301,
tw,0.5374056100993878,-0.5361050296896561,0.0607533139545806,-0.5290692617532485,0.6554138750742569,0.4348717193308506,0.489282293914227,0.6019000331396641,
1,0.0,0.0,0.0,0.0,0.0,0.0,0.0,0.0,
0,0.0,0.0,0.0,0.0,0.0,0.0,0.0,0.0,
