,ty,at,pt,rs,tq,tw,1,0,
ty,-0.6270248528398386,-0.3636318560533524,-0.6307645379178574,0.3055788753979324,-0.35065852797213054,-0.6034538519798212,-0.05857906996685049,-0.629691896017746,
at,-0.5531299068214455,-0.5558237778391413,-0.6410098108229396,-0.5174418467026304,-0.6613363118839654,-0.49210488685441334,-0.6551868004067875,0.6546395966560525,
pt,-0.4715312447275874,0.47419965916694784,3.2081367990260533E-4,-0.5557419017473701,0.5802944115190242,0.18158739842407348,-0.3790513191073865,-0.1454624805660026,
rs,-0.6210145743557977,-0.339427524504038,0.6633272587888573,0.5176150902505041,-0.6368468840095489,0.5909540063682711,0.32557899130956747,0.6274137695654171,
tq,-0.21028795459466923,-0.5909256528508686,0.5713167948821979,0.5567488549441988,0.7064408106634456,-0.4185112431627378,0.5839281532509278,-0.19171120845201667,
tw,0.6639651995674388,-0.46477628864581116,0.5521687478177736,0.3568763397494486,0.6339755736462297,-0.18955199254576474,-0.11302720208322932,-0.5966117959170365,
1,0.0,0.0,0.0,0.0,0.0,0.0,0.0,0.0,
0,0.0,0.0,0.0,0.0,0.0,0.0,0.0,0.0,
