,ty,at,pt,rs,tq,tw,1,0,
ty,0.0,0.0,0.601066007152502,0.0,0.0,0.6986160993495444,-0.5095416335477406,0.0,
at,0.0,0.0,0.0,-0.5511181267959522,0.0,0.44819711390390077,0.5527847038766404,0.1145380703130722,
pt,-0.35391615195411447,-0.6708985679767695,0.0,0.0,0.0,0.0,0.6475704580232563,0.0,
rs,0.5923818131702366,-0.6574352943106194,-0.4261060297443636,0.0,-0.7912153731918854,0.0,-0.2622353599625392,0.5339441137754996,
tq,-0.7334453168886583,0.41635636360777717,0.0,-0.006771491054883295,0.0,0.0,0.042594656043984234,-0.1882662929038565,
tw,0.0,0.0,0.0,0.0,0.0,0.38907446616398644,0.0,0.04385687715007952,
1,0.0,0.0,0.0,0.0,0.0,0.0,0.0,0.0,
0,0.0,0.0,0.0,0.0,0.0,0.0,0.0,0.0,
