,ty,at,pt,rs,tq,tw,1,0,
ty,-0.5254986582149318,-0.4157958847518555,-0.5134402394175772,0.5195725268097501,0.26525408413689894,0.3489020120644147,-0.6486668058139196,-0.6280647952537544,
at,0.418071587590735,-0.47826032492137444,0.5856135968546031,-0.37624303129975417,-0.5999675830732923,-0.3207666992119328,0.21037584502972934,-0.02263005596815251,
pt,-0.5004172485748636,-0.38936319084958987,-0.41323180656832137,0.34538640290715344,0.36012204355582883,0.5818587464495012,0.4545039384501699,-0.1338560302315178,
rs,0.3751145377826498,-0.3904804711799289,-0.42393139836665994,0.6677745508700436,0.4604518858318122,-0.5501991564140215,-0.695032023381627,0.3841857301029127,
tq,0.0980150895425,-0.5980419956061696,-0.6970538951239886,-0.4872890329781304,-0.4858473785115692,0.6380413115223357,-0.03158807611561685,0.04046120272413595,
tw,-0.6695579505613969,-0.4029104952316988,-0.3498167334623496,-0.022459273789185785,-0.30702580881718344,-0.28368699790660606,0.3475958676452206,-0.0031939046588552026,
1,0.0,0.0,0.0,0.0,0.0,0.0,0.0,0.0,
0,0.0,0.0,0.0,0.0,0.0,0.0,0.0,0.0,
