,ty,at,pt,rs,tq,tw,1,0,
ty,0.0,0.49689605249534374,0.4970870895302533,0.6620459163012435,-0.6459715926725038,0.4438763765211328,-0.40455400756546944,-0.5134170513998642,
at,-0.5381924739470771,0.0,-0.2908517890973837,-0.22571852238144618,-0.6665483421145884,0.6581061288755129,0.0,0.0,
pt,0.6379304364722289,-0.4819677756875907,0.0,0.5471453426374798,-0.17613396923569913,0.6204305696144359,0.3120741585733163,-0.43731030121577114,
rs,0.0,0.43900747464321926,-0.4262889418396813,0.6755044027863084,0.5181218779497232,-0.5084598714820721,-0.6390563567964352,0.46995433794725494,
tq,-0.5741262910737339,-0.465104164118621,-0.43786019054628433,-0.5220005986908021,-0.08496594753215,-0.5566457331020958,-0.4439666347510876,-0.4860587489819495,
tw,-0.4917203264432728,0.3231207424755793,0.6562072056994818,-0.11120063504503067,0.0,0.0,0.6430317136974003,0.43582422601480064,
1,0.0,0.0,0.0,0.0,0.0,0.0,0.0,0.0,
0,0.0,0.0,0.0,0.0,0.0,0.0,0.0,0.0,
