,ty,at,pt,rs,tq,tw,1,0,
ty,0.0,-0.028944646025875917,0.0,0.5883864144808116,0.0,0.0,0.520859349263521,0.0,
at,-0.16875781167494588,0.0,-0.38329115512741346,-0.1770445786862613,0.0,0.0,0.0,0.0,
pt,0.0,0.0,0.0,0.0,0.0,0.014461772687627581,-0.47683737735968873,0.0,
rs,0.06684918688228433,-0.3819203849024209,0.0,0.0,-0.49236271436432444,0.0,-0.0701000500607039,0.5087360097446464,
tq,0.0,0.0,-0.4649414310970851,0.0,0.0,-0.13175911711013105,0.0,0.0,
tw,0.0,0.0,0.4456139784549269,0.0,0.0,0.0,0.49019354449004715,0.0,
1,0.0,0.0,0.0,0.0,0.0,0.0,0.0,0.0,
0,0.0,0.0,0.0,0.0,0.0,0.0,0.0,0.0,
