,ty,at,pt,rs,tq,tw,1,0,
ty,0.0,0.0,0.0,0.6514840805590497,-0.6990694170339633,0.6340648224766525,0.0,-0.2628052418027601,
at,-0.655326951344284,0.0,0.0,-0.16109509252359172,0.0,0.0,0.0,0.3038823139436324,
pt,-0.3186617803980712,-0.38099079923586365,0.0,0.0,0.0,-0.03587646982957555,0.0,0.0,
rs,0.0,-0.4862801197819005,0.0056951298352626075,0.0,0.0,0.0,0.0,0.6116992800008236,
tq,0.27873240444838,-0.43833468470977033,0.0,0.2455581819620258,0.0,0.2948259755892063,0.5617965419412981,0.0,
tw,0.0,-0.3738771803179441,-0.3988099605320106,0.13442321306637758,0.0,0.0,0.23498106329433913,0.1349133595452687,
1,0.0,0.0,0.0,0.0,0.0,0.0,0.0,0.0,
0,0.0,0.0,0.0,0.0,0.0,0.0,0.0,0.0,
