,ty,at,pt,rs,tq,tw,1,0,
ty,0.0,0.0,-0.48754393666025936,0.36777018586647997,-0.3424420747050444,-0.4018928028639602,0.0,0.47141001648476744,
at,-0.4727083634046413,0.0,-0.132581987920015,0.15724907291142423,0.0,0.16633745456589477,0.4929550249830506,0.0,
pt,0.6850988059490408,-0.3394163128129291,0.0,0.0,-0.5673166480055452,0.0,-0.01886890041746983,0.0,
rs,0.0,0.0,0.2931315012338031,0.0,0.0,-0.5569017612541709,0.03971312263358948,0.6567374095439635,
tq,-0.6544674476235438,0.4550100482744178,0.0,0.0,0.0,0.0,-0.07538810362696266,0.0,
tw,-0.24960625207040216,0.0,0.0,0.0,0.0,0.0,0.6822864918910521,0.0,
1,0.0,0.0,0.0,0.0,0.0,0.0,0.0,0.0,
0,0.0,0.0,0.0,0.0,0.0,0.0,0.0,0.0,
