,ty,at,pt,rs,tq,tw,1,0,
ty,0.4364631529411484,0.5142852597011178,-0.5574836581708039,-0.27417795482689694,-0.3309509176036349,0.29364158199578866,0.6759299140843293,0.708379080654751,
at,-0.4905426761413311,-0.5434721833011962,0.09558755402284538,0.6731685030302382,0.4698502137164599,0.10581508510282643,-0.2887744376965265,0.128988674704392,
pt,-0.35770901721016785,0.14879085889868923,0.0,0.31489088818065636,0.05281300130359277,0.6232456181094385,0.10584155548327617,0.525435920213385,
rs,-0.3947972951197807,0.3214072281131899,0.7389350647579631,-0.09167503342449324,-0.6096527494769267,-0.5413859471014602,-0.72139653308314,-0.617712649773051,
tq,0.7007475041421478,0.14803894851566116,-0.5173563555074878,0.0,0.7025452675503578,-0.3627734542822073,0.6243138980031566,0.5583627262390715,
tw,0.6467464925077061,0.26490958323865055,0.0,0.23934959947107198,0.48298062012935267,0.2455248878290377,-0.49061406396193413,-0.41826127175460653,
1,0.0,0.0,0.0,0.0,0.0,0.0,0.0,0.0,
0,0.0,0.0,0.0,0.0,0.0,0.0,0.0,0.0,
