,ty,at,pt,rs,tq,tw,1,0,
ty,0.5161197547854371,0.4156277730721609,-0.3507663579556303,0.4118267150470916,0.13938612652916754,-0.46200151443189746,0.0,0.16649169210919068,
at,-0.19130846347372524,0.0,-0.41932354770319274,0.223942187488749,0.5030527118644801,0.0,-0.4384843677612471,-0.42681825505759463,
pt,0.0,0.23977192318712204,0.0,0.0,-0.415947189767816,0.4413921069616603,0.0,0.0,
rs,0.0,-0.6290273205805388,0.22685125515382598,0.0,-0.4213627871583456,-0.6561062609260848,-0.4378363501105604,0.0,
tq,-0.4745739022389805,0.0,-0.49273489187545,-0.013846769847559066,0.0,0.0,0.0,-0.38508005794050126,
tw,-0.4691019214233867,0.35195996346598335,0.0,0.0,0.0,0.0,0.2321723339092989,0.0,
1,0.0,0.0,0.0,0.0,0.0,0.0,0.0,0.0,
0,0.0,0.0,0.0,0.0,0.0,0.0,0.0,0.0,
