,ty,at,pt,rs,tq,tw,1,0,
ty,0.0,0.6676044072710762,0.6702367247862896,-0.663603135922298,-0.4064276780517311,-0.665627030329639,0.5556694796934416,0.6988838524001527,
at,0.3232698125149145,0.0,0.6765380738538297,0.26141634134270075,0.641073359678697,0.6365490285407349,0.0,0.0,
pt,-0.7005338150150778,0.6869219009847354,0.0,0.5268809774113873,-0.12040677389544283,0.7011899991870877,0.6861184768932601,0.65243069695395,
rs,0.0,0.6400916044783617,0.6816901546669232,-0.6761881380960495,-0.6529913596925029,0.6956921325563598,-0.7164806888178199,0.6860287801109769,
tq,-0.6129116799308425,0.6698499847149267,0.696252911279827,0.6945705621442025,0.6863793359124168,0.7057160576753029,-0.027893949307672243,-0.7029317615276012,
tw,0.6074488929762392,0.5263271112193748,0.6335255758132591,-0.6618755081479457,0.0,0.0,0.4569280832497921,0.6828732331154465,
1,0.0,0.0,0.0,0.0,0.0,0.0,0.0,0.0,
0,0.0,0.0,0.0,0.0,0.0,0.0,0.0,0.0,
