,ty,at,pt,rs,tq,tw,1,0,
ty,0.0,-0.056338838235713166,0.3720128401340302,-0.727498531238419,-0.37941316660662877,0.5979358516221398,-0.684053065722413,-0.41787245874353474,
at,-0.6900308582968103,0.0,0.7084541746421613,0.3845147756497288,0.6690804626843891,-0.6054852696199231,0.0,0.0,
pt,0.008673045880999593,-0.5932441980287086,0.0,-0.647996427110243,-0.1694952911890408,0.16265560817888453,-0.6731237306273826,0.27957279478158276,
rs,0.0,0.5568760391177742,-0.3456665059248167,-0.07637589394265583,-0.6626200387322017,0.4553757655137515,-0.5724731915824388,-0.586104476640171,
tq,-0.36745066762718126,0.7155148450003193,-0.7162871047762003,-0.725299672959579,0.7233035254260374,0.6174107531710504,-0.510339436610161,-0.527023930779033,
tw,0.6759182716435066,0.7084159269811434,-0.21546832603003754,0.6402407350114186,0.0,0.0,0.6704055883675896,0.6984939397797241,
1,0.0,0.0,0.0,0.0,0.0,0.0,0.0,0.0,
0,0.0,0.0,0.0,0.0,0.0,0.0,0.0,0.0,
