,ty,at,pt,rs,tq,tw,1,0,
ty,0.2198689397393567,0.0,-0.64086277048765,0.0,0.46481585285591165,0.0,0.0,0.6731662834293622,
at,-0.37991916849267476,0.0,0.0,0.5563397883520865,-0.6474906406317116,0.33846680062212364,0.6807180961215075,0.0,
pt,0.4297549004994153,0.5023607747248233,0.37208212140406904,0.12335894343956563,0.40311933508475084,-0.3546707043208266,0.13383146446656125,-0.33928871334560284,
rs,0.6908507267358037,-0.453290665413716,-0.6756407724145758,0.0,0.5460099611358915,-0.6240577707279295,0.0,0.2824203657199751,
tq,0.0,0.3759914328739633,0.2027502288518974,0.0,0.0,0.40627318585789,0.3607649507545727,0.4561593404339626,
tw,-0.3169429767382069,0.5198763929925554,0.36452725537415903,0.0,-0.40974576341344193,-0.4553220634551521,0.0,0.09763962713651655,
1,0.0,0.0,0.0,0.0,0.0,0.0,0.0,0.0,
0,0.0,0.0,0.0,0.0,0.0,0.0,0.0,0.0,
