,ty,at,pt,rs,tq,tw,1,0,
ty,0.0,0.14942223154442275,0.08559519568983895,0.0,-0.5095091050466398,0.0,0.3485385401647196,-0.4466841855485565,
at,0.0,0.0,0.0,0.5558096083966373,0.0,-0.35429754612221764,0.2662185929965812,0.0,
pt,-0.5422048638305466,0.11332947738510148,0.0,0.0,0.37524204818110063,0.0,-0.4309401521028555,0.561350345760209,
rs,-0.6934942671906958,0.3428713833823893,0.6849626271313396,0.0,0.0,0.0,-0.06609702465954394,-0.2796059531808183,
tq,-0.6484456468033603,0.0,0.0,0.13569416344902033,0.0,0.0,0.6067532178766578,0.04129630493652357,
tw,-0.6234218486615458,0.44205839639651023,0.6632354510247659,0.0,0.6107219335441842,0.0,-0.33085017145440904,0.522550728851478,
1,0.0,0.0,0.0,0.0,0.0,0.0,0.0,0.0,
0,0.0,0.0,0.0,0.0,0.0,0.0,0.0,0.0,
