,ty,at,pt,rs,tq,tw,1,0,
ty,0.0,-0.09273004955628708,0.0,0.0,-0.27440674896923944,-0.386325697974887,0.0,0.29019578005890034,
at,-0.19014978501449165,0.0,0.5478675459119932,0.23118243742037312,0.3260537635422422,-0.571376368912682,0.1795445841230424,-0.2583740180511898,
pt,-0.28378506072966575,0.0,0.0,0.5223881757457064,0.6241375071830105,-0.2519955089006586,0.006854751961223628,-0.3554803496811979,
rs,0.4929257475641426,0.0,0.13563547825582675,0.0,-0.5893695418987697,0.5984375810661385,-0.4749789027719911,0.6307088776839281,
tq,-0.2654634942040341,-0.5777345356649871,0.0,0.03055176746450742,0.0,-0.021877314342276476,0.0,-0.6079347572925278,
tw,-0.11636491756117862,-0.3902512378113888,0.097673823372179,-0.22357694135820677,0.0,0.0,0.019585966144389635,0.03243554489513897,
1,0.0,0.0,0.0,0.0,0.0,0.0,0.0,0.0,
0,0.0,0.0,0.0,0.0,0.0,0.0,0.0,0.0,
