,ty,at,pt,rs,tq,tw,1,0,
ty,-0.23906437801953806,-0.5040631425810653,0.20202150195536853,-0.301107556287908,-0.15062351353664835,-0.4642694390453973,-0.6388871697175132,0.6395903398279406,
at,0.464367722818729,-0.5317081881121387,0.1517699855761075,-0.6092054443693153,0.623330823174028,0.62198154952515,-0.5839762244792839,-0.393261719714164,
pt,0.4031421304836324,-0.5149528537886818,0.5734916608985465,0.44739647938476984,-0.372645133845425,0.5606504424492834,0.05929956877346434,0.24905354930816542,
rs,0.21163127103722404,-0.5975433211114439,0.7090952650509507,-0.676217859486746,-0.47598585327583315,-0.5830740400758018,0.6741537117609245,0.3125234189741834,
tq,0.08311282637680405,0.315932229408001,0.7203717988961195,-0.29099382365973614,0.6893116452981563,0.6751355949888834,-0.48772180695272777,-0.571093886020268,
tw,-0.5104749608541009,0.49139378987024446,0.4112750544173824,-0.4030581195302029,0.4372476489261742,0.5380854756570955,-0.458908763509211,-0.6196343721205125,
1,0.0,0.0,0.0,0.0,0.0,0.0,0.0,0.0,
0,0.0,0.0,0.0,0.0,0.0,0.0,0.0,0.0,
