,ty,at,pt,rs,tq,tw,1,0,
ty,0.0,0.4248091058129388,-0.651344532751985,0.44622151951921823,-0.5835408398326966,0.6443067121259062,-0.6920144462188398,0.6394433765813201,
at,-0.48603213736815987,0.6390722620045881,0.6149229985637779,-0.37823263135766155,0.6113305224285429,0.6322954960411594,0.20707212814752887,0.6499588461396806,
pt,-0.5901946903551475,-0.7181872766896926,0.04419439594904819,-0.5999057153654249,-0.16782954953561996,-0.7172882791389991,0.6739448030367273,0.7045100724867258,
rs,-0.6894002746533899,-0.6714599337444395,0.5669873473538268,0.0,-0.6879377500127439,-0.5173369199057036,-0.6532372335312807,0.6167577432491747,
tq,0.5664686998491131,-0.6072064311644902,0.571880772106476,-0.6678702261706702,0.6917374650996315,0.7083047599517699,0.5159748322757501,0.4264660156737401,
tw,-0.5388518456880383,0.6125494269293854,0.6990900411311199,-0.6203194179293908,0.5855386023644482,0.0,-0.6280876069913663,-0.6624699108717965,
1,0.0,0.0,0.0,0.0,0.0,0.0,0.0,0.0,
0,0.0,0.0,0.0,0.0,0.0,0.0,0.0,0.0,
