,ty,at,pt,rs,tq,tw,1,0,
ty,0.0,0.5907809167027629,-0.6473804595200837,0.0,0.2971896205551073,-0.5282765513974066,-0.6416466703460839,0.6764458378356738,
at,0.5591858859111741,0.0,-0.05519424977057222,-0.6551913450949106,-0.7167101652869806,0.6963810403371358,-0.6932056932383804,-0.6828013019995118,
pt,0.6851804612481789,0.6545447803680929,-0.6188986618014145,-0.7107028063427383,-0.16575506160665468,0.0,0.6361090207938814,0.5776035821686264,
rs,0.716682729485603,-0.6654365294763708,0.6631027656089468,0.0,0.28505214579309296,-0.7324493764219777,0.2751314515042609,0.6400506818445595,
tq,-0.4883996121246976,-0.7028849384103433,0.7122676862871012,-0.7091312171632084,0.0,0.6947588388280868,-0.5153085655829704,-0.6928060831510089,
tw,-0.6727826633946671,-0.71639793582293,0.0,0.6582165309833127,-0.6626102084438985,0.6829262341821325,0.0,-0.6601300235856705,
1,0.0,0.0,0.0,0.0,0.0,0.0,0.0,0.0,
0,0.0,0.0,0.0,0.0,0.0,0.0,0.0,0.0,
