,ty,at,pt,rs,tq,tw,1,0,
ty,-0.7479035966255997,0.572727524279537,-0.6708474229342388,-0.5221546394948345,-0.7241659795326684,-0.6744367962142629,-0.723077506018587,0.6696389422346082,
at,-0.6995378311933604,0.0,-0.7091422857791081,-0.7206836016220113,0.7387748473037854,0.10973639956156826,-0.723908612455683,-0.009132463238482443,
pt,0.0,0.7723257958228649,-0.7390348820677142,-0.6305883669306502,-0.23645205237360367,-0.7497088501707301,0.26680531700578475,0.3917622821298374,
rs,0.5599474867937936,0.7234927163311629,0.6350692984377209,-0.4197208227980826,-0.7489336678178781,0.39434783265612905,-0.7386155888714997,0.6950336391871896,
tq,0.0,-0.7321778324750844,0.6729821757603746,-0.4215929254061151,0.5405252934743383,0.2680405353692399,0.6475423742708997,0.2792001380405065,
tw,0.5653306971986243,-0.7151139543637123,-0.2754783397585728,0.37526750447015605,0.7445212389874968,-0.4319191481491772,-0.589313737120134,0.6233571504050772,
1,0.0,0.0,0.0,0.0,0.0,0.0,0.0,0.0,
0,0.0,0.0,0.0,0.0,0.0,0.0,0.0,0.0,
