,ty,at,pt,rs,tq,tw,1,0,
ty,0.6117735990797776,0.4686669667923903,0.6102734212290214,0.3386390591414264,-0.5479509927466625,0.611926035252104,0.0,0.5512012214721288,
at,-0.5970568578406108,0.0,0.5048131396711009,0.5915651360098045,0.3399824208920627,0.0,0.004997434855849527,0.06659320374356928,
pt,0.0,0.15123819416977857,0.0,0.0,0.6248237676743682,-0.4322464425369372,0.0,0.0,
rs,0.0,-0.5327197477439334,0.6367828151574514,0.0,-0.5252967224382338,3.1437661666030254E-6,-0.6005325053055799,0.0,
tq,-0.5119247401254521,0.0,0.5654086774841274,-0.5191623502877085,0.0,0.0,0.0,-0.12924126993473156,
tw,0.2246857965512468,0.6525583199487934,0.0,0.0,0.0,0.0,0.3443471319831822,0.0,
1,0.0,0.0,0.0,0.0,0.0,0.0,0.0,0.0,
0,0.0,0.0,0.0,0.0,0.0,0.0,0.0,0.0,
