,ty,at,pt,rs,tq,tw,1,0,
ty,0.0,-0.5731886604534917,0.5650942166454836,0.0,0.41072983423195286,0.0,0.5040997212072834,-0.5162190813833495,
at,0.0,0.0,0.0,0.5517508306793594,0.0,0.2925915865047088,0.28318023077313514,0.0,
pt,-0.5321820757692728,0.7521187358293321,0.0,0.0,0.051201641819976294,0.0,-0.6497327753668444,0.5724830629635645,
rs,-0.6503174721716767,-0.5560670665104439,0.5125950491901887,0.0,0.0,0.0,-0.6205467837754499,0.541227328070225,
tq,0.14628444829826578,0.0,0.0,-0.0695746331709123,0.0,0.0,-0.5574074828382292,-0.3802345315841325,
tw,0.34240722225985776,0.5750530411833235,-0.40470585402022285,0.0,0.056309013583945765,0.0,0.5327864234779526,-0.7445113791084504,
1,0.0,0.0,0.0,0.0,0.0,0.0,0.0,0.0,
0,0.0,0.0,0.0,0.0,0.0,0.0,0.0,0.0,
