,ty,at,pt,rs,tq,tw,1,0,
ty,-0.7076668594573376,0.655970435449112,-0.7005785217873278,0.7090494685610674,-0.71337903108028,0.7079601202064715,-0.7216860649870865,-0.3343653459897799,
at,-0.701754417172211,0.0,0.6913253913568752,-0.7185475355563931,-0.7110862819147287,0.7169575531852352,-0.7184573401202159,0.7117728472117414,
pt,0.721298674763029,-0.6867151234588132,0.0,0.6988807046349927,0.6971761842142475,0.3986129913444003,-0.7063534461820455,0.7080783595144424,
rs,0.7175655859091647,-0.7218110599258459,0.6060738341894919,0.7171206640226451,-0.7148732482720311,-0.7167542564860993,-0.7201483035641375,0.6380225480783082,
tq,-0.6997018370372132,-0.7150266716470858,-0.6885480423064845,-0.7105174944203188,0.4848554948783141,0.6744539074893785,-0.6882614243042758,-0.11481937643697444,
tw,-0.6836091467157134,-0.6525672182420278,0.7007755098399252,0.283198383324481,0.698998773486658,0.27781392229984486,0.0,-0.6767809136962688,
1,0.0,0.0,0.0,0.0,0.0,0.0,0.0,0.0,
0,0.0,0.0,0.0,0.0,0.0,0.0,0.0,0.0,
