,ty,at,pt,rs,tq,tw,1,0,
ty,-0.5247258224282291,0.0,0.61256099737996,-0.6545130902181856,0.0,-0.1508056632060947,-0.5662031531383662,0.5539558067033443,
at,-0.5264151366902182,0.5485146997357426,-0.6765833589050777,-0.6478612597740335,0.5890973545352797,-0.462042867504754,-0.6406114899443046,0.0,
pt,-0.5657112900704928,0.4404034793235314,0.0,-0.5193485962925486,-0.5362573647942481,-0.33177912131388065,0.5515218517508387,0.6513743809279205,
rs,0.0,0.5830963988677693,-0.5422320948175559,0.0,-0.5182921325124751,0.42650728244360153,-0.7111944082495478,0.0,
tq,0.3241320271360446,-0.35533043574826767,0.22934324246046714,0.6617769792068307,0.5611851598565639,-0.5156077478599693,-0.0646970388526945,-0.2898795860813586,
tw,0.0,0.23882218414480155,0.4939439922128655,-0.4423692975033833,0.47777756842451735,0.5547971993506203,-0.5708682485276995,0.6541379949918752,
1,0.0,0.0,0.0,0.0,0.0,0.0,0.0,0.0,
0,0.0,0.0,0.0,0.0,0.0,0.0,0.0,0.0,
