,ty,at,pt,rs,tq,tw,1,0,
ty,-0.21265098755185177,0.7194979903076704,-0.7343470324598874,-0.7128714786017997,-0.30961644867681576,0.0,-0.6951252346114822,0.4044913601630329,
at,0.6715692442882569,-0.7415013817440859,-0.581619785966584,-0.6682287961948166,0.7409873196740531,-0.6888618458930872,0.1962464853749516,0.7200726478367135,
pt,-0.5279254499945925,0.5223614606596078,0.0,-0.657497363117695,-0.2931623503061666,-0.7221235679160714,-0.7224931742855792,0.48522179444437297,
rs,-0.077757629854504,-0.6080372390238298,-0.358844890582237,0.0,-0.6862380145463192,-0.7188700292031219,-0.7232880023458116,0.7204644922830202,
tq,-0.6594275778803955,-0.7072210014995524,-0.24358112703067705,0.2803242165397134,0.693435656371489,0.7272938038810262,-0.6351381580750555,-0.7110441203043248,
tw,0.5797342498769485,-0.47695387027205344,0.7371797099708443,-0.41910002170312816,0.41342427006196975,0.5542083654151437,-0.7128365080361332,-0.6950131951391023,
1,0.0,0.0,0.0,0.0,0.0,0.0,0.0,0.0,
0,0.0,0.0,0.0,0.0,0.0,0.0,0.0,0.0,
