,ty,at,pt,rs,tq,tw,1,0,
ty,0.0,0.0,-0.622363073929208,0.0,0.0,-0.46619988697016274,0.0,0.0,
at,0.0,0.0,0.3462125717105568,0.7125677866639542,0.0,0.0,-0.5194415699872077,-0.3652435439448682,
pt,-0.04789407418740365,-0.69230581843735,0.0,0.0,0.3267357422856173,0.0,-0.0410830555500948,-0.6982849150924796,
rs,-0.45688502597879427,-0.26944672943489617,0.0,0.0,-0.559121838931042,0.0,0.0,0.5016425137397332,
tq,0.0,0.0,-0.4346046640162029,-0.49532117513314367,0.0,0.0,0.0,-0.012903220598925647,
tw,0.0,-0.6608812409522631,-0.41460409799768416,0.0,0.6435786584165832,0.0,-0.6271943582097427,-0.6185477305847791,
1,0.0,0.0,0.0,0.0,0.0,0.0,0.0,0.0,
0,0.0,0.0,0.0,0.0,0.0,0.0,0.0,0.0,
