,ty,at,pt,rs,tq,tw,1,0,
ty,0.0,-0.6662251490876866,0.0,-0.6612528780613359,-0.7098518139956872,0.252863147250315,-0.7070406998636956,0.6970502138512411,
at,-0.7239334269905078,0.734088537082763,0.7195122155998606,-0.16642076242616524,0.1168101070180021,-0.5575853280957295,0.6059628147760903,0.0,
pt,0.2995878089750032,-0.3448273719170123,0.0,0.40820325505521193,0.0,0.6963561632652693,-0.5774391664892694,0.0,
rs,0.0,-0.7233938838481597,0.7199540394246862,0.0,0.0,-0.23270330119809143,-0.7285327620169113,0.2974760595745544,
tq,0.0,0.7050915282177813,-0.6887120415710246,0.6799835218925443,0.0,-0.6878520409980095,0.0,-0.14863558733557078,
tw,0.6627154930320239,0.734810041771784,-0.5615040067818218,-0.25246771674916785,0.0,0.0,-0.6445617034551587,-0.6413756203060679,
1,0.0,0.0,0.0,0.0,0.0,0.0,0.0,0.0,
0,0.0,0.0,0.0,0.0,0.0,0.0,0.0,0.0,
