,ty,at,pt,rs,tq,tw,1,0,
ty,0.0,0.0,-0.3817382447639005,0.0,0.0,0.07986049952418486,0.0,0.0,
at,0.0,0.0,-0.18510579947227682,0.1794075950935171,0.0,0.0,0.5088829434844636,-0.6948773878093438,
pt,0.6258111930378724,-0.2608208143320785,0.0,0.0,0.3048604431845963,0.0,0.3460212050280209,0.027054028326900587,
rs,-0.004623244267858047,0.2946255948759192,0.0,0.0,-0.07839200169619548,0.0,0.0,-0.38769526284842165,
tq,0.0,0.0,0.8033220435466082,0.48156054828627254,0.0,0.0,0.0,-0.17371453359746275,
tw,0.0,0.7265659872412127,0.7413548176291783,0.0,-0.7113672937793883,0.0,0.6413393777836213,-0.7460860122893855,
1,0.0,0.0,0.0,0.0,0.0,0.0,0.0,0.0,
0,0.0,0.0,0.0,0.0,0.0,0.0,0.0,0.0,
