,ty,at,pt,rs,tq,tw,1,0,
ty,0.16728139988303328,0.0,0.6379909106223332,-0.6355248628384078,-0.34099777847962187,-0.6352905319013801,-0.6630879902159642,0.0,
at,-0.6311296050833554,0.0,-0.4353194259167441,-0.28980619274400216,0.6677984204792002,0.6162645843788318,-0.6384658699078615,0.7198329223269977,
pt,0.0,0.0,0.7143330237626856,0.0,-0.15986451574205077,0.02680981280455898,0.37155375020452297,0.40587147439450905,
rs,-0.33723733214803037,-0.5891528990820394,-0.6950144411421408,-0.6592198433220346,-0.6609895231191497,-0.6451557811956887,-0.4943998673790151,0.6769058491106726,
tq,-0.19919036417489283,0.0,0.3986306066850592,0.4720754575341597,0.6343633118818377,0.5343401015448609,0.0,-0.038375125979717935,
tw,-0.2821527158688959,0.05742260684220809,0.0903513158440945,0.26196240734757054,0.47200382254870143,-0.5456723620473685,0.49001684588978034,-0.6123512858162261,
1,0.0,0.0,0.0,0.0,0.0,0.0,0.0,0.0,
0,0.0,0.0,0.0,0.0,0.0,0.0,0.0,0.0,
