,ty,at,pt,rs,tq,tw,1,0,
ty,0.6814110845711793,0.6121920293538166,0.6479370829037032,-0.5877600117849457,-0.5684487190421834,-0.6688573725803262,-0.5133404957067242,-0.4957176945329665,
at,0.23294100569603005,-0.5510673031375877,-0.6483538940220417,0.0150823426277666,0.5364397394365706,0.37236145798959963,0.3072948528792715,-0.5081528075887618,
pt,-0.11510632266969781,-0.6829432013841071,0.5710157763930876,0.5748417919587199,0.23955341909474456,-0.6837078015537488,-0.6764584374285911,0.4809683419209598,
rs,-0.5902787955928583,-0.541835225897465,-0.6597349005242278,0.6794380921720845,-0.5007663294825183,0.6924405313716422,-0.6673719982844172,0.251652741902029,
tq,-0.6801696889760414,-0.5529585876058428,-0.111054056735968,0.07649105168577768,0.6872998115672018,-0.6767925653838165,-0.3402175805487964,-0.3889953501127645,
tw,-0.679105107726862,0.30372922046624096,-0.6285620690491323,-0.4573053192688415,0.23880715950700912,0.6464478121069276,-0.6929591683359246,0.6394583757696732,
1,0.0,0.0,0.0,0.0,0.0,0.0,0.0,0.0,
0,0.0,0.0,0.0,0.0,0.0,0.0,0.0,0.0,
