,ty,at,pt,rs,tq,tw,1,0,
ty,-0.7170342413478944,-0.6884655748441684,0.3850661811359823,0.003096040156275542,-0.1479908853567789,0.0,-0.5839124985076506,0.2544890809046136,
at,0.4109629052270976,0.0,-0.023774564234719988,-0.6806373036249499,0.6265418253586736,-0.31366710101726414,-0.5755407935396724,0.0,
pt,-0.3011648100228627,0.24940443181282299,-0.0821034709088401,0.702604084648708,-0.19195274198777448,-0.4656732435467716,-0.028649939711125033,0.3541752696590631,
rs,-0.6151309716666173,-0.6745824409424205,0.3655223259964737,-0.7247501572447552,-0.6251916547384425,0.38902630206768846,-0.21588806768381003,0.21542574007698334,
tq,0.3721198735549263,-0.3199222820497658,-0.4449652268139456,0.6373739031210561,0.588626189755674,-0.6169264178376813,-0.4383817485775597,-0.5732047433144263,
tw,-0.01208123614203371,-0.33885564689981135,0.2372441032701966,-0.5642338618170737,0.5496791073357172,-0.10150610347870136,0.7295305271136029,0.46984398298201213,
1,0.0,0.0,0.0,0.0,0.0,0.0,0.0,0.0,
0,0.0,0.0,0.0,0.0,0.0,0.0,0.0,0.0,
