,ty,at,pt,rs,tq,tw,1,0,
ty,-0.5964822458061892,-0.6407137446264123,-0.4280956185280562,0.565500996718204,-0.1453702538417723,0.0,-0.668360001853623,-0.565425218184724,
at,0.6671944035424715,0.0,-0.6156963290024232,0.44470167353211293,0.6750418823951759,-0.509168834726271,-0.6548863722763704,0.0,
pt,0.560994031240506,0.7061185343646467,0.5085337095918915,0.3093975534933701,-0.23189738601524815,0.5427538623236811,0.43224397396163555,-0.4867132346078466,
rs,-0.4626589312152488,0.2441268913977692,-0.6681818000176702,0.5961755727372127,-0.6163977671505503,0.4065518652502142,-0.25748072425023355,0.6798787667779634,
tq,-0.5866999082366842,-0.4595478752812086,-0.6840792795246369,-0.5798981481451347,0.41099159546837544,0.6985048038520679,0.7050583021744085,-0.5953473746949052,
tw,0.4410386263500954,-0.6025753595688081,-0.6069790795640035,-0.5089408195437043,0.4457733860850739,0.6445817175534614,-0.6409144875710165,0.5433114043805657,
1,0.0,0.0,0.0,0.0,0.0,0.0,0.0,0.0,
0,0.0,0.0,0.0,0.0,0.0,0.0,0.0,0.0,
