,ty,at,pt,rs,tq,tw,1,0,
ty,0.0,0.0,0.0,0.5330423243419757,0.0,-0.5265412650698149,0.1309669725684809,0.531854390693395,
at,0.0,0.0,0.6682520625348608,0.10459435104032488,0.6589231883187596,0.0,0.5876372178579989,0.0,
pt,0.0,0.0,0.0,0.0,0.0,0.24584782356029136,0.0,0.0,
rs,0.0,0.0,0.0,0.0,-0.6801155667817868,0.0,0.0,0.0,
tq,0.6970530404247253,0.7289421072694823,0.0,0.0,0.0,0.0,0.0,0.0,
tw,0.0,0.47183985411054274,0.6379599297390458,0.0,0.6892933841697197,0.0,-0.5968397914414305,0.7246498692561425,
1,0.0,0.0,0.0,0.0,0.0,0.0,0.0,0.0,
0,0.0,0.0,0.0,0.0,0.0,0.0,0.0,0.0,
