,ty,at,pt,rs,tq,tw,1,0,
ty,0.0,0.0,0.0,-0.7380161589973752,0.0,0.05967490846782618,-0.5743253705804384,0.5796893899849829,
at,0.0,0.0,-0.7569833704289256,-0.702405195294863,0.7424029571630388,0.0,0.019114194216163546,0.0,
pt,0.0,0.0,0.0,0.0,0.0,-0.7309619253900667,0.0,0.0,
rs,0.0,0.0,0.0,0.0,-0.7125919715093908,0.0,0.0,0.0,
tq,-0.44605073027525816,0.7997185619262139,0.0,0.0,0.0,0.0,0.0,0.0,
tw,0.0,0.7226526875304728,0.15483897606248295,0.0,0.4799732719623047,0.0,-0.6975534603702155,0.4327110234186943,
1,0.0,0.0,0.0,0.0,0.0,0.0,0.0,0.0,
0,0.0,0.0,0.0,0.0,0.0,0.0,0.0,0.0,
