,ty,at,pt,rs,tq,tw,1,0,
ty,-0.3207995488308759,-0.7006770945582035,0.14426715839857715,0.0,-0.4388664291146351,-0.363411096837824,0.0,0.0,
at,-0.03123415385871066,0.0,0.7109610353673392,0.0,-0.4523888703479373,0.3069374841686711,0.0,-0.14877643012046574,
pt,-0.2884494660079098,0.0,-0.5779819155236743,0.25012220582206607,-0.465952841204664,0.0,-0.12301346632765912,-0.5665710400209415,
rs,0.3625506947674514,-0.5942110528880752,-0.4770639568375014,0.5562974395299048,-0.37280395882672823,-0.7237722903079553,-0.7266760914696063,0.4538287105704208,
tq,-0.01268691776430734,0.5804752038528821,0.4900447330997886,0.0,0.4620598512177705,0.47657076517470903,0.6128375534004882,0.0,
tw,0.0,0.0,0.28536713473791936,-0.2644343194304019,-0.33698859289929717,0.22203891343840515,0.0,0.0,
1,0.0,0.0,0.0,0.0,0.0,0.0,0.0,0.0,
0,0.0,0.0,0.0,0.0,0.0,0.0,0.0,0.0,
