,ty,at,pt,rs,tq,tw,1,0,
ty,0.0,0.0,-0.09833521353447246,-0.6143407970085959,0.0,-0.5006440102894439,0.0,0.0,
at,0.2972879410423264,0.0,-0.45826955244818235,-0.6819763873731931,0.6532320734484889,0.0,0.37576648252980915,0.3724173884628886,
pt,-0.5294984238935473,0.0,0.0,0.5562023633287966,0.0,0.5589333532475234,0.4402825082924977,0.5961184990731759,
rs,0.6147309464905147,0.0,0.0,0.0,-0.6007526352671899,-0.385449886895761,-0.018290499081291326,0.6256821549857179,
tq,0.39270028806425233,0.667318830324125,-0.20282875109783827,-0.3279866334476422,0.40076919329804506,-0.06850797113487102,0.0,0.0,
tw,0.17921062481126337,0.0,0.0,0.0,0.47649287282850883,0.0,0.37847441028195805,0.0,
1,0.0,0.0,0.0,0.0,0.0,0.0,0.0,0.0,
0,0.0,0.0,0.0,0.0,0.0,0.0,0.0,0.0,
