,ty,at,pt,rs,tq,tw,1,0,
ty,0.38988065824383317,-0.43262652243517363,-0.48653869601016825,-0.3633483707393509,-0.5908736723061798,0.16373976145157323,-0.4327475473290113,0.46787016023450495,
at,-0.4346019060739745,0.5284393534803848,-0.19267441483143632,0.42017313133835116,-0.3970161436951597,-0.12887591313945904,0.23638473362399734,0.07128333295035084,
pt,-0.4309904713221947,-0.19406834523510907,0.5496099281202147,-0.4103314980353698,-0.5029178151612798,0.7066519568816033,0.5163162649468102,0.6161952828131622,
rs,0.3873323741178222,-0.5506481361787988,0.6335736588196229,-0.46437931828206425,-0.412254162077599,-0.42427924014751767,0.20074239651081244,0.11974199591285917,
tq,0.28331961811316647,0.3721983009446277,0.43748164364233444,0.3057495322130491,0.4467709274253258,0.4692722973797255,0.4865032667058955,-0.05231486188328297,
tw,0.04665220272888782,0.4996955415276312,-0.2559983888294021,-0.4986685706670139,-0.6848542908002018,-0.42681182733192363,-0.4115951947717486,-0.6266257524676657,
1,0.0,0.0,0.0,0.0,0.0,0.0,0.0,0.0,
0,0.0,0.0,0.0,0.0,0.0,0.0,0.0,0.0,
