,ty,at,pt,rs,tq,tw,1,0,
ty,0.0,0.6634316267455813,0.0,0.41884527043184616,0.0,0.0,-0.6323560345249847,0.0,
at,-0.7198148347623142,0.0,0.16836735997503333,0.24942766712783057,0.0,0.0,0.0,0.0,
pt,0.0,0.0,0.0,0.0,0.0,-0.525020456233949,0.5052920033853576,0.0,
rs,0.6672602104463969,-0.535907672217664,0.0,0.0,-0.29723809879333857,0.0,-0.1269669381384325,0.4781823827544408,
tq,0.0,0.0,-0.4775238516915354,0.0,0.0,0.7036024697198058,0.0,0.0,
tw,0.0,0.0,-0.7283461659716854,0.0,0.0,0.0,0.7397805718328271,0.0,
1,0.0,0.0,0.0,0.0,0.0,0.0,0.0,0.0,
0,0.0,0.0,0.0,0.0,0.0,0.0,0.0,0.0,
