,ty,at,pt,rs,tq,tw,1,0,
ty,0.0,0.0,-0.6576671044731645,0.5563246194747787,0.0,0.38975199374442626,0.0,0.0,
at,-0.05312564290366484,0.0,0.21108025545328576,0.5035531668878092,0.5201268250216288,0.0,-0.37900562118893405,-0.477250034536084,
pt,-0.6398073442690809,0.0,0.0,-0.42276898995282675,0.0,-0.12306338595469987,-0.539950659131381,0.31829816197776467,
rs,0.5836088283408265,0.0,0.0,0.0,-0.6812994700338064,0.3758433882593163,-0.44494857148475286,0.37152364252524406,
tq,-0.5267147151407268,0.3553443385160288,-0.5702198660654451,0.05104834663516819,0.6089137735933978,-0.6518829786319965,0.0,0.0,
tw,0.6583579087296709,0.0,0.0,0.0,0.4316489542691167,0.0,0.519106693579722,0.0,
1,0.0,0.0,0.0,0.0,0.0,0.0,0.0,0.0,
0,0.0,0.0,0.0,0.0,0.0,0.0,0.0,0.0,
