,ty,at,pt,rs,tq,tw,1,0,
ty,0.0,-0.5350792076086766,-0.4619260884537756,0.36903853887051713,0.6643164389058578,0.0,0.0,0.5994689267755,
at,-0.6775809357669256,0.0,0.6645654587024118,0.5402595576114159,0.0,0.6146572819282852,-0.6477974340296412,-0.023348734409630548,
pt,-0.654220882011443,0.6954365636804828,0.0,-0.648427235511764,0.0,0.06528532945371995,0.0,0.526917214960639,
rs,-0.5293143952682282,0.0,-0.5672967477231339,0.683928199372669,0.3592320721676099,-0.6028301694372904,0.0,0.6404068943339084,
tq,-0.4278518951157811,0.0,0.0,-0.1864167423899284,0.0,0.7285786444499429,-0.722549419401432,0.506810309386409,
tw,0.2228068498428879,0.737823672296274,0.7192685906313053,0.09186298594793224,0.30833612554178497,0.0,0.4641097463767665,-0.6974308487208892,
1,0.0,0.0,0.0,0.0,0.0,0.0,0.0,0.0,
0,0.0,0.0,0.0,0.0,0.0,0.0,0.0,0.0,
