,ty,at,pt,rs,tq,tw,1,0,
ty,0.7008773974736944,0.28740238135630697,0.6788442058869038,0.0,-0.21214535021289968,-0.46317926475006604,0.0,0.0,
at,0.687716194485162,0.0,-0.24626192563496435,0.0,0.6359734603473043,0.45538860720262747,0.0,0.4116726888720403,
pt,0.33543153702403183,0.0,0.25444385089838734,0.374186893212749,-0.39385267248183486,0.0,0.42446673706052485,0.687869935704946,
rs,0.6708409284462836,0.47312648677099833,-0.5696850976665944,-0.3288413755205686,-0.6833591476524407,-0.6802211263931737,-0.5717128672333778,0.6927625471025872,
tq,0.6617564711204152,0.5972383715144427,-0.5785458644124593,0.0,0.5691124257719681,0.5056073775207629,0.7104661557414287,0.0,
tw,0.0,0.0,0.5257980045728801,0.549562499179779,0.6573899434241451,-0.17199063556742236,0.0,0.0,
1,0.0,0.0,0.0,0.0,0.0,0.0,0.0,0.0,
0,0.0,0.0,0.0,0.0,0.0,0.0,0.0,0.0,
