,ty,at,pt,rs,tq,tw,1,0,
ty,-0.6754766228344934,0.0,0.0,0.0,0.049855675893119206,0.4156538858751878,0.0,0.0,
at,0.0,0.0,0.5524935408841666,0.0,0.0,0.0,0.0,0.48848695363569805,
pt,0.0,0.0,0.0,-0.4369900618036953,0.0,0.36126323861735055,0.0,0.7856198793229661,
rs,0.06704160860163261,0.7376121761049663,0.5664009406175428,0.0,0.0,0.0,-0.2393782557809458,-0.22874322162561034,
tq,0.4711873270841954,-0.7264119396239986,-0.40937717627019765,-0.45920532460354846,0.0,-0.160217713558582,0.5552856711572516,0.0,
tw,0.09623333624930012,0.0,-0.3315704034463597,0.0,0.0,-0.2856132738286463,0.3977960622198868,0.0,
1,0.0,0.0,0.0,0.0,0.0,0.0,0.0,0.0,
0,0.0,0.0,0.0,0.0,0.0,0.0,0.0,0.0,
