,ty,at,pt,rs,tq,tw,1,0,
ty,0.0,-0.24315510592064804,0.36380715402708685,-0.3917885293984666,-0.2344123783830779,-0.19353060307438275,-0.6247189369271344,-0.5880004561397387,
at,0.43136432604555197,-0.10301320578436528,-0.3905890799733991,-0.5427517682042907,0.542557529039145,-0.1953850666227245,-0.3181584732581492,-0.19960548116073581,
pt,-0.6370053085407823,0.5124562163045135,-0.6121656894587628,0.5487188927994924,-0.24273219025186707,-0.23078894924153717,-0.5269186061705852,0.6088503284609722,
rs,0.481709964288698,0.43259259347463047,-0.565013932221165,0.0882681714500759,-0.49217748702596753,-0.6781704684846032,-0.6453484881423239,0.12185804989897221,
tq,-0.6309248913104262,0.5041567389684798,0.5187490381254627,0.5699178111368594,0.4590123581002682,-0.5054093127045834,0.5170750575805574,0.35658630576731637,
tw,-0.5674419514066115,0.4699400653348868,0.05803889187897544,-0.611761343362923,0.47094606494638963,0.0,0.3832807220419702,0.0,
1,0.0,0.0,0.0,0.0,0.0,0.0,0.0,0.0,
0,0.0,0.0,0.0,0.0,0.0,0.0,0.0,0.0,
