,ty,at,pt,rs,tq,tw,1,0,
ty,0.0,-0.6732019862404,0.3441990713046255,0.3534547765648019,0.664063447226763,0.0,0.0,0.5323134336316666,
at,0.3710027938756461,0.0,-0.43152066306369835,-0.557389695854873,0.0,0.49839699721991987,0.5536926434132184,0.5921491241902344,
pt,-0.7115957074952105,0.41535249554125464,0.0,0.6810851695235105,0.0,0.16357196100960175,0.0,-0.3537941596946655,
rs,-0.6357556062165968,0.0,-0.6744742422453801,0.6912519287487747,-0.5632422897758181,-0.6525761035084643,0.0,0.527351713206436,
tq,-0.3365486766754561,0.0,0.0,0.4565720287816911,0.0,0.6746212477630327,-0.4940697883494638,-0.6738683201840857,
tw,-0.6201098868891686,0.6813678760178943,-0.6955836629822176,-0.42856900022092326,0.4800432162227118,0.0,0.6383837697654323,0.07587309152602874,
1,0.0,0.0,0.0,0.0,0.0,0.0,0.0,0.0,
0,0.0,0.0,0.0,0.0,0.0,0.0,0.0,0.0,
