,ty,at,pt,rs,tq,tw,1,0,
ty,0.0,0.6040915372041499,-0.6563602772358814,0.0,0.4162171410995601,0.0,-0.3427846620036666,-0.40680458551614107,
at,0.0,0.0,-0.5499468119915183,0.0,0.0,0.8138126447153314,0.0,0.7200778016820927,
pt,0.0,0.6317181326645837,0.0,0.7355365295868814,0.0,0.0,0.0,0.0,
rs,-0.6730462798604756,0.0,-0.7438166949900678,0.0,0.0,-0.7829580275518294,-0.663086365373811,0.0,
tq,0.0,0.741374841525699,-0.2681915265104114,0.3825878996311927,-0.682355959865082,0.7659340317620758,0.0,0.687474206910168,
tw,0.0,0.7607273849568328,0.7219221642600323,0.0,0.0,0.0,0.7618714094391353,0.0,
1,0.0,0.0,0.0,0.0,0.0,0.0,0.0,0.0,
0,0.0,0.0,0.0,0.0,0.0,0.0,0.0,0.0,
