,ty,at,pt,rs,tq,tw,1,0,
ty,0.0,-0.1942354248781229,-0.4967392260175255,0.4711842221329673,0.017436470138908384,-0.2357599151398217,-0.47095100050706795,0.3986069316615375,
at,0.554566291710766,0.23178709612295745,-0.5602499716518294,-0.38423012323474925,0.6032146149332235,-0.2516387009789456,-0.3621505082870218,-0.6210128205080866,
pt,0.0,0.5646530597167032,0.4534098207786683,0.45706811487681287,-0.3643096854258216,-0.45442307356380734,0.3136727620325659,0.3875055950036331,
rs,0.6926958416013033,-0.538400268599235,0.04570754980349906,0.5373949423749437,-0.4821819938287328,0.3939824398118206,-0.5476266613213475,0.4866751621571474,
tq,-0.555055915361625,-0.06839231356369661,-0.43182828572985166,0.17258432204529237,0.49204996670945733,0.13323118785265992,0.602632656350487,0.5723537164790307,
tw,-0.4522028388479632,0.0,-0.6749900012615362,-0.35909846286920655,0.5644164717801653,-0.18572257696523725,-0.1995563810021681,-0.4807064705490138,
1,0.0,0.0,0.0,0.0,0.0,0.0,0.0,0.0,
0,0.0,0.0,0.0,0.0,0.0,0.0,0.0,0.0,
