,ty,at,pt,rs,tq,tw,1,0,
ty,0.6438919667448613,-0.2954645718779059,-0.5744482202200935,-0.5805596432540316,-0.10208215218373459,-0.01751613424039223,-0.6707205643788732,0.06332658595270442,
at,0.05430651416081087,0.5362284823602459,-0.1676648148552087,0.6474276540783974,0.5044220970039149,0.3250706884817805,-0.4806706799047541,0.21632017376288143,
pt,0.07695650576417759,-0.5013277001663614,-0.7160345261603095,0.19731854180788932,-0.37719354421167217,-0.3876301680739554,-0.12888388612854926,0.6341980388017252,
rs,0.2940430429719841,0.6446583081678856,-0.2388790481558767,-0.3616148020043076,-0.629994687510686,0.229699715859784,0.17794739372658072,0.20362049955535005,
tq,-0.6314888519172073,0.6088659991823958,0.27514165196275747,-0.38677594783800123,0.6623707130274081,-0.48045187212087326,0.523628333204473,-0.2737306246276552,
tw,-0.14623756101097687,0.3550879847842847,0.2926161832753965,-0.09280495794585791,0.44547979164306384,0.2498321068351868,0.4372659452144529,-0.6164898803482032,
1,0.0,0.0,0.0,0.0,0.0,0.0,0.0,0.0,
0,0.0,0.0,0.0,0.0,0.0,0.0,0.0,0.0,
