,ty,at,pt,rs,tq,tw,1,0,
ty,-0.6326984179199123,-0.6425982188287893,-0.2692559309550171,0.10275288681049297,-0.667993556175296,-0.44357586147499956,0.5664906538851511,0.5174063850065606,
at,0.33128195251176484,-0.4526442111531124,0.3070963374545802,0.14082273521417654,-0.5013582971858064,0.6342552371950877,0.689497152329799,-0.4222902241283129,
pt,-0.0677715426469483,0.4310000135548568,-0.7060506932741245,0.42745272228864767,-0.48729558438336446,0.08112795479710778,0.1875759855351264,0.11252076212161273,
rs,0.6230862061425093,0.1325048099329691,-0.5922508948555112,0.6978828644210977,-0.7042765271415168,-0.47799438969621455,-0.6573495746514761,0.4005265356386862,
tq,-0.2700730648747756,0.3027925670350022,-0.47641272988116756,-0.4884529703595669,-0.620196392815737,-0.6162139614538001,-0.5746893993613437,-0.0415859407727708,
tw,-0.633597658164487,-0.4295329435021383,0.6885750270065427,-0.08792512015614161,-0.6951147497846241,0.40534009077552274,0.6721574437232862,0.31137421588179587,
1,0.0,0.0,0.0,0.0,0.0,0.0,0.0,0.0,
0,0.0,0.0,0.0,0.0,0.0,0.0,0.0,0.0,
