,ty,at,pt,rs,tq,tw,1,0,
ty,-0.6393805330668135,0.6447220414242674,-0.757803100730292,0.5591739274855012,-0.3635395775531298,0.5340464296222391,-0.636576343327046,0.5799389241822238,
at,0.7593191340832005,0.7554582479974012,0.6912319795330109,-0.4612097213697792,0.5536046369285393,0.4491081575745532,0.07857750587687863,-0.7499036415635931,
pt,0.7462297710134936,-0.5846325946211274,-0.7404408422598613,0.584111330745224,-0.2322391380349433,0.47622808404236366,-0.35930969031333954,-0.6760529102977932,
rs,0.7373234653017434,0.21698025125217005,-0.47690947953717844,0.6726953437139134,-0.5145180356487495,0.08142119638131581,-0.2992676641445642,0.6114915153851472,
tq,-0.10668342903980405,-0.7457646579791051,0.7274683394199986,-0.6968067635146967,0.5171985757462674,0.7584655642828491,0.3436317010041577,0.6890006450840617,
tw,-0.6379364967124017,-0.6518868901634699,0.3237991516190559,0.5616368744575729,0.7514387555273628,-0.6726179546797395,0.10097928718857863,-0.6244993128615319,
1,0.0,0.0,0.0,0.0,0.0,0.0,0.0,0.0,
0,0.0,0.0,0.0,0.0,0.0,0.0,0.0,0.0,
