,ty,at,pt,rs,tq,tw,1,0,
ty,0.47454300123195065,-0.33720435909018837,0.33773645772675365,0.39914349890475065,-0.055704845834881035,0.38680663473535215,0.5123446245216702,0.5311997079823586,
at,0.5598435567789894,0.37831779225660894,-0.446099395183599,0.4223670477800591,0.6375322932098855,0.5947042564319279,0.0,-0.44539749393588646,
pt,-0.4149806552448749,0.029654298874035093,0.5806036153789139,0.46338356644837103,-0.6472762013812074,-0.3482037678764806,-0.6222268190697171,0.046990864641215234,
rs,0.23060964171513973,-0.6116144241389161,0.6218521407032834,0.0,-0.13754701605108702,-0.6934125001246574,-0.4319208379770931,-0.48727972598945113,
tq,0.24825476923755924,0.4725891094361441,-0.405900951988897,-0.6688689099002522,0.0,0.643802253498205,-0.06002213353106321,0.35093007096215273,
tw,0.43437174070451373,0.5842950458138192,-0.4851560455875518,0.5230457612478753,0.646706250060814,0.653984314825497,0.5169840533132163,0.5280561929439821,
1,0.0,0.0,0.0,0.0,0.0,0.0,0.0,0.0,
0,0.0,0.0,0.0,0.0,0.0,0.0,0.0,0.0,
