,ty,at,pt,rs,tq,tw,1,0,
ty,-0.7255961792811239,-0.6346555522004035,-0.7280406544848267,-0.18924933886461875,-0.733372703621572,0.6300325322425917,0.11800950289329892,0.7009786717857639,
at,-0.7235540512705614,0.6880376081989552,0.0,0.0,-0.05950784731246705,0.7267741647402483,0.7208536325088603,0.5458133029705753,
pt,-0.7155635494437786,-0.738173451381825,-0.7229878168412823,0.0,0.6969363541382823,-0.4527950173146151,-0.7133384943570816,0.7279365270213526,
rs,-0.4832981425481042,-0.6934215871004996,-0.6319558559243668,0.0,-0.6557936490680176,0.7144758965997667,0.43082653940570503,0.4461014292055774,
tq,0.20746175217840496,0.7441338462465382,0.047875636947371826,0.0,0.0,0.0,0.0,0.22601176791669178,
tw,0.7034521313734183,0.7509425540326251,0.7237213049760053,0.3542003414082184,-0.7073552470616324,0.07457497432801648,0.5898337669527409,0.56046828522538,
1,0.0,0.0,0.0,0.0,0.0,0.0,0.0,0.0,
0,0.0,0.0,0.0,0.0,0.0,0.0,0.0,0.0,
