,ty,at,pt,rs,tq,tw,1,0,
ty,0.0,-0.22840087922438781,0.4870067345003853,0.3412885681248821,-0.19786239700222832,0.4981732966287065,-0.35368309784105634,0.6795667062781937,
at,-0.32187080936210916,0.0,-0.25023789706083616,-0.268681275396263,0.48247358753277203,-0.09208198869613744,0.0,0.0,
pt,-0.49524120002869604,-0.42068301448579853,0.0,0.4978206531235817,0.1367666926853238,-0.35682398949312666,-0.2953346593818686,0.46995058335206036,
rs,0.0,-0.4102972598364854,0.2946376908921526,0.3019617869871742,-0.23139059437322632,0.39262899822119474,0.2724175604652703,0.26207382312673183,
tq,-0.576342548017275,-0.475454059976646,0.05076773787428209,0.3346447472886842,0.6279682793497966,0.008559513357313971,0.10570528605130584,0.004310187446342041,
tw,0.12916185875401365,-0.36809281171681507,-0.20866219171159314,-0.1043934819247717,0.0,0.0,-0.3743828498832931,0.2704197312881362,
1,0.0,0.0,0.0,0.0,0.0,0.0,0.0,0.0,
0,0.0,0.0,0.0,0.0,0.0,0.0,0.0,0.0,
