,ty,at,pt,rs,tq,tw,1,0,
ty,0.0,0.0,-0.5385213437863147,-0.06833076719800318,0.38458243482939747,-0.5023990461440405,0.0,0.5683798479912996,
at,-0.6836151351273594,0.0,0.49363037062345744,0.5889557745329276,0.0,0.6391376416598381,0.4056765504591661,0.0,
pt,-0.5138540997116235,-0.608274311274017,0.0,0.0,-0.4080510202631624,0.0,0.34523048300787973,0.0,
rs,0.0,0.0,-0.38958220825164447,0.0,0.0,-0.37832924425082304,-0.17442602684070682,0.7042523814835614,
tq,0.2843210972895068,0.31209727662214404,0.0,0.0,0.0,0.0,0.3395183317820307,0.0,
tw,0.571050896571759,0.0,0.0,0.0,0.0,0.0,0.36023563735914416,0.0,
1,0.0,0.0,0.0,0.0,0.0,0.0,0.0,0.0,
0,0.0,0.0,0.0,0.0,0.0,0.0,0.0,0.0,
