,ty,at,pt,rs,tq,tw,1,0,
ty,0.0,-0.6062439323041601,0.04344016215856629,0.46091650365641823,-0.11599030045894136,-0.36923182673147037,0.17219848093885157,-0.5478767206272906,
at,0.2894134457126827,0.0,0.2280038349254715,0.5627218053654487,0.38853127917487884,-0.8055502908179814,0.0,0.0,
pt,-0.25574129977236776,-0.4640374394774176,0.0,-0.017999762798050115,0.11806668940776333,-0.4453645191905128,0.5831748215361808,-0.12349691028177208,
rs,0.0,-0.1103009844358544,0.6993393265574949,-0.0035089974828368385,-0.5069406892742863,-0.06867348314626452,0.08956260651267572,0.20910770651833158,
tq,0.09421058461412467,-0.18155859474765695,-0.572105219447881,-0.2809378832465348,0.8052526915675553,-0.5181801428643891,0.5158063396928028,0.17866090707744098,
tw,0.2654268302968184,0.34089014568669795,0.414848674766452,-0.43104804941541364,0.0,0.0,0.5243645721557403,-0.26217005896028095,
1,0.0,0.0,0.0,0.0,0.0,0.0,0.0,0.0,
0,0.0,0.0,0.0,0.0,0.0,0.0,0.0,0.0,
