,ty,at,pt,rs,tq,tw,1,0,
ty,0.0,-0.342891258692236,0.0,0.3326468786202564,-0.13215018516382673,0.4476635773284718,-0.7789305795757795,0.5863456028836851,
at,-0.13850508328522676,-0.6756816999897862,-0.8065764039940269,0.4196513716057038,0.7796061437580435,-0.4289595345968266,-0.7291314340539395,0.7752102537159965,
pt,-0.6957160331257645,-0.5011204587673609,0.12229621477116588,0.40737009118626355,-0.33115700213187776,0.2708637078567786,0.7628251319762739,-0.6564250969519025,
rs,0.07068433563586318,0.18203514116728697,-0.08209940870329338,-0.3316192247948954,-0.6875914355745864,0.1093311602557934,-0.5379442747022559,0.5875045885758334,
tq,0.4353077194215375,0.46504996561126194,0.0,-0.037339009323885064,0.6194290814213229,-0.5596376815808558,-0.36615505150886396,-0.6214356792106532,
tw,-0.7807438473633084,0.7018345146468881,-0.640967015050656,-0.5241601942149438,0.5034021446283218,-0.15577211104954622,-0.4324324769979346,-0.578067598556287,
1,0.0,0.0,0.0,0.0,0.0,0.0,0.0,0.0,
0,0.0,0.0,0.0,0.0,0.0,0.0,0.0,0.0,
