,ty,at,pt,rs,tq,tw,1,0,
ty,0.3123269272336509,-0.50074341426335,-0.6929555237147342,0.7096331353304705,0.18693330784289341,0.6540669210853483,-0.5356972715729134,0.7298602456314714,
at,-0.03772136344904546,-0.5949082086002633,0.5213323734542821,-0.669345218178732,0.6815762407664846,0.48501767200108453,0.0,0.4688962556629033,
pt,0.09152894084509389,0.6589058697037878,-0.6561094050863723,0.33292657759414135,-0.4367810259167475,0.459352032893525,0.19783267534855598,-0.35214335076538295,
rs,-0.7217150295240159,-0.6394559657801122,0.16112728215216934,0.0,0.6061095005617356,0.6930196832160239,-0.5531510730673364,0.5629940500065528,
tq,-0.6634959616118036,0.6676222331113789,0.698634420272336,0.6411088241767149,0.0,0.6145333009356572,0.6359179567692641,-0.3198265150969489,
tw,-0.7172649318248745,0.7211006251940899,-0.5324039081658175,0.028438202934897537,0.11511407187830934,0.45813113320171506,0.5627716204400182,0.6388928364042062,
1,0.0,0.0,0.0,0.0,0.0,0.0,0.0,0.0,
0,0.0,0.0,0.0,0.0,0.0,0.0,0.0,0.0,
