,ty,at,pt,rs,tq,tw,1,0,
ty,0.0,0.0,0.0,0.0,0.0,0.0,-0.278975066460504,0.0,
at,-0.4287611161093426,0.0,-0.13880576158052707,0.0,0.0,0.4033293252003584,0.0,0.0,
pt,-0.43797814113905376,0.0,0.0,0.0,0.0,-0.4398055679119797,0.0,0.049616689346010705,
rs,0.45098612043040953,-0.42140321780415174,0.0,0.0,0.0,0.21436113965929876,0.0,0.29808400804904284,
tq,0.0,-0.36917096112644804,0.08819500365295721,0.3797558748740846,0.0,-0.20248901299554709,0.0,-0.6200239938298987,
tw,-0.424569181257884,-0.0490702984266657,0.0,0.0,0.044893497877231923,0.0,0.0,0.0,
1,0.0,0.0,0.0,0.0,0.0,0.0,0.0,0.0,
0,0.0,0.0,0.0,0.0,0.0,0.0,0.0,0.0,
