,ty,at,pt,rs,tq,tw,1,0,
ty,0.6955254589975717,-0.5487997350412424,-0.7217242484707677,-0.4977146908187669,-0.15732103841016876,0.0,-0.5898366966692224,-0.17732354005531203,
at,-0.5627847598846943,0.0,0.3555648705745256,0.15412279380574326,0.2424529195209935,0.710613617650005,0.39205999240361084,0.0,
pt,-0.11446698740783101,0.34029067863391643,-0.5404295925726031,-0.04882750286067546,0.28761977963328994,-0.4503165709487355,-0.4641416959951094,0.644655043187908,
rs,-0.03692942036676264,-0.532439438502894,-0.5713463242347527,0.182064707772839,-0.7237779115246209,-0.616449585880931,-0.2922794736490489,0.645346018481027,
tq,-0.7107191904930117,0.22997093470835903,0.2950752329578293,0.6412092018329215,0.5590513397833162,0.6254376531422272,-0.6320600584402573,-0.666479218072534,
tw,0.6979911002225351,-0.3357818615685003,-0.643025704618846,-0.6764865682708607,0.5351536943466693,-0.08180261250324629,0.7013466885795103,-0.20819089292211715,
1,0.0,0.0,0.0,0.0,0.0,0.0,0.0,0.0,
0,0.0,0.0,0.0,0.0,0.0,0.0,0.0,0.0,
