,ty,at,pt,rs,tq,tw,1,0,
ty,0.0,-0.6329338553791589,0.19302023674805072,0.2824846262056596,0.46107147244625235,-0.48015192445405647,-0.3602005687715248,0.0,
at,0.0,0.0,0.0,-0.08143786840475133,-0.4850558482159838,-0.41160180233939025,0.0,0.0,
pt,0.0,0.32707398029523893,-0.42892613509189087,0.0,-0.6296742535860425,0.2680008093579492,0.6090753206749674,0.0,
rs,0.0,0.0,0.0,0.0,0.6262886167367465,0.0,-0.35971735889021866,0.013852933263927609,
tq,-0.44952045944438673,-0.6444228756958394,0.44642197921206744,0.6068548277959513,0.0,0.0,0.22506892019771502,0.3224309444174767,
tw,0.35959029213556465,0.0,0.3681002621791795,-0.052933175969250595,-0.45834423647171046,0.0,0.2198263077045404,0.0,
1,0.0,0.0,0.0,0.0,0.0,0.0,0.0,0.0,
0,0.0,0.0,0.0,0.0,0.0,0.0,0.0,0.0,
