,ty,at,pt,rs,tq,tw,1,0,
ty,0.0,0.0,0.4626815412103791,0.0,0.0,-0.5012395800832714,-0.5103793072631858,0.0,
at,0.0,0.0,0.0,0.6016638800784296,0.0,0.6695253964022451,0.22180187626785605,-0.46366918018144465,
pt,-0.41279916293083985,-0.5273463061817237,0.0,0.0,0.0,0.0,0.4791010277489606,0.0,
rs,-0.11699789299036181,0.34832603010341157,-0.6679961920776454,0.0,0.6579266560732697,0.0,0.2664373697672774,0.5877790837680862,
tq,-0.6938832244499321,0.6856003292536569,0.0,0.14425250785115243,0.0,0.0,-0.6734324804908898,0.25791205339194945,
tw,0.0,0.0,0.0,0.0,0.0,0.10435733278545302,0.0,-0.6005658728054486,
1,0.0,0.0,0.0,0.0,0.0,0.0,0.0,0.0,
0,0.0,0.0,0.0,0.0,0.0,0.0,0.0,0.0,
