,ty,at,pt,rs,tq,tw,1,0,
ty,-0.5942138380185477,0.5742193174873786,0.5241328737916442,0.6291728449226169,-0.3689103463473185,0.34917059297739284,0.19880722933869807,0.29025764805726967,
at,0.426961897553289,-0.4094813056401365,-0.2558029019928323,0.4063679721349791,0.5971583716240021,-0.5757882040580712,0.3332166039140793,0.6917976348266359,
pt,0.6011276762740904,-0.44732783752534855,0.2016562247007072,-0.04277200806842033,0.008281994262982309,-0.15899540046132238,0.41060251052412083,0.39389067286461515,
rs,0.6765223971177995,0.25731080702246517,-0.48803125137521025,0.5943823394922374,-0.5339486421387591,-0.4672343383692588,0.11240744000449358,0.6445411496358326,
tq,-0.5557444353614769,0.1326259898972716,0.6227988407842723,-0.35390158721487697,0.45779339450309053,-0.5554708778631732,-0.2819646037408127,-0.3242664507674828,
tw,0.33580732383997886,0.587097391690736,-0.26131649345616753,-0.6173650147943405,0.5675589275559412,0.6627737339849116,-0.4013744162353116,0.5585085186861116,
1,0.0,0.0,0.0,0.0,0.0,0.0,0.0,0.0,
0,0.0,0.0,0.0,0.0,0.0,0.0,0.0,0.0,
