,ty,at,pt,rs,tq,tw,1,0,
ty,0.0,0.319074812464604,0.0,0.3918269233527844,-0.022956603566260864,0.0,0.0,0.0,
at,0.0,0.0,0.0,-0.5422814334113959,0.4365393323532623,0.0,0.4240779979895222,0.0,
pt,0.0,0.0,0.0,0.0,0.07464709660563484,0.5390005967145376,0.0,0.0,
rs,0.7052270868130942,-0.5517611210302824,0.6009512297215153,0.0,0.0,0.0,0.0,0.4086952904554102,
tq,0.0,0.0,0.0,0.45245306546942254,0.0,-0.4961334428856065,0.46651694189622817,0.0,
tw,0.0,0.0,0.0,0.0,0.0,-0.32306698800709144,-0.48568567892457015,0.0,
1,0.0,0.0,0.0,0.0,0.0,0.0,0.0,0.0,
0,0.0,0.0,0.0,0.0,0.0,0.0,0.0,0.0,
