,ty,at,pt,rs,tq,tw,1,0,
ty,0.0,-0.06314595116848326,0.0,0.36938410530940746,0.0,0.0,0.016929225448423655,0.0,
at,-0.07061026047082783,0.0,0.2989753178978481,0.5047962084940323,0.0,0.0,0.0,0.0,
pt,0.0,0.0,0.0,0.0,0.0,0.29905449635674014,0.2980777607296525,0.0,
rs,0.031115497018532313,-0.21742734461243546,0.0,0.0,0.29315059458718834,0.0,-0.3390734409393438,0.29941217495641786,
tq,0.0,0.0,0.2814328484833155,0.0,0.0,9.788747703429147E-4,0.0,0.0,
tw,0.0,0.0,-0.3067087738926144,0.0,0.0,0.0,0.32472916916958156,0.0,
1,0.0,0.0,0.0,0.0,0.0,0.0,0.0,0.0,
0,0.0,0.0,0.0,0.0,0.0,0.0,0.0,0.0,
