,ty,at,pt,rs,tq,tw,1,0,
ty,-0.46451424461221774,0.0,-0.4912277854954715,0.4601567048025338,0.0,0.0,0.0,0.11320645233465965,
at,-0.6763701171722444,0.6147370501032811,0.0,0.0,0.6205239227525722,0.0,0.0,0.0,
pt,0.0,0.0,0.0,0.6794069972279898,0.0,0.5000876674731555,0.6747295995065612,0.0,
rs,0.47615293512230455,-0.6209915446283177,0.0,0.0,0.0,0.0,-0.5261029727398496,0.6907619932224973,
tq,0.0,0.0,0.0,0.0,0.0,0.0,0.0,-0.6576030783030737,
tw,0.1193006252726059,0.0,0.0,-0.12202655846186661,0.0,0.0,0.0,0.0,
1,0.0,0.0,0.0,0.0,0.0,0.0,0.0,0.0,
0,0.0,0.0,0.0,0.0,0.0,0.0,0.0,0.0,
