,ty,at,pt,rs,tq,tw,1,0,
ty,0.42572089845776767,-0.1964556802551205,-0.48837238487620216,0.6456158425788728,0.02916616036486735,-0.29393434694421117,0.5052576589902731,-0.5372788375242521,
at,0.5457136776876602,-0.46301074023563155,0.07464822974817324,-0.5642144742310634,0.6108866922778555,0.3034445503351839,0.5489453239831409,-0.4395848088510094,
pt,0.1253391195456278,0.43476877983960943,-0.23206005276032426,0.334624447981373,0.1350566181986843,-0.012145142446976962,-0.5976029698951982,0.5223522068009305,
rs,0.5714120653401146,-0.32474033775951616,0.5699456704534287,0.6444606503706507,-0.5926959635959189,-0.42695385617873377,-0.5743227420696301,0.6659090873878988,
tq,-0.5811139420223487,-0.4278676596706736,-0.5830733420509133,-0.48724530978159514,0.41083846422624826,0.3781815173779143,-0.4560760209296251,-0.4694540755160835,
tw,-0.2699223957997498,0.4407332962426309,-0.3828191008930719,0.5616183787516106,0.49962140317672116,-0.08360754596200494,-0.44672420427398846,-0.018642875651039423,
1,0.0,0.0,0.0,0.0,0.0,0.0,0.0,0.0,
0,0.0,0.0,0.0,0.0,0.0,0.0,0.0,0.0,
