,ty,at,pt,rs,tq,tw,1,0,
ty,0.0,-0.6905387407322698,0.0,0.5348983484248856,-0.11862473647767165,0.0,0.0,0.0,
at,0.0,0.0,0.0,-0.6982380991543394,-0.07634911813679636,0.0,0.3645215107515959,0.0,
pt,0.0,0.0,0.0,0.0,-0.0556175361629846,-0.14379751965963639,0.0,0.0,
rs,-0.6213919158126068,-0.5412954749435476,-0.7133442308989237,0.0,0.0,0.0,0.0,0.5929518422503183,
tq,0.0,0.0,0.0,-0.6208598058843957,0.0,-0.6516192267920511,0.6486639684958465,0.0,
tw,0.0,0.0,0.0,0.0,0.0,-0.3466319584937503,-0.6350274717858518,0.0,
1,0.0,0.0,0.0,0.0,0.0,0.0,0.0,0.0,
0,0.0,0.0,0.0,0.0,0.0,0.0,0.0,0.0,
