,ty,at,pt,rs,tq,tw,1,0,
ty,-0.6824436584465098,-0.6615217414413274,-0.6935721873620136,-0.6555126611779853,0.7011868975167871,-0.6711144947767381,-0.7328967783477257,0.7185690648253585,
at,-0.7127052155814066,0.6494752685901368,-0.5499916598647082,-0.7196250653468688,0.6188098431924128,-0.6416970206970246,-0.6736442303619457,-0.7188600084046305,
pt,-0.6751154307921662,-0.41878537810591027,0.7139385581504792,0.49750807555613963,-0.7157533966466053,0.6508164002610657,-0.498950824271344,0.6618793381422307,
rs,0.25800509329620963,-0.6935746320565134,0.6573563849378751,-0.625742372431588,0.6814931183632841,0.6669415200602821,-0.7179480284877592,-0.6778632168829694,
tq,-0.7267606737281957,0.6885089110539573,-0.6773770208581614,-0.709910576228966,0.286364638762252,0.7542286341483782,-0.698017941159018,-0.6969835147608923,
tw,-0.686650189628548,0.7195294955150616,0.6916339683677019,-0.4287009776333451,-0.47169628928061574,-0.7061503439033111,-0.6702446230276824,-0.6583914608247625,
1,0.0,0.0,0.0,0.0,0.0,0.0,0.0,0.0,
0,0.0,0.0,0.0,0.0,0.0,0.0,0.0,0.0,
