,ty,at,pt,rs,tq,tw,1,0,
ty,-0.44849191377942704,-0.03944619168449701,-0.46130780586693115,0.3163854573072419,-0.07523947654189488,0.14395343225992577,-0.22664467113712466,0.3897130643958279,
at,-0.4479108955152755,0.605270500311772,0.22858662421307993,0.07926180909850676,-0.6525473350505309,0.11006529718222104,-0.66700641891259,-0.6877908251622492,
pt,-0.1897171479891119,-0.6242772799226591,-0.6157932986298119,0.32897653044772185,0.6367754211251975,0.44565406291460985,-0.5460314928941608,-0.4271442671904762,
rs,0.023631647865906994,-0.4304150689281526,-0.6342821087559061,0.5489406449883492,-0.1833800227839135,-0.3700816593830382,0.4666540890822737,0.5690492832030075,
tq,-0.17383911450378703,0.673983249270243,-0.5838108733607202,0.1214910910303892,0.42317481183896666,0.5717206225813535,-0.2239531014408875,0.19699231465543263,
tw,0.1740534182213353,0.631438166172615,0.2295511935994032,-0.31537512181752103,0.3332044958659245,-0.498697034746673,-0.4195354987201806,-0.6584038505373925,
1,0.0,0.0,0.0,0.0,0.0,0.0,0.0,0.0,
0,0.0,0.0,0.0,0.0,0.0,0.0,0.0,0.0,
