,ty,at,pt,rs,tq,tw,1,0,
ty,0.0,0.0,-0.6946561093801896,0.0,0.0,-0.6651266585220675,0.0,0.0,
at,0.0,0.0,-0.010346877589609345,-0.2877951195870479,0.0,0.0,0.46953975115011337,0.6038443425881834,
pt,-0.48364785819804085,-0.6527784399017718,0.0,0.0,0.6853471882246107,0.0,-0.6125946701566618,0.5998408114408753,
rs,-0.6184214239712088,-0.6894329376137341,0.0,0.0,-0.6711819327712364,0.0,0.0,0.6946294045213994,
tq,0.0,0.0,-0.6430173048272675,0.44999829521675666,0.0,0.0,0.0,-0.6647716189681805,
tw,0.0,-0.5622512792403492,-0.6899596744075011,0.0,-0.6215198007168722,0.0,0.6716528182146683,-0.6885139588707162,
1,0.0,0.0,0.0,0.0,0.0,0.0,0.0,0.0,
0,0.0,0.0,0.0,0.0,0.0,0.0,0.0,0.0,
