,ty,at,pt,rs,tq,tw,1,0,
ty,0.0,-0.6332491361591381,0.0,0.0,-0.13765135271027273,0.0,0.0,0.5848470365963673,
at,0.0,0.0,-0.7150962951841293,-0.39008080310818455,0.7580983008830162,0.7360336068888392,0.31595820159761684,0.6587708150886088,
pt,-0.5601828771213571,0.7326911735639912,0.39764914596346745,-0.7657229892417552,-0.17566081090011407,-0.32443560455771503,0.7312219555971836,0.0,
rs,0.5027835766304408,0.7096127785362093,-0.7547446699984584,0.0,-0.6910458736939,-0.7332651066795042,0.0,0.0,
tq,-0.7263888959434319,0.0,0.0,0.6944236288895546,0.0,0.7624743724881621,0.0,0.0,
tw,0.0,0.0,0.7381518860883409,-0.7584702245049387,0.7461729465383483,0.0,0.0,0.3578259918935421,
1,0.0,0.0,0.0,0.0,0.0,0.0,0.0,0.0,
0,0.0,0.0,0.0,0.0,0.0,0.0,0.0,0.0,
