,ty,at,pt,rs,tq,tw,1,0,
ty,0.3155900597742148,0.0,-0.18936628579083195,0.1239067327102126,0.0,-0.029321559810251672,0.08593050161006555,0.08262227339854619,
at,-0.38955203898694424,0.23964809172884916,0.3432851032879844,-0.5397321510821557,0.6127837506268085,-0.11722321789886574,-0.41162553507028804,0.0,
pt,-0.5164189984266263,0.26758061588734705,0.0,-0.26862525678360183,-0.18234185710769887,0.10373376047623876,0.3879321943683061,0.6806683044867362,
rs,0.0,-0.5518610657124873,0.2757226805344656,0.0,-0.16000609127553317,-0.29657272440122456,-0.41100770926613134,0.0,
tq,0.26980879272779584,-0.22755984103443797,-0.08318615600922678,0.35297147773794624,0.41607352258220526,-0.27085518640071526,0.17420505900279587,0.1266196061826478,
tw,0.0,0.6158821239268002,-0.4952950113282897,0.34059770916613324,0.08871146640187838,0.6468895825947917,-0.291022196551941,-0.5999604642554883,
1,0.0,0.0,0.0,0.0,0.0,0.0,0.0,0.0,
0,0.0,0.0,0.0,0.0,0.0,0.0,0.0,0.0,
