,ty,at,pt,rs,tq,tw,1,0,
ty,0.0,0.14760031855307643,-0.6812892952199304,-0.5032850087130734,0.5063109680408957,0.0,0.0,0.47290778295881636,
at,0.28334772935445596,0.0,0.4870996832780713,-0.5419490291400199,0.0,0.3533442270876207,-0.40063131616782427,0.14665138593714522,
pt,0.0,0.655689999916018,0.0,0.0,0.0,-0.41568487254456765,0.6016056622337309,0.0,
rs,0.0,0.0,-0.6989829050005998,0.0,-0.5027150827420176,-0.447531077693076,-0.45663169173305296,-0.3204762498626773,
tq,0.4875792610936665,0.0,0.5012775611020192,0.0,0.0,0.0,0.55096031319318,0.0,
tw,-0.3195172009208231,0.0,0.572464543450196,0.4795105212325767,0.0,-0.47317948689896905,0.45273708201299406,0.4560978968189334,
1,0.0,0.0,0.0,0.0,0.0,0.0,0.0,0.0,
0,0.0,0.0,0.0,0.0,0.0,0.0,0.0,0.0,
