,ty,at,pt,rs,tq,tw,1,0,
ty,0.0,0.0,-0.1792245631625904,0.0,0.0,0.551924464274926,-0.6907469860206761,0.0,
at,0.0,0.0,0.0,0.6725680225035856,0.0,0.6932774726194157,-0.6749976432579516,-0.32048173029826565,
pt,0.5823158817977291,-0.27726331723945513,0.0,0.0,0.0,0.0,0.15158459674317606,0.0,
rs,0.6746561569082731,-0.6112679130337769,-0.272666969134879,0.0,-0.6663529641659519,0.0,0.48553892728189996,0.5788803091852031,
tq,-0.6657744789208415,-0.6436076619062913,0.0,-0.4625675237971539,0.0,0.0,-0.2503990948646955,-0.6600992079023184,
tw,0.0,0.0,0.0,0.0,0.0,-0.5668410574456767,0.0,-0.5663147428691115,
1,0.0,0.0,0.0,0.0,0.0,0.0,0.0,0.0,
0,0.0,0.0,0.0,0.0,0.0,0.0,0.0,0.0,
