,ty,at,pt,rs,tq,tw,1,0,
ty,0.0,-0.17562806520913934,-0.246969122834772,0.0,-0.1390206883925057,0.0,0.42296295860820465,0.4104407554976508,
at,0.0,0.0,-0.33507667187716117,0.0,0.0,-0.022936619238244967,0.0,-0.3186610916516193,
pt,0.0,-0.7055485103568983,0.0,0.6573864413802146,0.0,0.0,0.0,0.0,
rs,0.12253760567113904,0.0,0.14171661923641193,0.0,0.0,-0.4937509465743145,-0.294711037985462,0.0,
tq,0.0,0.6920844516191438,-0.43854138692663186,-0.4166697297081528,0.36620617755175844,-0.08060838248325525,0.0,-0.1625444093274442,
tw,0.0,-0.31356847318581255,-0.37562693105632605,0.0,0.0,0.0,-0.20819541844611697,0.0,
1,0.0,0.0,0.0,0.0,0.0,0.0,0.0,0.0,
0,0.0,0.0,0.0,0.0,0.0,0.0,0.0,0.0,
