,ty,at,pt,rs,tq,tw,1,0,
ty,0.0,-0.31453094010539545,0.0,0.0,0.45958393416252796,0.0,0.0,0.6110059083034007,
at,0.0,0.0,0.5274261749321129,0.4392006299920102,-0.35368034778950586,-0.3007834200941317,0.6047908272814928,0.11567520626282922,
pt,0.05567066417671778,-0.6061763007498321,-0.7020736242876859,-0.7007087927344212,-0.025105548370655366,-0.38290740664164746,0.27000963033541975,0.0,
rs,0.6927938100826273,-0.03828901357111317,0.2347885421406555,0.0,-0.687275695523209,0.6293251685904233,0.0,0.0,
tq,-0.6153095417639614,0.0,0.0,0.4781079886771658,0.0,-0.6479152165590109,0.0,0.0,
tw,0.0,0.0,0.626355679509788,-0.3167623530241117,-0.336893727307041,0.0,0.0,0.15536431177078064,
1,0.0,0.0,0.0,0.0,0.0,0.0,0.0,0.0,
0,0.0,0.0,0.0,0.0,0.0,0.0,0.0,0.0,
