,ty,at,pt,rs,tq,tw,1,0,
ty,0.0,0.4056753698918919,-0.6751198588684558,0.3306275382444064,-0.6803240904284784,-0.38388383039835666,-0.5025744706219052,0.0,
at,0.0,0.0,0.0,0.31990226430790236,0.35957623004708583,0.29672482859281396,0.0,0.0,
pt,0.0,-0.4178317664853117,-0.5455385590030073,0.0,0.42027481273518286,0.0561917029402264,0.5562295403064572,0.0,
rs,0.0,0.0,0.0,0.0,-0.6034785820762755,0.0,-0.4399174570980028,0.7021426021299354,
tq,0.6983099181323896,0.6873833265123656,0.29767863138915324,-0.5187023001798861,0.0,0.0,0.5009779333759263,-0.07500550280956207,
tw,-0.2467478030069049,0.0,0.011698533044403206,0.5513051258852273,-0.25217594474156607,0.0,0.525781722754807,0.0,
1,0.0,0.0,0.0,0.0,0.0,0.0,0.0,0.0,
0,0.0,0.0,0.0,0.0,0.0,0.0,0.0,0.0,
