,ty,at,pt,rs,tq,tw,1,0,
ty,0.4852954456752143,0.6569824621760761,-0.6609630218683952,0.0,-0.3456218249047097,-0.5782727594321897,0.0,0.0,
at,0.5862240583780264,0.0,-0.51359991806241,0.0,0.677441220072552,-0.4960891186943211,0.0,0.6168827402065183,
pt,-0.6314755961604318,0.0,-0.6762618765154683,-0.6801465305203384,-0.45361547202423874,0.0,-0.6917590644276249,-0.47253309409117217,
rs,-0.6759707011740218,0.5795026154169847,-0.6114130947059818,0.6660821131179402,-0.6051381749988552,0.20936309854848664,-0.4675057062632598,0.6730512112504661,
tq,-0.47345161932945173,0.5357634732025285,0.6825966923860665,0.0,0.4841854827369484,0.6769591995168048,0.6931944084962264,0.0,
tw,0.0,0.0,-0.5968357681061475,0.23543565659958585,0.6031605563598167,-0.6481982626532696,0.0,0.0,
1,0.0,0.0,0.0,0.0,0.0,0.0,0.0,0.0,
0,0.0,0.0,0.0,0.0,0.0,0.0,0.0,0.0,
