,ty,at,pt,rs,tq,tw,1,0,
ty,0.0,0.21290326609332716,-0.4999838808839271,0.1927526921034557,-0.4408484120766273,0.0,0.0,0.4729905426646579,
at,-0.5889873823602922,0.0,-0.6068493178342689,0.4255115856091112,0.0,0.33443622026655867,0.554082615174034,-0.5410405062299881,
pt,0.6167330050957599,-0.16666524492111806,0.0,0.14595834516903908,0.0,-0.5116101774960438,0.0,-0.4274602108613163,
rs,-0.22475246930603968,0.0,-0.6299015583515677,0.21893859741961852,-0.3265011949073538,-0.6589840056682081,0.0,0.6679262645390021,
tq,0.6186618346106592,0.0,0.0,-0.45689619914745805,0.0,-0.6459476737818303,0.601497998046455,-0.16008333178737394,
tw,-0.13760567604840626,0.656040795660184,-0.40297601815293493,0.2941194182195832,-0.596918120858452,0.0,-0.6675622446872577,0.48378673873873035,
1,0.0,0.0,0.0,0.0,0.0,0.0,0.0,0.0,
0,0.0,0.0,0.0,0.0,0.0,0.0,0.0,0.0,
