,ty,at,pt,rs,tq,tw,1,0,
ty,0.0,0.6854479328902464,0.3821331528769614,0.5895127599283141,-0.5102918939795326,0.0,0.0,0.675995686246831,
at,0.7423411782524832,0.0,-0.6130488134434224,-0.7094254489800481,0.0,-0.28732246059380045,0.7124596446314065,0.06888270836829481,
pt,0.0,-0.5818402436277696,0.0,0.0,0.0,-0.6551759640531186,-0.6930709588935776,0.0,
rs,0.0,0.0,0.7056387102787979,0.0,-0.41216454641825,-0.4961976595835163,0.07194870157556149,0.6610650295388801,
tq,-0.6770491610937208,0.0,-0.14230723909745632,0.0,0.0,0.0,0.5956728221863512,0.0,
tw,-0.4672109441115801,0.0,-0.34506701695626707,0.14745728884175355,0.0,-0.7204801170663894,-0.00484350052451819,-0.7109318979646894,
1,0.0,0.0,0.0,0.0,0.0,0.0,0.0,0.0,
0,0.0,0.0,0.0,0.0,0.0,0.0,0.0,0.0,
