,ty,at,pt,rs,tq,tw,1,0,
ty,0.0,0.0,0.0,0.003057972957048676,-0.5631201577533862,0.40186598653028494,0.0,0.5297477597731866,
at,0.3932522025352141,0.0,0.0,0.4829963586133406,0.0,0.0,0.0,-0.6133057698621148,
pt,-0.6192844861783869,0.36643478739079305,0.0,0.0,0.0,0.44597440962650103,0.0,0.0,
rs,0.0,-0.32418471187615855,-0.29272775936178685,0.0,0.0,0.0,0.0,0.5933804638146445,
tq,-0.21376679623055522,0.47853504676706315,0.0,0.21445790372781293,0.0,-0.6659709460539963,0.6476212537311522,0.0,
tw,0.0,-0.3461206006803013,0.6311411484444021,-0.09148996981354374,0.0,0.0,-0.40929708661109554,-0.2693845851732842,
1,0.0,0.0,0.0,0.0,0.0,0.0,0.0,0.0,
0,0.0,0.0,0.0,0.0,0.0,0.0,0.0,0.0,
