,ty,at,pt,rs,tq,tw,1,0,
ty,0.0,0.0,-0.40877443204509584,0.17651596669433067,0.6035890057532299,0.32728596753969574,0.5209348312231884,-0.505987012094625,
at,-0.18638333444970948,-0.5370922701793055,0.028715833115062418,0.10842575048638341,0.0,0.41328086496503325,-0.5436231413470576,-0.6906353183265087,
pt,0.6685925999724555,0.0,0.0,0.0,0.365795780898398,-0.5312688560676629,0.18371939077320965,0.5738761268599762,
rs,-0.3220609115764978,0.5637172011322971,0.5723007943599964,0.6828127605514634,0.23413818235662995,-0.23356611045533074,0.0,0.0,
tq,-0.5627647605070804,-0.021728594908665126,0.0,0.25276891329402923,0.0,0.31210422029699414,0.0,-0.4165394679155952,
tw,0.24594777854176536,0.0,-0.4666839031137519,0.0,-0.44220804223311244,0.0,0.5523117625186731,-0.47450181802888325,
1,0.0,0.0,0.0,0.0,0.0,0.0,0.0,0.0,
0,0.0,0.0,0.0,0.0,0.0,0.0,0.0,0.0,
