,ty,at,pt,rs,tq,tw,1,0,
ty,0.0,-0.6126704614082723,-0.5523534251618478,0.41013315534499883,0.0,-0.6117438939073463,-0.6240710030448579,0.0,
at,0.0,0.0,-0.6054999563286018,0.0,0.0,-0.6545395371395075,0.0,0.0,
pt,-0.2631964493050723,0.0,0.0,0.532791418495824,0.0,0.4316548300967576,-0.658710101383187,0.0,
rs,0.0,0.0,-0.44903820678266104,0.0,-0.44101723562210743,0.0,0.0,0.0,
tq,0.05305010375661309,-0.03364453363589178,-0.5636870992876746,0.0,0.6382095844446537,0.5032463293858259,0.0,0.0,
tw,-0.563585343234878,0.0,0.6409279348581797,0.0,0.6600960613447554,0.0,-0.651734179438459,-0.6902815831291049,
1,0.0,0.0,0.0,0.0,0.0,0.0,0.0,0.0,
0,0.0,0.0,0.0,0.0,0.0,0.0,0.0,0.0,
