,ty,at,pt,rs,tq,tw,1,0,
ty,-0.2617297003630755,-0.3983450333418001,-0.5890604588961457,0.3657327937501361,0.38956110423081836,-0.4964164169530565,0.0,0.24267285517434037,
at,0.625970098340713,0.0,0.4256955143910821,0.5146173534973573,0.39116887900027475,0.0,0.4235893908281965,0.4026115435614735,
pt,0.0,-0.24916077057520095,0.0,0.0,0.15348306471861592,0.6102835680696854,0.0,0.0,
rs,0.0,0.1293901683739593,-0.5408215166292135,0.0,-0.5318417278245553,-0.5439726932769486,-0.47778250362963365,0.0,
tq,-0.6086888447773646,0.0,-0.5785184158539216,-0.055968537343010834,0.0,0.0,0.0,-0.5923979035036405,
tw,-0.706179782391905,-0.39920278965859696,0.0,0.0,0.0,0.0,0.10513498008121222,0.0,
1,0.0,0.0,0.0,0.0,0.0,0.0,0.0,0.0,
0,0.0,0.0,0.0,0.0,0.0,0.0,0.0,0.0,
