,ty,at,pt,rs,tq,tw,1,0,
ty,0.0,0.0,0.0,-0.041142823800959585,0.0,-0.5157258103898507,-0.6810657615775426,0.0,
at,0.0,0.0,0.0,0.08264721923034833,0.680039388773961,0.0,0.0,0.0,
pt,0.0,0.0,0.0,0.0,-0.5661761633842348,0.27785795505827443,0.0,-0.022092730219753012,
rs,0.0,0.0,0.0,0.6011243495947692,-0.20934295504706807,0.0,0.0,0.0,
tq,0.0,-0.49120918445484985,-0.2040882457611332,0.08966215629578787,0.0,0.7105679867035088,0.0,-0.6564352065913107,
tw,0.0,0.0,0.0,0.7041254074036174,0.7211600070089093,0.0,0.0,0.0,
1,0.0,0.0,0.0,0.0,0.0,0.0,0.0,0.0,
0,0.0,0.0,0.0,0.0,0.0,0.0,0.0,0.0,
