,ty,at,pt,rs,tq,tw,1,0,
ty,0.0,-0.43805300557743077,0.0,-0.5419321880230475,0.0,0.0,0.5559426124782804,0.0,
at,-0.40417557978191915,0.0,0.596672200580035,-0.7075205137222181,0.0,0.0,0.0,0.0,
pt,0.0,0.0,0.0,0.0,0.0,-0.38340247126574495,0.01929729172556561,0.0,
rs,0.19380455675276897,-0.2504030602664766,0.0,0.0,-0.48699076739113895,0.0,0.06002874072969388,0.796929531073037,
tq,0.0,0.0,0.5351940688450466,0.0,0.0,-0.4719334975204379,0.0,0.0,
tw,0.0,0.0,0.34223150988882006,0.0,0.0,0.0,-0.015552225902411202,0.0,
1,0.0,0.0,0.0,0.0,0.0,0.0,0.0,0.0,
0,0.0,0.0,0.0,0.0,0.0,0.0,0.0,0.0,
