,ty,at,pt,rs,tq,tw,1,0,
ty,0.0,-0.6631307259892084,0.0,-0.06426677987224601,-0.06430477522718048,-0.6932621091354341,-0.6407737080130366,0.4237782354047177,
at,-0.12326248488486427,-0.4132076862693117,0.5295328409983328,0.44898166637553943,0.622720876561,0.4332602707695417,-0.676453833438435,0.6938465727309909,
pt,0.385205759317142,0.6837131062828936,-0.588232222420455,0.6263787559629403,0.5893562191796301,-0.4931930223636155,0.6927211549072908,-0.5675041036757366,
rs,-0.38054204821124216,-0.47559188330745433,-0.21679302831070482,0.3605702774545442,-0.6439536144940662,-0.546840322929975,0.5163049174179354,0.682556904889558,
tq,0.2682016022716216,-0.665682988740673,0.0,-0.5772011655364853,0.41683506869475995,0.2484502936643079,-0.4350495531306047,-0.4568096773084645,
tw,0.686692609981104,-0.410861094509807,-0.6651420338223691,-0.0881116880433828,0.4386712426303071,0.5683415076113675,0.07775371921681971,0.6555994548876503,
1,0.0,0.0,0.0,0.0,0.0,0.0,0.0,0.0,
0,0.0,0.0,0.0,0.0,0.0,0.0,0.0,0.0,
