,ty,at,pt,rs,tq,tw,1,0,
ty,0.0,-0.654556311687283,0.0,0.0,-0.40036895387693755,0.0,0.0,0.4115775923847789,
at,0.0,0.0,0.7339254133776731,-0.4026655573752328,0.726381936537756,0.5647292704781254,-0.7012788225761333,0.44522793194267246,
pt,0.7525759716019639,-0.768600916759095,-0.6284697328733791,0.7436765254503764,0.11379406111761005,0.0849012174805409,0.44153681740592243,0.0,
rs,-0.7543435745444618,-0.7124378930647883,-0.7432907954189315,0.0,0.74828723164171,-0.7403770493441955,0.0,0.0,
tq,0.072953278660897,0.0,0.0,-0.7431702121359316,0.0,0.7417422825815725,0.0,0.0,
tw,0.0,0.0,0.7238644330243693,-0.7237693534259707,0.7265095596920638,0.0,0.0,0.031020639679195564,
1,0.0,0.0,0.0,0.0,0.0,0.0,0.0,0.0,
0,0.0,0.0,0.0,0.0,0.0,0.0,0.0,0.0,
