,ty,at,pt,rs,tq,tw,1,0,
ty,0.0,0.7276162316852623,-0.5008836386906089,0.6557987301406657,0.0,-0.4413546477918593,-0.5971017796557044,0.0,
at,0.0,0.0,0.469840593514001,0.0,0.0,-0.7348126561311362,0.0,0.0,
pt,-0.7055406173641758,0.0,0.0,0.07277487194445303,0.0,-0.7199698176913419,0.08925728051694137,0.0,
rs,0.0,0.0,-0.6983977159806183,0.0,-0.7326845320362256,0.0,0.0,0.0,
tq,-0.42220448258157445,0.5356061747645641,0.4492590796593712,0.0,0.7111875013564826,-0.38868422411619497,0.0,0.0,
tw,-0.39612044484634934,0.0,-0.4819518765689025,0.0,0.7266045909140691,0.0,-0.6143323642040979,0.7300249441093294,
1,0.0,0.0,0.0,0.0,0.0,0.0,0.0,0.0,
0,0.0,0.0,0.0,0.0,0.0,0.0,0.0,0.0,
