,ty,at,pt,rs,tq,tw,1,0,
ty,0.4125396286856286,0.3830003269910171,-0.34188335330130654,-0.12345023749729499,-0.20717140385022773,-0.4296933492259796,-0.5976905563782813,0.6399182505972593,
at,-0.31381462044478564,0.0,-0.6856782756079638,0.25805008483958114,0.4560610310085061,-0.4778907688529015,-0.36629641125282464,0.027770679017957326,
pt,0.0,-0.6310571957308717,0.31493571069786147,0.4157293490112257,0.0988783350433707,-0.4563065046065501,0.5190544891112007,0.6286210074735618,
rs,-0.6599948803327875,0.3951897211350429,0.6483963617685503,-0.6391720452922862,-0.4250245974444071,0.3823893879218079,0.28809371215704815,0.5173943193464777,
tq,0.0,-0.5788318523927058,-0.11805579909236473,0.3758014409459061,0.4945211982626781,0.4254641276272961,-0.2573027703801766,-0.32618477077023883,
tw,-0.37728436072657234,0.4253129704052035,-0.4583832199898324,0.34317841522470366,0.36359320722725214,0.3333148353930094,0.528374998964382,0.5151657328977148,
1,0.0,0.0,0.0,0.0,0.0,0.0,0.0,0.0,
0,0.0,0.0,0.0,0.0,0.0,0.0,0.0,0.0,
