,ty,at,pt,rs,tq,tw,1,0,
ty,-4.331798637148729E-4,0.10310518165252591,0.6880675905751469,0.6104853294159458,-0.6814489971414468,-0.2793182982873303,0.2375528874638393,-0.27213996162220544,
at,-0.013474258239568935,-0.16831557253159804,0.22135691779662098,-0.44217361244660275,-0.570748635391119,-0.11639733689935647,0.4578639404165603,0.33289360354183734,
pt,-0.20699237321435374,-0.5596814712087801,-0.2872615662742049,0.28694789259237924,0.03487565504292071,0.48972450323313566,0.2987751395268206,-0.0432689011558198,
rs,-0.37067777617280245,-0.3764780839275574,-0.3291735654555204,0.6633893740687069,0.5512533604311125,-0.4970922720954904,-0.5940533100857972,0.5773597115017975,
tq,0.023836227135271768,-0.5656479647290819,0.2948780655532021,0.06429538405566944,0.030476209544527854,-0.4122644911024487,0.23158080583054516,0.1899822717872845,
tw,-0.4003444714329921,0.5919138370905694,-0.13419975606763798,-0.4339299055070324,0.10372195267187372,0.420825404058414,0.5618459701121807,0.38550492297905925,
1,0.0,0.0,0.0,0.0,0.0,0.0,0.0,0.0,
0,0.0,0.0,0.0,0.0,0.0,0.0,0.0,0.0,
