,ty,at,pt,rs,tq,tw,1,0,
ty,0.0,0.6471643122381725,0.0,0.0,0.08885823549862171,-0.6238963295608487,0.0,0.68803527517233,
at,0.6931687662512649,0.0,-0.3712099957471612,-0.6760253635033324,0.48822642595412413,-0.5768394942795372,-0.5131263119606595,-0.4687217378918104,
pt,-0.49465969210465954,0.0,0.0,0.527728726644707,0.08618756462811529,-0.4818484770001481,-0.6706828582405076,0.3873606902769746,
rs,0.680393067859792,0.0,0.4847416856512717,0.0,-0.6362671874795944,-0.2738224817493572,-0.5152718962907541,-0.49082840349832,
tq,-0.5964794922800305,-0.6677811635262124,0.0,-0.3801287294185825,0.0,0.25955701078503274,0.0,-0.6105006195686629,
tw,-0.6729226218287233,0.5095504592066317,-0.09295236512595088,0.5350707591985947,0.0,0.0,0.505053022145353,-0.6850891956926819,
1,0.0,0.0,0.0,0.0,0.0,0.0,0.0,0.0,
0,0.0,0.0,0.0,0.0,0.0,0.0,0.0,0.0,
