,ty,at,pt,rs,tq,tw,1,0,
ty,0.0,-0.45802936040663095,0.0,0.36267793984905095,0.5362152209708696,0.11602215191906252,0.2149034245968488,0.0,
at,0.0,0.0,0.0,0.0,0.4090746319304042,0.0,0.6463030664007758,0.6657263628551635,
pt,0.36281432482379866,-0.6338014488528435,0.0,-0.18962064411990598,-0.48985729594572813,0.6431631177405743,-0.609363077452206,-0.6182045418852349,
rs,-0.31728074847202675,0.5536540515747972,-0.44223987567615897,0.7122165212253745,-0.5348927543664912,-0.7058244372466846,-0.3987785054691849,0.45836888483926364,
tq,0.700276579523599,-0.23857245977090932,0.0,0.0,-0.690210484544465,-0.39321532045070895,0.5534790337171436,-0.6414400595440773,
tw,0.6654303945840917,0.6058573276355905,0.0,0.0,0.6955632912638277,0.6086680774241131,-0.5434444524835025,0.0,
1,0.0,0.0,0.0,0.0,0.0,0.0,0.0,0.0,
0,0.0,0.0,0.0,0.0,0.0,0.0,0.0,0.0,
