,ty,at,pt,rs,tq,tw,1,0,
ty,0.0,0.0,-0.6218315202282966,-0.749564256349184,-0.17822762553283497,-0.29424064039269654,0.0,0.26850060642372525,
at,0.18545168378855095,0.0,-0.7634320705859112,-0.44996835203201035,0.0,-0.30232941489352005,0.4179346673645327,0.0,
pt,-0.6460773871896087,0.46435605578858874,0.0,0.0,-0.016035630316161467,0.0,0.16693489814206824,0.0,
rs,0.0,0.0,0.17478427746793823,0.0,0.0,-0.6274689885125644,-0.34110571566895725,-0.38525477777771067,
tq,-0.688489585240135,0.6421226354293429,0.0,0.0,0.0,0.0,0.34160963313867204,0.0,
tw,0.42836366560960687,0.0,0.0,0.0,0.0,0.0,-0.32513204151356173,0.0,
1,0.0,0.0,0.0,0.0,0.0,0.0,0.0,0.0,
0,0.0,0.0,0.0,0.0,0.0,0.0,0.0,0.0,
