,ty,at,pt,rs,tq,tw,1,0,
ty,0.0,0.43988211287087925,0.6888380947800137,0.5871267337160614,0.14975613088010822,0.6923718593954922,0.3622618325230902,-0.6065510198020861,
at,0.5575552156620331,0.0,-0.31106829432339544,0.12120177911715392,-0.4574058960785425,0.5595653632510211,0.0,0.0,
pt,-0.6202166732216255,-0.32502698084443704,0.0,-0.10167647781436007,-0.6329350738035169,-0.3656856490801269,0.02017585494293919,-0.4219813036231338,
rs,0.0,-0.6825006865344581,-0.6634136529400255,0.6194399798612367,-0.6660770889865816,-0.6073703239695538,-0.594186020026928,0.5131654855498025,
tq,-0.5940226957218029,0.6160153234850486,-0.352994352863607,-0.07633807696623461,-0.5833941059645392,0.45341992608725334,-0.33831085279154793,0.18145156876560983,
tw,-0.6068546409119007,-0.1901255252553823,0.15594290484796103,-0.25365531011347064,0.0,0.0,0.6373384660756017,0.42239926144861556,
1,0.0,0.0,0.0,0.0,0.0,0.0,0.0,0.0,
0,0.0,0.0,0.0,0.0,0.0,0.0,0.0,0.0,
