,ty,at,pt,rs,tq,tw,1,0,
ty,0.0,0.0,0.0,0.0,0.7813545078439442,0.6834388446909079,0.0,0.0,
at,0.0,0.0,0.0,0.3789414643194803,-0.5150875416298129,-0.18790966479749663,0.0,0.8531992003584574,
pt,0.0,0.8563592081871247,0.0,0.0,-0.796807737983386,0.6545236692595315,0.0,0.0,
rs,-0.46561781887404846,0.6855180244622628,-0.5014477938395724,0.0,-0.8282904693730696,0.0,0.0,0.0,
tq,-0.2112829365220369,-0.2335446086112851,-0.272992105387106,-0.37679286508353654,0.0,0.0,0.5652500233870343,0.0,
tw,0.0,0.8657900693988111,-0.8638562656400702,-0.6894583444433612,0.44916319397253707,0.0,0.03569154642404089,0.0,
1,0.0,0.0,0.0,0.0,0.0,0.0,0.0,0.0,
0,0.0,0.0,0.0,0.0,0.0,0.0,0.0,0.0,
