,ty,at,pt,rs,tq,tw,1,0,
ty,0.0,0.0,0.5596434515792275,0.0,0.0,-0.2162717965951072,0.0,0.0,
at,0.0,0.0,-0.07006142604237416,-0.05972658699413478,0.0,0.0,0.567844574784442,-0.1525225447609357,
pt,-0.3604253676135422,-0.4926604716850881,0.0,0.0,0.42410957422057827,0.0,-0.5037449637001096,0.6729612698330514,
rs,-0.14435138985310808,-0.558761746495606,0.0,0.0,-0.39846234076842724,0.0,0.0,0.6802660160538183,
tq,0.0,0.0,-0.5443029902617477,0.4373501303356554,0.0,0.0,0.0,-0.49376601074697496,
tw,0.0,0.3605766590253682,-0.6053328249119568,0.0,-0.3452399012534125,0.0,0.6149063664470107,-0.03150692312530491,
1,0.0,0.0,0.0,0.0,0.0,0.0,0.0,0.0,
0,0.0,0.0,0.0,0.0,0.0,0.0,0.0,0.0,
