,ty,at,pt,rs,tq,tw,1,0,
ty,-0.48258979216668985,-0.6202154024089983,-0.445322938255663,-0.29483873303403385,-0.3826467980548626,-0.5174953203782279,-0.4203702731579736,0.250799459828227,
at,-0.24905714272713167,0.6506981117826662,-0.6297840924398154,0.42945791485116297,-0.5239867392148427,-0.34254742386151393,0.6045990061018278,-0.657093525003563,
pt,0.3439137409965127,-0.6367096187384206,-0.39220430697801134,-0.12099706612782263,0.5907520868079436,0.21019797304626422,0.3476457336886154,-0.5674749845987663,
rs,0.3900685407597994,-0.7116802068826271,-0.6609315481006018,0.1614634656803343,0.42459371021645054,0.5384960155221247,-0.34794429055491516,-0.40194236626809715,
tq,-0.6735352451472867,0.6739126201097386,0.6405367450181872,0.6223129071097816,-0.5289867459413422,0.5545458544685917,-0.3950000004606146,0.1224820684613299,
tw,0.08412871260193465,0.5752290140617886,-0.14940246015584469,-0.5807937325167921,0.45775920972798984,0.6148779185096791,-0.6268588087199762,0.42996489430540413,
1,0.0,0.0,0.0,0.0,0.0,0.0,0.0,0.0,
0,0.0,0.0,0.0,0.0,0.0,0.0,0.0,0.0,
