,ty,at,pt,rs,tq,tw,1,0,
ty,-0.660828486446729,0.6920275993118254,0.6593027667487776,0.719607064566063,0.6963739207246936,0.44777834495645596,-0.4869228556856021,0.435179317851608,
at,0.5355918982041925,-0.6634942313369195,0.7388046358889298,0.7345585997755546,0.550154606622612,0.7248102645233583,0.7247543975421097,-0.6062906149331221,
pt,-0.7073345717950358,-0.7101455889773262,-0.7427504228004195,-0.664885790883311,0.6051967082792171,-0.29163956896348264,0.1382999506555082,0.674252682661669,
rs,-0.6211404893272614,-0.5179489763235657,-0.7483269803774882,0.7396522247622188,-0.6757321350677575,-0.6914204415558594,-0.35189930648140355,0.7398934508104592,
tq,-0.6382344254600458,-0.7328796865859367,0.510277981728242,0.28380968871188805,-0.7287029635931763,0.6398886374251366,-0.7351644856992803,-0.46982977303962015,
tw,-0.48232047161082797,0.654484817524159,-0.2539436993032256,-0.32535236690639,0.6421831168559252,0.5968110387279373,0.7332143064879396,-0.741918682498484,
1,0.0,0.0,0.0,0.0,0.0,0.0,0.0,0.0,
0,0.0,0.0,0.0,0.0,0.0,0.0,0.0,0.0,
