,ty,at,pt,rs,tq,tw,1,0,
ty,-0.11707065411858876,0.49694348152623763,-0.600640817334364,0.4875769438174289,0.4270978876490575,-0.33554548921940425,-0.03664814680960211,-0.2901921277088033,
at,-0.4721356563865985,0.30481433349800674,0.0,0.0,0.43481238772262243,0.4680820815130976,-0.1631002785891059,-0.23246995773074428,
pt,-0.5142451528641627,-0.49187713979617925,-0.5189468094244546,0.0,-0.018498004360483104,-0.4201140904328545,-0.4095588876603513,-0.4950903885379354,
rs,0.416881116504964,-0.4855880984407632,-0.0011698144949651402,0.0,-0.6222896299874846,-0.3322599780430876,-0.3859216274012347,0.5851147391472391,
tq,-0.007851712956612092,-0.4618020334641747,0.1869641165508918,0.0,0.0,0.0,0.0,-0.3935599685110496,
tw,-0.6227064739787366,-0.6514398980284936,-0.41315735633127354,-0.023110060642237657,-0.48514150060262334,0.2790507559555167,0.7102168160711781,0.5327671615545567,
1,0.0,0.0,0.0,0.0,0.0,0.0,0.0,0.0,
0,0.0,0.0,0.0,0.0,0.0,0.0,0.0,0.0,
