,ty,at,pt,rs,tq,tw,1,0,
ty,0.0,0.0,0.0,0.27373690175866167,0.0,-0.6852455609797415,-0.40188393808888767,0.0,
at,0.0,0.0,0.0,-0.33756576710028086,-0.5387922321643309,0.0,0.0,0.0,
pt,0.0,0.0,0.0,0.0,0.6197936788118796,0.5560200646566812,0.0,-0.43032686904567713,
rs,0.0,0.0,0.0,-0.6902317858779433,0.5283757928158146,0.0,0.0,0.0,
tq,0.0,0.4697726357216783,-0.4256786790015292,-0.45976082182546635,0.0,0.562405185758084,0.0,0.028179059745022064,
tw,0.0,0.0,0.0,-0.15489838820703833,-0.00223212008540671,0.0,0.0,0.0,
1,0.0,0.0,0.0,0.0,0.0,0.0,0.0,0.0,
0,0.0,0.0,0.0,0.0,0.0,0.0,0.0,0.0,
