,ty,at,pt,rs,tq,tw,1,0,
ty,0.0,0.6614109266140653,-0.47828420887863116,0.0,-0.10769800258492895,-0.6641510869465223,0.0,0.0,
at,0.10056237855834539,0.0,0.0,0.0,0.6212519771270639,0.339540330874036,0.0,0.5509732355753387,
pt,-0.4970909416199363,0.6248645310198964,0.0,0.0,0.0,0.0,0.5637105550088858,0.0,
rs,0.6716382427322353,0.0,-0.6625278734325821,0.0,0.0,0.042741511430177556,0.0,0.0,
tq,0.0,0.0,0.40088261356583166,0.0,0.0,0.0,0.0,0.0,
tw,0.36669603635136877,0.0,0.0,-0.6131056833539957,0.0,0.0,0.0,0.0,
1,0.0,0.0,0.0,0.0,0.0,0.0,0.0,0.0,
0,0.0,0.0,0.0,0.0,0.0,0.0,0.0,0.0,
