,ty,at,pt,rs,tq,tw,1,0,
ty,0.3382189549042582,-0.6376025531774464,-0.7117332959054343,0.12457026132259535,-0.04317562857471868,-0.33746835725265517,-0.13647428888070637,0.07952847262022464,
at,-0.39917102111397135,0.0,-0.3675761661671979,-0.6145853219589126,0.427674011522346,-0.0035588469838173354,0.13067170630984815,0.017718430592054548,
pt,0.0,0.30654581888075483,-0.6409214014017833,-0.358235140959305,0.40294547300062955,-0.09253773445323989,0.13376402554288644,-0.3511162477835507,
rs,-0.6308758634785313,-0.7211452233484607,0.6464983650237089,-0.39649176345076015,-0.5152611795083132,-0.26839047143055345,-0.6255210690651382,0.6303663908764714,
tq,0.0,-0.5356343503665998,0.5937157831742782,0.4681954595605501,0.7033460315091417,-0.006089932465013613,-0.395441362259748,-0.4254299157717345,
tw,0.6036667910923194,-0.4175594978825849,-0.6690020460645741,0.516162563099231,-0.6366403643991059,0.6038931212985125,0.5720081433222881,0.4220660801307629,
1,0.0,0.0,0.0,0.0,0.0,0.0,0.0,0.0,
0,0.0,0.0,0.0,0.0,0.0,0.0,0.0,0.0,
