,ty,at,pt,rs,tq,tw,1,0,
ty,0.0,0.3530229887533368,-0.5609423328760516,0.1718410292650441,0.0,0.0,0.621332145117327,0.0,
at,-0.7223972081724555,-0.3888968569372381,0.0,0.0,0.0,0.7162980519260156,0.0,0.42795527891529916,
pt,0.7359625580579858,-0.34299111266056675,0.0,0.0,0.10319141384033662,0.0,0.722088543018417,0.18855242641944386,
rs,0.0,0.7292954483270474,0.0,0.7354923149878259,0.0,0.36506299426102745,0.04516695930219926,0.6549842623432461,
tq,0.0,-0.38715503435628396,0.5153351198314138,0.6093394136724416,0.0,0.5953060164877808,0.6977157294581451,0.2368807769994299,
tw,0.0,0.34822430089344225,0.0,0.0,0.5856873349037734,0.0,-0.4409400434656243,-0.657140361785181,
1,0.0,0.0,0.0,0.0,0.0,0.0,0.0,0.0,
0,0.0,0.0,0.0,0.0,0.0,0.0,0.0,0.0,
