,ty,at,pt,rs,tq,tw,1,0,
ty,0.1005598959543248,-0.5469744515851752,-0.32398076370782186,0.47599474716586077,-0.5846987723431029,-0.5297709889974838,0.3717961839355132,-0.5561561596628635,
at,0.6663533381650102,0.6221225808087738,0.0,0.0,-0.6626703341281132,-0.6704001873167871,-0.6251964065093137,-0.6634005268765909,
pt,-0.5584850150618808,-0.4625781060348331,0.6187694148806369,0.0,0.37906780866397227,-0.47737414274071305,0.5518850990097632,0.6956217533368599,
rs,-0.44323936555683924,-0.7009478779593636,0.6590533796762164,0.0,-0.6935741192301261,0.6630568653945316,-0.6298260054094346,0.7282893889080616,
tq,-0.6721656171121027,0.5360316918397304,-0.6501576321274083,0.0,0.0,0.0,0.0,-0.6406475492422625,
tw,-0.6678046150581928,0.701500465818602,-0.6749914338006667,-0.47427998250794123,-0.4651992939756506,0.38152951541964264,-0.6453154817117392,-0.5381670814551499,
1,0.0,0.0,0.0,0.0,0.0,0.0,0.0,0.0,
0,0.0,0.0,0.0,0.0,0.0,0.0,0.0,0.0,
