,ty,at,pt,rs,tq,tw,1,0,
ty,0.0,0.0,-0.5940383173514616,-0.15063754938018825,-0.1487326704227089,0.870943093075905,0.0,0.5226160320685501,
at,0.727967196184955,0.0,-0.45863280128926964,-0.22921637265814432,0.0,-0.46275711272444303,0.3449893269537814,0.0,
pt,0.6108894690551878,0.6785245579518674,0.0,0.0,-0.46989730435786264,0.0,-0.5051188767753511,0.0,
rs,0.0,0.0,-0.8091561078028784,0.0,0.0,0.5899950098372153,0.1559881402746037,0.39184921529987093,
tq,-0.47095960401710774,-0.07352327259979244,0.0,0.0,0.0,0.0,0.6393322674126853,0.0,
tw,-0.5147909971885822,0.0,0.0,0.0,0.0,0.0,-0.5364744790737506,0.0,
1,0.0,0.0,0.0,0.0,0.0,0.0,0.0,0.0,
0,0.0,0.0,0.0,0.0,0.0,0.0,0.0,0.0,
