,ty,at,pt,rs,tq,tw,1,0,
ty,0.44912274946277375,-0.6737929039038938,-0.676929510709476,-0.47168759965607576,-0.6719362400431538,0.4264001492893392,0.0,0.45359077869993647,
at,-0.3003055541972372,0.0,0.6382414494443611,0.6751757621432266,0.4434535622566129,0.0,-0.5454269915653219,-0.5547548799193381,
pt,0.0,0.3257045396907799,0.0,0.0,0.5962693895617953,-0.693483823771028,0.0,0.0,
rs,0.0,-0.3088135599215227,-0.6976416237861138,0.0,-0.4679932545886605,-0.5643690813084374,-0.4983222801442165,0.0,
tq,-0.48842327138792474,0.0,0.6634223167010137,0.1767319388266133,0.0,0.0,0.0,-0.5768811412877551,
tw,-0.4881112554547407,-0.4142228434451939,0.0,0.0,0.0,0.0,0.3603275794990076,0.0,
1,0.0,0.0,0.0,0.0,0.0,0.0,0.0,0.0,
0,0.0,0.0,0.0,0.0,0.0,0.0,0.0,0.0,
