,ty,at,pt,rs,tq,tw,1,0,
ty,0.0,-0.5659901779316729,0.0,0.0,0.0,0.0,0.0,0.6899858226439827,
at,-0.5644075695452674,0.24019228117835648,0.0,0.0,0.0,0.0,0.0,0.0,
pt,0.6541915992708218,0.0,0.0,-0.7078377037784762,0.0,0.12726580997413633,0.0,0.0,
rs,0.0,0.0,0.1816334554403277,0.0,-0.6770691746802623,0.17000096101909032,0.0,0.5200959431809986,
tq,0.0,-0.4298284507609327,0.0,0.0,0.6958267544652402,0.09310268175373038,0.4945091839683222,0.0,
tw,0.0,0.0,0.0,0.0,0.5648540088585903,0.0,0.0,0.43293787004403383,
1,0.0,0.0,0.0,0.0,0.0,0.0,0.0,0.0,
0,0.0,0.0,0.0,0.0,0.0,0.0,0.0,0.0,
