,ty,at,pt,rs,tq,tw,1,0,
ty,0.0,0.2193824396994811,0.42494687831351846,0.6948504796841585,-0.43282003314799045,0.19307434260249437,-0.48686099241877434,0.029563996206229178,
at,-0.13967201589694583,-0.22379620198788738,-0.42104992383685363,0.6780660227896786,0.40401774359024356,0.4150174126530451,-0.6019485803793897,-0.4125950802627853,
pt,0.0,-0.13077674003466877,0.07772761604236662,0.26409599180206705,0.2963595660863489,-0.17980088742123793,-0.4924506678218469,-0.4000828909200323,
rs,-0.5472838722503884,-0.26381775033824256,-0.3961110954717504,0.4793933594690604,-0.46117811712169593,-0.49436308479895985,-0.6033553722360727,-0.12711240098687454,
tq,0.33215330144448635,-0.6622418733070168,0.6955776632897279,-0.30779069196743825,0.5945236694059199,0.4550932643390504,0.0466726058551813,-0.6941680209224904,
tw,0.48286053340674967,0.0,0.27361274126456664,0.18257786048363303,0.5771599936681538,0.2960009409292796,-0.3839517293016385,0.4927943575424057,
1,0.0,0.0,0.0,0.0,0.0,0.0,0.0,0.0,
0,0.0,0.0,0.0,0.0,0.0,0.0,0.0,0.0,
