,ty,at,pt,rs,tq,tw,1,0,
ty,0.0,0.6993149041889656,0.24304413436139263,0.0,-0.11450143453634459,-0.554538754274469,0.0,0.0,
at,0.6668038021079634,0.0,0.0,0.0,0.6616983529988522,-0.656496187553572,0.0,0.6941005044145944,
pt,0.680749156244588,0.6786260468036063,0.0,0.0,0.0,0.0,0.6989560343501554,0.0,
rs,0.6905333430155163,0.0,-0.6518826152566777,0.0,0.0,0.38098919989896546,0.0,0.0,
tq,0.0,0.0,0.6537340400608904,0.0,0.0,0.0,0.0,0.0,
tw,-0.5288549704262293,0.0,0.0,0.2330633063583545,0.0,0.0,0.0,0.0,
1,0.0,0.0,0.0,0.0,0.0,0.0,0.0,0.0,
0,0.0,0.0,0.0,0.0,0.0,0.0,0.0,0.0,
