,ty,at,pt,rs,tq,tw,1,0,
ty,0.40157970219655087,-0.48669934801176196,-0.4033787240156914,0.0,-0.09633165913353489,-0.00463317316127027,0.0,0.0,
at,-0.5728116564401914,0.0,0.17432158058075437,0.0,0.5357609991257848,0.33886342173697576,0.0,0.23961104618055723,
pt,-0.02584903130486294,0.0,-0.5556778837824046,0.6169044847907859,-0.10201140969255168,0.0,-0.5567630462092976,0.42268395945847714,
rs,-0.514355452154403,0.31950094288054137,0.1884860553424947,0.692994129439146,-0.7347015251770622,-0.6263592391483233,-0.7379381008064794,-0.4816535095611493,
tq,0.3606206473695735,0.5169056716770014,0.5439981895945687,0.0,0.6459553562293654,0.6705586019310371,0.5610161801500658,0.0,
tw,0.0,0.0,-0.6879336259454851,-0.611214156640951,0.49177509687977383,-0.45658050021175905,0.0,0.0,
1,0.0,0.0,0.0,0.0,0.0,0.0,0.0,0.0,
0,0.0,0.0,0.0,0.0,0.0,0.0,0.0,0.0,
