,ty,at,pt,rs,tq,tw,1,0,
ty,-0.07718292383696124,-0.5421576089266141,0.4425795695314968,0.2979488443971687,-0.09071694012793231,-0.5284610328413613,-0.36940002992317295,0.4108348054709284,
at,0.5369735932195376,0.40111610842815054,-0.49199471684431134,-0.41254723611357175,0.5622167329914197,-0.461978475947123,0.07823828108518295,0.6158623294343937,
pt,0.5209756498962953,0.537667005821243,0.0,0.6280597088554233,-0.30311071856830357,0.050410875667576405,-0.5553342958991072,0.5768786672877294,
rs,0.6109184160014846,0.03764014875308538,-0.44401308171222403,0.49780156452339724,-0.6770236107787249,0.5230613344283346,-0.5813763793746584,0.6374370052113729,
tq,-0.39753998586652967,-0.19826730812210308,0.22870275158410638,0.0,0.6555643160193747,0.2695987608300728,0.650828185234672,0.2771123507626035,
tw,0.4089962334755222,-0.3991402315108587,0.0,-0.18142709504183255,0.5373346444801835,-0.34119326737641814,-0.5946807353770959,-0.5522733520837106,
1,0.0,0.0,0.0,0.0,0.0,0.0,0.0,0.0,
0,0.0,0.0,0.0,0.0,0.0,0.0,0.0,0.0,
