,ty,at,pt,rs,tq,tw,1,0,
ty,0.0,-0.4649845004812172,0.0,-0.005421286513945846,-0.09304627276568539,0.010245895964929868,-0.46076187120880857,0.0,
at,0.0,0.0,0.0,0.0,0.4941174499148439,0.0,-0.6943796384748417,-0.3306506731690943,
pt,0.5357275222955197,0.6898210370936436,0.0,0.5721437168120106,0.5199069743709931,0.703432867637577,-0.7033337446518475,0.3099992264838433,
rs,-0.6831218214213611,-0.6032713600200028,-0.710777918267762,0.6043838686615234,-0.5384490158517143,-0.49743870044489763,-0.641908843697338,0.652394234688066,
tq,-0.42269033667154715,-0.6350432623742569,0.0,0.0,0.4413119761597925,-0.2756682231352969,-0.7010830387012081,-0.719318151599922,
tw,-0.4657188192994863,-0.5702897741050955,0.0,0.0,0.3144124597842997,0.48761913086895486,-0.17842838625298568,0.0,
1,0.0,0.0,0.0,0.0,0.0,0.0,0.0,0.0,
0,0.0,0.0,0.0,0.0,0.0,0.0,0.0,0.0,
