,ty,at,pt,rs,tq,tw,1,0,
ty,0.6055059746749207,-0.4506589830309054,0.3553663056739325,0.3465362140460171,0.17694826045368947,-0.22248979169057467,-0.6892426514661328,0.5470673216548275,
at,-0.11955823308973636,0.0,0.6700237695823807,-0.19862241162651267,0.5618723059618033,0.6573503610114249,0.5043084612992298,-0.5298133401830578,
pt,0.0,-0.334296541330252,-0.17969856603400455,0.4289651976519495,0.1374750102895118,0.6892664215024987,-0.6187557051999977,0.09361350760982212,
rs,-0.6719286938501656,-0.2553868009928124,0.29994521930317614,-0.1458110595294447,-0.568665734069413,0.7321537507150395,-0.3697084309576869,-0.6007792087123041,
tq,0.0,0.5907823589550248,0.37131997603527633,0.40516224698013265,0.48386280681581073,0.5925678899802144,0.11160097967382006,-0.6622959069071744,
tw,-0.5216899718893686,0.6489364799439262,-0.40999674194094715,-0.7175986811194086,-0.4109293291763757,0.6952124989924979,-0.19273898161300052,0.6866538515140782,
1,0.0,0.0,0.0,0.0,0.0,0.0,0.0,0.0,
0,0.0,0.0,0.0,0.0,0.0,0.0,0.0,0.0,
