,ty,at,pt,rs,tq,tw,1,0,
ty,0.0,-0.4054045552296567,0.0,0.30622401647412595,0.0,0.0,0.4350632427574298,-0.8236001654293638,
at,0.0,0.0,0.0,-0.45049642031130527,0.0,0.5490707048620403,0.0,0.0,
pt,0.0,0.0,0.0,0.0,0.0,0.4040162263322417,0.09128705692300537,0.0,
rs,0.0,0.0,0.0,0.0,0.0,0.0,0.4327461129576548,0.0,
tq,-0.5987794546312104,-0.31854516277654665,0.37309948244416263,0.0,0.0,-0.6835311297830473,0.0,-0.7944752017325722,
tw,-0.19428892205288814,0.0,0.37246097769567654,0.0,0.0,0.0,-0.367907184569792,0.0,
1,0.0,0.0,0.0,0.0,0.0,0.0,0.0,0.0,
0,0.0,0.0,0.0,0.0,0.0,0.0,0.0,0.0,
