,ty,at,pt,rs,tq,tw,1,0,
ty,0.6739975683727488,-0.5437122124900129,0.6892250018376178,0.6909652830599601,-0.559614764350172,0.41104276684325763,0.5213389791612447,0.48645084034974706,
at,-0.49410176328832706,-0.655899877133433,0.6885376063353386,-0.47974701122976127,0.21927536349025475,0.6586149157351986,0.0,0.02516732078026985,
pt,-0.5740237885761493,0.662081126292562,0.7159037553898212,-0.6423023860116966,0.6010354148966209,-0.6980767380466527,-0.6304343478829845,0.12149400313231981,
rs,0.4977974575933402,0.48713178315755506,-0.529757059681644,0.0,-0.6795499800245272,-0.32862831336379156,-0.6896581386911401,0.6218215411454799,
tq,-0.7071382268261369,-0.5311845916935537,0.6272846435590815,0.7034927721139861,0.0,0.7130366732251544,0.7027674230531533,-0.164077990480482,
tw,0.6850960778334768,-0.6250648036990682,0.6781829717055939,-0.46352847057775354,0.39681070338169655,0.4155007488534112,-0.5147513481297558,-0.5800102476972478,
1,0.0,0.0,0.0,0.0,0.0,0.0,0.0,0.0,
0,0.0,0.0,0.0,0.0,0.0,0.0,0.0,0.0,
