,ty,at,pt,rs,tq,tw,1,0,
ty,-0.7564748775551464,-0.7524376520152486,0.3087859104333258,-0.5411445573475182,-0.3011009757001718,0.3752423282067326,-0.7110286909502364,0.13575618846298332,
at,-0.3449487490776125,0.04617632420732161,0.5484750961917714,0.2405923969845505,0.6595697587030317,-0.019444047564131373,-0.5343318548437054,-0.7322685257959267,
pt,0.15879739700357928,-0.4917174684601986,-0.31215910783033973,-0.048731158667914,-0.25913706354352956,0.27571374084807765,0.5740708635459494,0.6800325518669994,
rs,0.7179954200404983,-0.7482133747841033,0.6677495942607137,-0.5341186265620561,-0.36249289117948236,0.6485381299196771,0.7170990144646082,0.07296808130595843,
tq,-0.5902145226664609,-0.1579051545563355,0.33025242208843747,0.7572501467010756,0.6664725714343961,0.20571095127385977,0.5957024148098292,0.6784812055204594,
tw,-0.4624110843188315,-0.15073162321431005,-0.4272204587834188,-0.7025555360959432,0.26968577619289014,-0.4493955525745941,-0.7590941222761248,-0.39595186673841604,
1,0.0,0.0,0.0,0.0,0.0,0.0,0.0,0.0,
0,0.0,0.0,0.0,0.0,0.0,0.0,0.0,0.0,
