,ty,at,pt,rs,tq,tw,1,0,
ty,0.0,0.3452706049281794,0.6268013781250718,0.4138660484736141,0.0,0.0,-0.6249352891717573,0.0,
at,-0.6089197054099712,0.4062756288892289,0.0,0.0,0.0,-0.1828747383913916,0.0,-0.40124685886690814,
pt,-0.19759642792052698,-0.24027004238411986,0.0,0.0,0.551245627368938,0.0,0.5355690533142,-0.4043657994124077,
rs,0.0,-0.014840744040463255,0.0,0.6938146424437959,0.0,-0.5762675883706976,-0.48023112697963566,0.3705005957983099,
tq,0.0,-0.4665469625232735,-0.3998534293451166,0.030168863368725807,0.0,-0.12506849544939075,0.5930716609911124,0.27406907820048215,
tw,0.0,0.13968328977002664,0.0,0.0,0.2944213599164125,0.0,0.5297611836118393,0.6932870502979336,
1,0.0,0.0,0.0,0.0,0.0,0.0,0.0,0.0,
0,0.0,0.0,0.0,0.0,0.0,0.0,0.0,0.0,
