,ty,at,pt,rs,tq,tw,1,0,
ty,-0.27069470910640475,0.32635683853712866,0.3653157487064561,0.13622326833195106,-0.5589141670523745,-0.577476357860469,-0.05801382821214187,-0.3465114960988713,
at,-0.2242970689126004,0.0,-0.035354590740205305,0.35758306215860586,0.6349292720998945,-0.2916340112817024,-0.10131356021223951,-0.06008889056071679,
pt,0.0,-0.3855311844525561,-0.18702700817940524,0.22828990883072264,0.04289657182788489,-0.31305370945309546,0.479037575010658,0.5483920434759916,
rs,-0.07431120865358472,0.3206530303325203,0.6785085738712974,0.5162784676496729,-0.2341480343271709,-0.36693659529757666,-0.5786063694042358,0.5852993935857983,
tq,0.0,0.6241772745335161,0.3613601346550179,-0.14378581348984468,0.4143642596029416,0.04736398900383307,0.42771721731164464,0.30991695786529777,
tw,-0.540919817636789,-0.22300845886650641,0.19881762838560646,-0.23536712662297252,0.45626168556103636,-0.4926896234227951,-0.5364203059197469,0.5822851662832526,
1,0.0,0.0,0.0,0.0,0.0,0.0,0.0,0.0,
0,0.0,0.0,0.0,0.0,0.0,0.0,0.0,0.0,
