,ty,at,pt,rs,tq,tw,1,0,
ty,0.0,-0.004563141608903966,0.0,0.0,0.4699520416447434,0.6000888086358572,0.0,0.016267068450164186,
at,0.7269423865696427,0.0,0.29977822818890465,0.6037633380719538,0.0,0.0,0.0,0.0,
pt,0.0,-0.5404767970179194,0.0,0.17530020342477495,-0.6568823376400247,-0.4854722066021814,0.5646758019181072,0.0,
rs,0.5085375708750403,0.0,-0.5603854824905611,0.7752928033453572,-0.48377541683049097,0.6214058289754437,0.0,0.0,
tq,0.0,-0.48987198641988644,0.0,-0.5021940164062029,0.0,0.0,0.0,-0.5618984038084943,
tw,0.3296817481042855,0.0,0.0,0.12999422357835771,-0.32383816144687666,0.0,0.0,0.0,
1,0.0,0.0,0.0,0.0,0.0,0.0,0.0,0.0,
0,0.0,0.0,0.0,0.0,0.0,0.0,0.0,0.0,
