,ty,at,pt,rs,tq,tw,1,0,
ty,0.5632909208180416,0.0,-0.4989295328113515,0.0,-0.48778095206095634,0.0,0.0,0.561152243128012,
at,-0.5797523652048865,0.0,0.0,0.4228945298440458,-0.5935678314438941,0.5234087462531161,-0.4991385404775961,0.0,
pt,-0.47227909885104097,0.5247804082539422,-0.4781374676830717,0.23819548924853526,-0.284517487656687,0.6871056873629452,-0.3840095932137177,-0.5207558269802023,
rs,0.6240174803894832,-0.22379712074650016,-0.4433223567983557,0.0,-0.4400574161510498,-0.6789410936717182,0.0,0.6074640394106139,
tq,0.0,-0.5321074874848203,-0.6207938122293274,0.0,0.0,0.397038622809716,0.42457220263742,-0.4809589145561742,
tw,-0.5014057400841522,-0.4935996812335161,0.4749591308279656,0.0,0.6739779087689557,-0.35577959962065697,0.0,-0.6049849653697408,
1,0.0,0.0,0.0,0.0,0.0,0.0,0.0,0.0,
0,0.0,0.0,0.0,0.0,0.0,0.0,0.0,0.0,
