,ty,at,pt,rs,tq,tw,1,0,
ty,0.0,0.15209671198964922,-0.15984933061458542,0.0,-0.05933166053399434,-0.4637511344710859,-0.5373439636780686,-0.007871056067846086,
at,0.0,0.0,-0.48770030157421085,0.02846439300642623,-0.581932146256268,0.1355735458412627,0.4530963137450673,-0.3749838000530602,
pt,-0.4800527648418072,0.44698731136792097,0.0,0.33883984034972564,0.6189469335183597,-0.423681534693079,-0.0361900466039336,0.16363196670390817,
rs,0.0,-0.1285807583740973,0.0,0.6787389183447587,0.0,0.4561831368939699,-0.474059767627781,0.1739682909928706,
tq,0.0,0.5481525355109103,0.0,0.1679334294227493,0.0,0.3617895473766288,-0.27301182098559845,0.10538417760327531,
tw,0.3726344578649606,0.0,-0.40080809397465655,0.0,0.2911348515279167,0.0,0.34018205969324183,-0.5952053611235599,
1,0.0,0.0,0.0,0.0,0.0,0.0,0.0,0.0,
0,0.0,0.0,0.0,0.0,0.0,0.0,0.0,0.0,
