,ty,at,pt,rs,tq,tw,1,0,
ty,0.0,0.005512608807106472,0.0,0.0,0.0,-0.5838990770793723,-0.19263139540987703,0.0,
at,-0.5626942237204349,0.0,0.0,0.09503564869523397,0.0,0.0,0.0,0.0,
pt,0.0,-0.3269843644011152,0.0,0.0,0.0,0.3389203285200692,0.0,0.0,
rs,0.0,0.458770018719261,0.0,0.0,0.0,0.0,0.0,0.5096155884774601,
tq,0.0,-0.3451235941875312,0.0,0.30093804918344047,0.0,0.39959220348332924,0.0,0.0,
tw,0.0,0.0,-0.49854814098570427,0.0,0.412681689028019,-0.5490763179902165,0.5635562969367612,-0.14514774907286832,
1,0.0,0.0,0.0,0.0,0.0,0.0,0.0,0.0,
0,0.0,0.0,0.0,0.0,0.0,0.0,0.0,0.0,
