,ty,at,pt,rs,tq,tw,1,0,
ty,0.0,0.0,-0.6741102123595099,0.0,0.0,0.7066870914873215,0.0,0.0,
at,0.0,0.0,0.2539736806939879,-0.702026984791479,0.0,0.0,-0.7167575757311293,0.6498106526111216,
pt,-0.7043246038177483,-0.6924234071775547,0.0,0.0,0.6812484117356196,0.0,-0.6150577359599351,-0.7103128079623882,
rs,0.5067294978309953,-0.47045468084705644,0.0,0.0,-0.6954358205290214,0.0,0.0,0.7267870826309196,
tq,0.0,0.0,0.7099321950511531,-0.6935987380469704,0.0,0.0,0.0,0.055221337141194156,
tw,0.0,0.0627723763351842,0.6205643867406874,0.0,0.7062854486358894,0.0,-0.7195529027159747,0.6924586115718976,
1,0.0,0.0,0.0,0.0,0.0,0.0,0.0,0.0,
0,0.0,0.0,0.0,0.0,0.0,0.0,0.0,0.0,
