,ty,at,pt,rs,tq,tw,1,0,
ty,-0.7669564492509636,0.0,0.0,0.0,-0.121936027152275,-0.793287614123899,0.0,0.0,
at,0.0,0.0,0.3860680328152157,0.0,0.0,0.0,0.0,-0.13117020654769093,
pt,0.0,0.0,0.0,-0.19406147335384502,0.0,0.3975939770564565,0.0,0.0012642382415358816,
rs,-0.0733104506325824,-0.4323229877446004,-0.2378184951166712,0.0,0.0,0.0,0.038239402163833085,-0.04466572635241979,
tq,0.47358133276243125,-0.15968393490895683,-0.24833861519954625,-0.647657479858838,0.0,-0.22419323658304333,0.5576719027382318,0.0,
tw,0.38254272086626856,0.0,0.5849751958698886,0.0,0.0,0.5523246827172711,-0.6797699785864971,0.0,
1,0.0,0.0,0.0,0.0,0.0,0.0,0.0,0.0,
0,0.0,0.0,0.0,0.0,0.0,0.0,0.0,0.0,
