,ty,at,pt,rs,tq,tw,1,0,
ty,0.6528947921153876,-0.6614963339935362,-0.5436757591078839,-0.2506487667121269,0.6472028671164884,-0.660425639390569,-0.514777916642218,-0.5152323419289306,
at,-0.5798162444717635,-0.6482366567357637,0.6343159934490339,0.5816819524321638,0.4047638024569534,0.640134716947864,-0.18051550393086388,0.5993818385129195,
pt,0.27323455853142614,-0.6693451184080659,0.0,-0.6687800524311128,-0.3149325008988106,0.568010480178873,-0.4845650593375593,0.1426816720432103,
rs,0.6218295080625525,-0.6459970728713526,0.44976353201369396,0.6060053166399653,-0.38525958293360557,-0.5167215738302624,-0.6548590302025704,-0.6241914426584678,
tq,-0.24977481561011772,0.6146241027039276,0.6709032757151894,0.0,0.5649568588161153,0.6784799057523959,0.2133714470547406,0.6433492482198235,
tw,-0.6587852497662874,0.12277141931961226,0.0,0.6699726389148866,0.6568724886871463,-0.08160054089333509,0.506450958531307,-0.6473589069607398,
1,0.0,0.0,0.0,0.0,0.0,0.0,0.0,0.0,
0,0.0,0.0,0.0,0.0,0.0,0.0,0.0,0.0,
