,ty,at,pt,rs,tq,tw,1,0,
ty,0.0,0.3637407084580937,0.0,0.4044315748157081,-0.5199745149869488,0.0,0.0,0.0,
at,0.0,0.0,0.0,0.16282608470050564,0.536863660873866,0.0,-0.11865994473498609,0.0,
pt,0.0,0.0,0.0,0.0,-0.15965133245100038,0.1485926369588591,0.0,0.0,
rs,0.424646151107099,-0.7264289873779275,-0.04921311983937066,0.0,0.0,0.0,0.0,0.6345102981358451,
tq,0.0,0.0,0.0,0.33408569762465945,0.0,0.6564091589659092,0.024348647677327577,0.0,
tw,0.0,0.0,0.0,0.0,0.0,-0.6119287522449639,0.7257375180118103,0.0,
1,0.0,0.0,0.0,0.0,0.0,0.0,0.0,0.0,
0,0.0,0.0,0.0,0.0,0.0,0.0,0.0,0.0,
