,ty,at,pt,rs,tq,tw,1,0,
ty,-0.4230027049175425,0.0,-0.3361426292764449,0.0,-0.42751073015075436,0.0,0.0,0.6835428647975842,
at,0.0240606982340683,0.0,0.0,0.18118221057989845,0.639282464850574,-0.46531842950557356,-0.20215406723054108,0.0,
pt,0.5455595316737516,0.43157794568275776,-0.3661617846672168,0.4913634690191524,-0.6505473433209464,-0.6411635506545249,-0.6393343329155582,-0.6844977059989436,
rs,-0.6584320708938658,-0.696268987169783,-0.42840055129560073,0.0,-0.46767724832962926,-0.701807966266978,0.0,0.6522142305428359,
tq,0.0,0.7030078553151965,-0.30521826865610674,0.0,0.0,-0.6804081966205316,0.6956124393403764,-0.5724707129193434,
tw,0.5206545034589201,0.44331540437818856,0.449605035578044,0.0,-0.6476488775828998,0.3978718542687707,0.0,-0.21911114314353008,
1,0.0,0.0,0.0,0.0,0.0,0.0,0.0,0.0,
0,0.0,0.0,0.0,0.0,0.0,0.0,0.0,0.0,
