,ty,at,pt,rs,tq,tw,1,0,
ty,0.0,0.17883771362308754,-0.4548973440649013,0.6062144398387274,0.5079000072964008,0.3851390302650103,0.5176615911319691,0.0,
at,0.0,0.0,0.0,0.2810936600433252,-0.5193602534752431,0.16579621382892779,0.0,0.0,
pt,0.0,-0.32463765794372806,-0.6151012227207011,0.0,-0.34998375771759,-0.1243369894581304,0.7540313389879384,0.0,
rs,0.0,0.0,0.0,0.0,-0.5572764664469902,0.0,-0.6063713679101518,0.6138238011856357,
tq,-0.18213153930121853,0.17452081024450478,0.7527929255036285,-0.6947495765881405,0.0,0.0,0.0491104005064058,0.7085060901746281,
tw,-0.5843461639297918,0.0,0.14776127756446228,0.6112838844848624,-0.5386935929071783,0.0,0.6191367767764514,0.0,
1,0.0,0.0,0.0,0.0,0.0,0.0,0.0,0.0,
0,0.0,0.0,0.0,0.0,0.0,0.0,0.0,0.0,
