,ty,at,pt,rs,tq,tw,1,0,
ty,0.0,0.6370076183510472,0.0,0.24151087793178827,0.09751117632508167,0.22797476956028645,-0.5349202459085679,0.6520613347621411,
at,-0.14089213828366212,0.26795594160358144,-0.25567379539996316,0.6281978103774848,-0.5210413369801369,0.0478029190861913,0.6583253217000326,0.558001434992416,
pt,0.5669112360967407,0.20718705857727043,0.23173873098638217,-0.6652422971043487,-0.6253620705477623,0.6564668312589881,0.6509515524967912,0.2142529465559018,
rs,0.48403160472639134,0.3939011541977123,-0.6950037661644299,0.7019770109589034,-0.5319601660055505,-0.5425498366886545,-0.6210523108458131,0.621109050448231,
tq,-0.28400301600953076,-0.48458274405723395,0.0,0.06299826031524845,0.3275640301084518,-0.19802936156803913,0.6669082215781035,-0.2270758825787149,
tw,-0.642502705045858,0.6479235936928528,0.6783294650288015,-0.2605882460309557,0.3169811517551677,0.19265397580313934,0.3592671357090035,-0.6581139756443546,
1,0.0,0.0,0.0,0.0,0.0,0.0,0.0,0.0,
0,0.0,0.0,0.0,0.0,0.0,0.0,0.0,0.0,
