,ty,at,pt,rs,tq,tw,1,0,
ty,0.0,0.28599193653031474,-0.5764267023188638,0.33077564296589296,-0.13422900123831788,0.44381850470967826,0.04904938467440459,0.5751562011916047,
at,0.0,0.0,0.37549784076318626,-0.19082773964559357,0.0,-0.4317422968639636,0.5549755074379317,-0.4352236894611887,
pt,0.2966863812878338,0.0,0.0,0.4691099878844864,-0.26736223370353235,-0.4411344289102549,0.2224453818518057,0.0,
rs,0.684362341526868,-0.6346022485548114,0.0,0.6722221113660698,0.0,-0.2145621402202149,0.36021243925040974,0.6753521555357356,
tq,0.6999939964284154,0.630109146594363,-0.6742983285944818,-0.27339673493733174,0.0,0.0,-0.5887666381632812,0.13477984445460783,
tw,-0.321144123044953,0.5467456231440253,-0.6256513165524561,0.0,-0.28052519698022654,0.0,0.0,-0.36225239247413255,
1,0.0,0.0,0.0,0.0,0.0,0.0,0.0,0.0,
0,0.0,0.0,0.0,0.0,0.0,0.0,0.0,0.0,
