,ty,at,pt,rs,tq,tw,1,0,
ty,0.0,-0.49798365280565055,-0.741609839819082,0.0,0.0,0.3361076973917766,-0.4940461717234254,-0.47637668815643863,
at,-0.32067548029017884,0.0,-0.3489632361247473,0.39556585182254117,0.565658406599472,0.0,-0.3572351228168238,0.0,
pt,-0.7333605870387597,0.0,-0.5033098499902361,0.4532817642991283,-0.35162295404281735,-0.5333449106626345,0.0,0.6915892308076492,
rs,-0.6329884754467848,0.0,-0.5656388951796861,0.0,-0.7213215753596769,-0.5267325788261157,0.0,0.03494969192352162,
tq,0.5676521920014068,-0.5049089023931356,0.22600176337113623,0.08190065653113883,0.6649395336763803,-0.6934688350395096,0.656589855968208,-0.4774996892364348,
tw,0.0,0.6902841033192778,0.38293551309669827,-0.6113916603587786,0.7036254777909402,0.0,0.0,-0.610706832479973,
1,0.0,0.0,0.0,0.0,0.0,0.0,0.0,0.0,
0,0.0,0.0,0.0,0.0,0.0,0.0,0.0,0.0,
