,ty,at,pt,rs,tq,tw,1,0,
ty,0.0,-0.6147914463321607,-0.5718189851984494,-0.13678666266774267,-0.4820777481114261,0.0,0.0,-0.0019133983037490005,
at,0.5120286923006837,0.0,-0.48261876876965787,0.10551643819390528,0.0,-0.5721263263425238,0.5520181008601313,-0.6105216336603471,
pt,-0.6984255222057354,-0.09250139008372539,0.0,0.06336334382155134,0.0,-0.642761375766304,0.0,0.6599598924827628,
rs,0.1488869425867238,0.0,0.45710286303956343,0.7095996665700068,-0.3373035724139109,-0.4993882735256121,0.0,0.47075926333854345,
tq,-0.5435791707549192,0.0,0.0,-0.07035992371290646,0.0,0.6476597155704654,0.4248803625850289,-0.1574867667241947,
tw,-0.17917599231869805,0.6646909415758859,-0.11333366616677887,-0.05323361120415654,0.6684827029127856,0.0,-0.37748942954602166,0.2421630447550024,
1,0.0,0.0,0.0,0.0,0.0,0.0,0.0,0.0,
0,0.0,0.0,0.0,0.0,0.0,0.0,0.0,0.0,
