,ty,at,pt,rs,tq,tw,1,0,
ty,0.0,0.0,0.0,0.0,0.014433297375818254,0.6158340187935453,0.0,0.0,
at,0.0,0.0,0.0,-0.47385139754170774,0.4060082640212752,0.04998571781407184,0.0,-0.6208855516166871,
pt,0.0,-0.6767880918020678,0.0,0.0,0.28936778768002436,0.6652417854250549,0.0,0.0,
rs,-0.6063643357846362,-0.21195562423685163,-0.5849396933826481,0.0,-0.5728155473498406,0.0,0.0,0.0,
tq,0.18205841164861017,0.17615115555867877,-0.338014395530567,0.24918570299001555,0.0,0.0,0.02058662304337722,0.0,
tw,0.0,0.033217302942499326,-0.6239271467865567,-0.4210274874697868,0.5103050252316189,0.0,-0.6401915987270065,0.0,
1,0.0,0.0,0.0,0.0,0.0,0.0,0.0,0.0,
0,0.0,0.0,0.0,0.0,0.0,0.0,0.0,0.0,
