,ty,at,pt,rs,tq,tw,1,0,
ty,0.0,0.5150201973659913,0.0,-0.4889520714443817,-0.5826661354129513,-0.6211043065881534,-0.5288787457651527,-0.2009525262656039,
at,-0.5310299226606576,0.43100255079599575,-0.255165022570585,-0.5767478245873275,0.5927561723679869,-0.4132261006724994,-0.5569311910612081,-0.5152963033603425,
pt,-0.5466862871339225,-0.47620990414708825,-0.5660034259354798,-0.6383831042898354,-0.20562791152641693,-0.6214712567069174,0.5714393467401901,0.48846114410193314,
rs,-0.58522829764609,-0.5392380049550207,0.33929455737169717,0.308205182426811,-0.6377889064914384,0.5495673832016872,-0.5624052294510682,0.5564972404100247,
tq,0.575779927740762,0.6469472588878716,0.0,-0.5324315621050764,0.6219527081110978,0.6300128195566347,-0.5399494826686657,-0.6090012095224087,
tw,0.5331709388908963,0.601781406972856,-0.49103670565064883,0.5047631132110221,0.2505834203592685,0.5891145471131565,-0.5763987433211071,-0.5771888461209064,
1,0.0,0.0,0.0,0.0,0.0,0.0,0.0,0.0,
0,0.0,0.0,0.0,0.0,0.0,0.0,0.0,0.0,
