,ty,at,pt,rs,tq,tw,1,0,
ty,-0.43619455684353625,0.18833273861857447,0.006369581581353466,0.7226670652145594,-0.34683379229789607,0.7090302408469354,-0.6262029729321301,0.6899797794594972,
at,-0.4012087444631494,-0.5077323542088803,0.279763548864869,-0.5411010191163913,0.4558887662703585,-0.31758820341031296,-0.14175668027393648,-0.49119765274974375,
pt,-0.7216715794392929,-0.6368367220277555,-0.002248295414539042,-0.37024548430528187,-0.04137017442892967,0.7244294093803962,-0.7036656731995591,0.3344098216700557,
rs,0.4411930074943039,0.340891912034027,-0.3180400515113449,0.6251111322883615,-0.5988849982199524,0.650907228811644,-0.674939833243154,0.6353231804717452,
tq,0.37831430948479694,-0.41604687021925213,0.1487187612608414,-0.6933999578101122,0.6656467920099972,0.5161322259817325,0.5613298217222369,-0.6380755934585906,
tw,-0.6430487866433474,-0.2543585179088621,-0.409961266082047,0.6697184485276403,0.3071257283284079,0.5871621431567577,-0.35986626769560437,0.638987389370706,
1,0.0,0.0,0.0,0.0,0.0,0.0,0.0,0.0,
0,0.0,0.0,0.0,0.0,0.0,0.0,0.0,0.0,
