,ty,at,pt,rs,tq,tw,1,0,
ty,-0.6824262123986051,-0.5216247007371322,-0.6569851867175988,0.5869710387886756,-0.18244216079265632,0.6918134601743631,-0.23758784342995287,0.5968935341396587,
at,-0.511056061090074,0.5904213253714213,-0.5405318851990215,-0.3901526228179613,0.4653277947665344,0.48498618761447376,-0.41320904369297595,-0.19116315833171116,
pt,0.2635482691606479,-0.5686366719292564,0.5076537028657708,0.598934805720281,-0.024968835580045503,-0.0954656652101003,0.14969235305228137,0.20997331896551846,
rs,0.6563077161276163,0.44708708218444554,0.5264854160715249,0.6929008103792494,-0.6309346502481149,0.6613303673346312,-0.16307976848149086,-0.16044262502406392,
tq,-0.12165310212756567,-0.6236542451555225,0.08022939632506083,-0.3504673552809257,0.6470456513126733,-0.6008814121732714,-0.3808902069079748,-0.4234277835173016,
tw,0.2620003158078386,0.6946916111970081,-0.615109645051703,0.156389772035859,0.45141848204354923,-0.6054799750635451,-0.6055492527225638,0.461953357628244,
1,0.0,0.0,0.0,0.0,0.0,0.0,0.0,0.0,
0,0.0,0.0,0.0,0.0,0.0,0.0,0.0,0.0,
