,ty,at,pt,rs,tq,tw,1,0,
ty,0.0,-0.7011498524369181,0.09282236293887466,0.0,0.6050865752707454,-0.09338735975025532,0.3731861466319967,-0.011976169990167358,
at,-0.2330470341950257,0.0,-0.22973340910985518,-0.013211781704420212,-0.5949285287309215,0.1293374138760081,0.16916702803062858,-0.716810023090564,
pt,0.7078454991931693,-0.273616673754015,0.10526994624678222,-0.5874110558011242,0.573321183745971,0.0,-0.055568284918177724,0.37845774729676596,
rs,-0.6242989536347713,-0.6349687862671848,0.3667677031299207,0.0,0.3723838034947262,0.3595247944935252,0.6011951629509845,0.021481592355370588,
tq,0.6480239511246749,0.5644942148925752,-0.5139780558360675,-0.33970165493156235,0.0,0.1854120213126562,-0.3604026316989833,0.6161738061320551,
tw,-0.6078398836787507,0.5665228733924254,0.0,0.570874724039011,0.645394311424013,-0.07357377025180813,0.0,0.4399764735628207,
1,0.0,0.0,0.0,0.0,0.0,0.0,0.0,0.0,
0,0.0,0.0,0.0,0.0,0.0,0.0,0.0,0.0,
