,ty,at,pt,rs,tq,tw,1,0,
ty,0.357387555060491,0.6127280554370917,0.6211670502743311,0.203979962507536,0.6205403238546123,0.6926855381452143,-0.5759791030001437,0.5742931514203713,
at,-0.5906913223597591,-0.6443444095964287,0.5287256548570289,0.13695077139698555,-0.617523245193642,-0.6753067076994171,0.6497267918992279,0.5038736175276642,
pt,-0.6452931304791532,-0.5345780527985826,0.6082603776559464,0.0,0.0,-0.509375078844797,0.6458300073471989,0.0,
rs,0.42207760519064247,0.35148685115819606,-0.6485019296906013,0.673345809198479,0.0,-0.3704308425558493,-0.6605111472152406,0.6494554040149028,
tq,0.43188746735305666,0.0,0.5568052395147953,0.5139163541878632,0.0,-0.601735201539993,0.0,0.44737461955354757,
tw,0.46084290250486765,0.6473474322413691,0.7000330020678943,-0.5547352657857522,0.656079915213833,0.0,0.6327175139157022,0.6262705948640409,
1,0.0,0.0,0.0,0.0,0.0,0.0,0.0,0.0,
0,0.0,0.0,0.0,0.0,0.0,0.0,0.0,0.0,
