,ty,at,pt,rs,tq,tw,1,0,
ty,0.0,-0.40896439203759594,0.08112672239324603,0.32449198704447363,0.40339597434568003,0.1506364438262528,-0.5098768290818992,0.0975720715411468,
at,-0.3207872752866834,0.0,-0.5283512757462732,0.0,0.27753246680617333,0.0,0.40050612958164444,0.0,
pt,0.0,0.10477335321765556,0.16850828048971578,0.5715818500726537,0.37044067197850605,0.0,0.2890788114278954,0.14986443864368582,
rs,0.0,-0.4291013922021429,0.0,0.0,-0.4236981361323505,0.2495731441171066,0.0,0.4597745642983447,
tq,0.0,0.0,0.0,0.0,0.0,-0.2693630936238309,0.0,-0.2922834959292617,
tw,0.5716184125864296,0.0,0.0,-0.15443155428787403,-0.21387571676102757,0.0,0.10990831688723104,-0.13114785915526728,
1,0.0,0.0,0.0,0.0,0.0,0.0,0.0,0.0,
0,0.0,0.0,0.0,0.0,0.0,0.0,0.0,0.0,
