,ty,at,pt,rs,tq,tw,1,0,
ty,0.0,0.0,0.7381204665211011,0.0,0.0,-0.6600559943859357,0.0,0.0,
at,0.0,0.0,0.62364089180504,0.23145788187771363,0.0,0.0,-0.7357542645611477,-0.7221016866763409,
pt,-0.6336730380787332,-0.6864493104680114,0.0,0.0,0.7118668836541864,0.0,-0.6885938804238709,-0.7391926927676646,
rs,0.6378111794623753,-0.6364862253622815,0.0,0.0,-0.6706009009206244,0.0,0.0,0.7568237212454095,
tq,0.0,0.0,0.7535030290185503,-0.7410488013014419,0.0,0.0,0.0,0.02100830803217234,
tw,0.0,0.6075272523468973,0.6506074636776332,0.0,0.4774959988564409,0.0,-0.7307254837768338,0.7050812214827914,
1,0.0,0.0,0.0,0.0,0.0,0.0,0.0,0.0,
0,0.0,0.0,0.0,0.0,0.0,0.0,0.0,0.0,
