,ty,at,pt,rs,tq,tw,1,0,
ty,0.0,-0.3984732224490667,-0.7288606832699077,0.5592473837155302,0.32555360242124753,0.0470450608178519,0.0,0.0,
at,0.0,-0.7222520991592645,0.6437768553247277,-0.15163144020166835,0.16109096553342406,-0.6052017271403225,-0.5675100625767826,-0.4498278624469287,
pt,-0.22195350810038578,0.0,0.0,0.446533576078438,0.6515127204471254,0.17931555721927597,0.0,-0.6164534874995187,
rs,0.0,0.508102387603506,-0.7221850446762316,0.7383106834492313,-0.7210125824189861,-0.6771906468503934,0.0,0.6509073382043424,
tq,0.22104923420899164,0.0,0.0,-0.3527213360184399,0.0,0.49804506648417973,0.6293287198097589,0.459787379147693,
tw,0.07439102447071604,0.0,-0.1447616307072089,-0.2554465990146754,0.33802784826139815,-0.7394965727576179,0.0,0.024522543106422056,
1,0.0,0.0,0.0,0.0,0.0,0.0,0.0,0.0,
0,0.0,0.0,0.0,0.0,0.0,0.0,0.0,0.0,
