,ty,at,pt,rs,tq,tw,1,0,
ty,0.0,-0.5244721751957612,0.5660397754833445,0.5784267399758001,-0.2473925246548036,-0.357800884085502,-0.5633403220507642,0.4395038409717962,
at,-0.5561467363879653,0.37817467066051813,0.7210675153203321,0.4490418466096834,-0.7221681543377855,0.0,-0.5403758512920025,-0.7230349399333218,
pt,-0.6042349749124838,0.0,-0.6650245705258316,0.4313007961374251,0.3352387588567446,0.6742491719562193,0.41642430478967096,-0.7096065104219098,
rs,-0.6811657446376724,-0.4124627548860607,-0.43917165596884916,0.0,0.0,-0.6431055321035064,-0.7246633260804195,0.0,
tq,-0.5720874576009671,0.5347292296905679,-0.529105138576655,0.0,0.5593068380685833,0.5579964766403763,-0.05720293166234408,-0.18517709471863528,
tw,0.5733583312782973,0.6737932570765259,0.0,-0.713967757840755,0.30324885018154385,-0.3451899465960127,-0.7230486780440507,0.4701131129071198,
1,0.0,0.0,0.0,0.0,0.0,0.0,0.0,0.0,
0,0.0,0.0,0.0,0.0,0.0,0.0,0.0,0.0,
