,ty,at,pt,rs,tq,tw,1,0,
ty,0.5228435735220871,-0.039010916551819735,0.013692266284475308,0.0687725991754195,-0.15238831046868656,-0.6051744510363127,-0.3105073628803947,0.6621853933050663,
at,0.23341832131242252,0.231134049965252,0.5937515838576746,-0.4280430846726787,0.6037134408041854,0.39259224362649997,0.06336997286102851,0.2993043674014365,
pt,-0.49939778004809254,0.007993810074783924,-0.3760787994413898,-0.5353823205695273,-0.45021227665783653,0.3655615141718245,-0.5097516708517994,0.7013098759211828,
rs,-0.5764053769782028,-0.09219057467478747,-0.5619410019794652,0.46054922476461824,-0.5837479944448359,-0.6204467941846026,-0.47224025788448903,0.5390461889395599,
tq,-0.540256750630495,0.5689709736516901,-0.3952644181393588,0.38127667431240825,0.4882444115154418,0.45541283183702547,0.5962700590263634,0.3107896111611042,
tw,0.35659548229283144,0.548584827333733,0.2177931440738966,-0.30222367142662115,0.5302647908349066,-0.5838123330240966,0.49466552499613753,0.043155538494790174,
1,0.0,0.0,0.0,0.0,0.0,0.0,0.0,0.0,
0,0.0,0.0,0.0,0.0,0.0,0.0,0.0,0.0,
