,ty,at,pt,rs,tq,tw,1,0,
ty,-0.7078058676150822,-0.6677766093010761,-0.5541277032165118,0.3163206101457715,-0.6490428961880792,0.4098974128610982,-0.5997820415168759,0.5150365453420797,
at,-0.691758902049025,-0.6440563346701883,0.6733983190899316,-0.25644230208468644,-0.6084436134510667,-0.6540472976498193,-0.6825969838448847,-0.5019397297165723,
pt,0.5625429274772632,-0.7064575181400502,0.3737874248913412,0.6176554822962078,0.5752549159375492,-0.5705149138351647,0.621338322018945,0.44700844616756036,
rs,-0.06719928175755631,0.03060554168900027,-0.3582748593394547,0.6229582460161833,0.5815678106027243,-0.4670109267530902,-0.5673781142854348,0.3536264160713701,
tq,0.5464990331192958,0.6212642768953088,0.6778347700174372,-0.2751734724078697,-0.3684812259990195,0.52130339579868,-0.5196011256361694,0.42158526934952906,
tw,0.23566480998846062,0.7036938230938361,0.6992186942735442,-0.2754359301038221,0.13070388751869894,0.3225225452149799,-0.39584891530704797,-0.6178002869806646,
1,0.0,0.0,0.0,0.0,0.0,0.0,0.0,0.0,
0,0.0,0.0,0.0,0.0,0.0,0.0,0.0,0.0,
