,ty,at,pt,rs,tq,tw,1,0,
ty,0.0,0.6402833065829217,0.0,-0.02232004732507651,-0.591697514557403,0.5617467869128714,0.6553687911115541,0.0,
at,0.0,0.0,0.0,0.0,0.665399455312675,0.0,-0.6092028230747822,0.6106851638739634,
pt,-0.6758901901294069,-0.45871301172850604,0.0,0.6799866517266174,-0.12849587560033104,-0.12000220325864187,0.672780731486205,-0.6765633799406602,
rs,-0.6181452624305735,-0.6235443694639444,-0.6264799570182739,0.3302357139130927,-0.695066877178017,0.6357775860511992,-0.6698240171970903,0.4298690543766289,
tq,-0.259241650396268,-0.7063611871092227,0.0,0.0,0.6656919802570862,0.5708109801417636,-0.6146193791445251,-0.7021458580587056,
tw,-0.693980276699155,-0.6286406258069397,0.0,0.0,0.6649258921324938,-0.6752284313940501,-0.6285635515499824,0.0,
1,0.0,0.0,0.0,0.0,0.0,0.0,0.0,0.0,
0,0.0,0.0,0.0,0.0,0.0,0.0,0.0,0.0,
