,ty,at,pt,rs,tq,tw,1,0,
ty,0.0,0.4723797862049102,0.0,0.5122609183837824,-0.5110969929554121,-0.16065790374914427,0.1583440845414346,-0.671345489182686,
at,0.5458318150888756,-0.4941549209616346,0.006108145130977309,-0.5076539065395406,0.379767468780818,-0.6848557359261518,-0.4299046256158228,0.0,
pt,-0.6454206202831798,-0.22894686421668045,0.0,0.49857289336745875,0.0,-0.6489213621535848,0.18246604756146137,0.0,
rs,0.0,-0.08661535285240723,0.6546211555879757,0.0,0.0,-0.509331278096737,-0.5478256162503512,0.6643891166795789,
tq,0.0,0.6552322097286135,-0.5047915197816024,0.48297629740876336,0.0,0.6990177521370544,0.0,-0.6419194730975262,
tw,-0.24934714682365927,-0.07785249912156807,-0.40332311316860453,-0.3823085966758077,0.0,0.0,-0.554051943122965,-0.5463524876763282,
1,0.0,0.0,0.0,0.0,0.0,0.0,0.0,0.0,
0,0.0,0.0,0.0,0.0,0.0,0.0,0.0,0.0,
