,ty,at,pt,rs,tq,tw,1,0,
ty,0.0,-0.4248725853754882,-0.6041016908841033,0.0,0.1423049507831679,-0.32086438759955005,-0.33078795224756086,-0.16146852390032798,
at,0.0,0.0,0.2501576993251667,-0.2945497008067679,0.08860007742703455,0.2031966671213749,0.09673919906750865,0.28799733658512183,
pt,-0.65507269532933,-0.6720002315834246,0.0,0.4612020281439639,0.05716142478357553,0.4850805128372959,-0.5166903179846899,-0.5851466093585087,
rs,0.0,-0.18011839521204084,0.0,0.6687555599897774,0.0,-0.3683441814423287,-0.2455463788825339,0.5240005482044967,
tq,0.0,0.27306552642603105,0.0,-0.03195223776173143,0.0,0.3735760480059438,-0.174492309303421,-0.5193544266108675,
tw,0.18028811464256128,0.0,0.6231557760970157,0.0,-0.2966117980906658,0.0,0.02367752549169354,-0.6928724809793277,
1,0.0,0.0,0.0,0.0,0.0,0.0,0.0,0.0,
0,0.0,0.0,0.0,0.0,0.0,0.0,0.0,0.0,
