,ty,at,pt,rs,tq,tw,1,0,
ty,0.0,0.40394626294305075,0.0,0.36811463244325787,0.8607342885817526,0.0,0.0,0.0,
at,0.0,0.0,0.0,-0.37681398442372105,0.5480180836326589,0.0,-0.20130324739976102,0.0,
pt,0.0,0.0,0.0,0.0,0.8119508576117164,-0.07455987942796796,0.0,0.0,
rs,0.08941966557401937,-0.8256765377468354,0.2877929061420587,0.0,0.0,0.0,0.0,0.7217327106225395,
tq,0.0,0.0,0.0,-0.10472871908864306,0.0,0.3768338599653107,0.05147463349049714,0.0,
tw,0.0,0.0,0.0,0.0,0.0,-0.06133252364905639,-0.7693080771707259,0.0,
1,0.0,0.0,0.0,0.0,0.0,0.0,0.0,0.0,
0,0.0,0.0,0.0,0.0,0.0,0.0,0.0,0.0,
