,ty,at,pt,rs,tq,tw,1,0,
ty,0.0,-0.4790020008133818,0.0,-0.7069000463408711,-0.5768506030422995,0.7251176482717381,0.6514749285586336,0.7222198930106143,
at,-0.6046201915740301,0.5361538229632811,0.6390550825102238,0.31509311626495773,-0.5995020089740712,-0.5771058584808167,0.568481368727542,0.0,
pt,-0.688643469380116,-0.683919061164879,0.0,0.7215850681893489,0.0,0.7002772615261323,-0.6822706259067268,0.0,
rs,0.0,-0.19917810411627643,-0.5367551686294828,0.0,0.0,-0.6544021969627573,-0.68529727394489,0.43147236745030826,
tq,0.0,0.7033837598761661,-0.661917229797399,-0.3366229358935002,0.0,0.7093214448140048,0.0,-0.12533812034248515,
tw,0.26469267856829726,0.718064199377357,-0.3190024887441157,0.6917174010558035,0.0,0.0,-0.41257698555621836,-0.27503011202806427,
1,0.0,0.0,0.0,0.0,0.0,0.0,0.0,0.0,
0,0.0,0.0,0.0,0.0,0.0,0.0,0.0,0.0,
