,ty,at,pt,rs,tq,tw,1,0,
ty,-0.41802375323270663,0.573553715196303,-0.5954396897177038,-0.037559339080315786,-0.47172307467592306,0.5895488868459331,0.2409068621951273,0.5024208009567188,
at,-0.519746087690599,0.6338418007098985,0.59801035023595,0.3280126445938805,-0.500017110616448,0.4619781947774204,0.5757765034146934,-0.3550229136950004,
pt,-0.01652569956529751,-0.4264834490964721,-0.32383824348024604,0.20285897286000917,0.5482817360602407,-0.4442965802296454,-0.1955475319540461,-0.5780183982384008,
rs,0.2562017555275239,-0.6339915274408109,0.4978134887733975,0.585392023396542,-0.6490610505084519,0.2298175719966648,-0.13976540520513317,0.5674860031051093,
tq,0.27430984143876885,-0.48550459627193543,0.4029735515017866,0.04846182242787221,0.4280964750248879,-0.5382608631222309,-0.5401694560245454,-0.6614564820474785,
tw,-0.4781880372774754,-0.45498139967600243,-0.2523698914899522,-0.4552393032490731,0.4652275770536107,-0.581698312786072,-0.09876699984840066,0.3614337805568499,
1,0.0,0.0,0.0,0.0,0.0,0.0,0.0,0.0,
0,0.0,0.0,0.0,0.0,0.0,0.0,0.0,0.0,
