,ty,at,pt,rs,tq,tw,1,0,
ty,0.0,0.0,0.09875526870333501,0.5095208361485254,0.3210734541687566,0.06571536433513665,0.0,0.6379564931595811,
at,0.6744743733755946,0.0,-0.6520465061435653,0.21729678035907993,0.0,0.12710795924436963,0.6590997545399607,0.0,
pt,0.6187652223748694,-0.5561628236084353,0.0,0.0,-0.4318057161030731,0.0,0.42333531467813806,0.0,
rs,0.0,0.0,-0.10923618452717856,0.0,0.0,-0.43307719881718065,-0.6393522507776718,0.5595896495579109,
tq,0.032076681055280935,0.30046613646905734,0.0,0.0,0.0,0.0,0.7639820742060036,0.0,
tw,-0.39495108803901924,0.0,0.0,0.0,0.0,0.0,-0.014538539052916834,0.0,
1,0.0,0.0,0.0,0.0,0.0,0.0,0.0,0.0,
0,0.0,0.0,0.0,0.0,0.0,0.0,0.0,0.0,
