,ty,at,pt,rs,tq,tw,1,0,
ty,-0.3568659338542148,0.0,0.1159087392550892,0.0,-0.31148164306068776,0.0,0.0,-0.1799484208114937,
at,0.8394565012429781,0.0,0.0,-0.3670584388301406,-0.5559402499913004,0.674567070205403,0.4177651626623466,0.0,
pt,0.6573905358777297,-0.3561760472104943,-0.8354087366745041,0.3854861915595541,-0.6738532990921825,-0.6783687342111884,-0.3899313946436193,-0.4227513577759997,
rs,0.3641250654392305,0.28292807290275335,0.14657002404954522,0.0,-0.17609550775449503,-0.20507279585143123,0.0,0.5785430644216043,
tq,0.0,0.5173394356371408,-0.539755937382338,0.0,0.0,0.07504341917823998,0.026830031198328667,-0.7630350032973587,
tw,-0.03509746744544078,-0.33889663144841603,0.8286126070020662,0.0,-0.4150013564972187,-0.19363168219018909,0.0,0.109254850619069,
1,0.0,0.0,0.0,0.0,0.0,0.0,0.0,0.0,
0,0.0,0.0,0.0,0.0,0.0,0.0,0.0,0.0,
