,ty,at,pt,rs,tq,tw,1,0,
ty,0.0,-0.6528779991754058,-0.49038840981052134,0.0,-0.5728895796926258,0.0,0.6523284579201981,0.6706268600321831,
at,0.0,0.0,0.0,0.37217881655686186,0.0,-0.6606181378988465,0.6518060234590386,0.0,
pt,0.5227373874183089,-0.2469195414405326,0.0,0.0,0.5666428984804937,0.0,-0.5405806484654623,0.5397975535261601,
rs,-0.2789038565046323,-0.6900353766265697,0.5469236287286479,0.0,0.0,0.0,-0.667790829078495,-0.4584415055939683,
tq,-0.5178502290314866,0.0,0.0,-0.6234384454241196,0.0,0.0,0.22827147501643008,-0.6217516282202852,
tw,0.5681901122240436,0.6056201593477873,-0.6231860788881798,0.0,-0.6516363794899659,0.0,-0.6962147150068801,-0.4865775651624991,
1,0.0,0.0,0.0,0.0,0.0,0.0,0.0,0.0,
0,0.0,0.0,0.0,0.0,0.0,0.0,0.0,0.0,
