,ty,at,pt,rs,tq,tw,1,0,
ty,0.3885843572428096,0.0,-0.3945491868923379,0.5944610762813689,0.0,0.0,0.0,-0.3983283794919571,
at,0.5410774951845339,-0.42214218461113506,0.0,0.0,-0.31113622126398116,0.0,0.0,0.0,
pt,0.0,0.0,0.0,0.14848590251525706,0.0,0.6353034298180896,0.2052737045836702,0.0,
rs,-0.5011074552161948,0.5391039538011182,0.0,0.0,0.0,0.0,-0.5070115151246288,0.625961264504264,
tq,0.0,0.0,0.0,0.0,0.0,0.0,0.0,-0.5294732667930234,
tw,-0.45555767283576515,0.0,0.0,-0.15942041029488568,0.0,0.0,0.0,0.0,
1,0.0,0.0,0.0,0.0,0.0,0.0,0.0,0.0,
0,0.0,0.0,0.0,0.0,0.0,0.0,0.0,0.0,
