,ty,at,pt,rs,tq,tw,1,0,
ty,-0.7086486688481025,0.7015957788155827,-0.09982619301585324,0.667066450623994,-0.34885693929667655,0.7136425871073547,-0.6150722123142514,0.6833382427674494,
at,-0.5963061080413132,0.7088897489076982,0.6536150599847063,0.7070555578993136,0.7049368932590271,-0.45102661218330636,-0.566747403435178,-0.5743145167797017,
pt,0.577149669699224,-0.6286570503911587,0.6459633819799325,0.5414174215720865,-0.15825131313671587,-0.4651122176095229,0.7002179454273996,-0.37579848007910155,
rs,0.7067822783546683,0.40328255609454555,-0.7063737512862553,0.6926055922973873,-0.7155975386310838,-0.6852444471776981,-0.6801385667422476,0.47698985947079453,
tq,-0.7079190751111228,0.6908105774568155,-0.03062675987573905,0.6279386718807101,0.6983812570560332,-0.4908931692883348,0.708283435188969,-0.6198177591543196,
tw,-0.2693089730059876,0.7138581188851149,0.6526366295581196,0.2948390751159901,0.46834981395951725,-0.5785848438277024,-0.68871023031956,0.7130505896876146,
1,0.0,0.0,0.0,0.0,0.0,0.0,0.0,0.0,
0,0.0,0.0,0.0,0.0,0.0,0.0,0.0,0.0,
