,ty,at,pt,rs,tq,tw,1,0,
ty,0.0,0.1585943070374628,-0.6152916615286614,0.6651804061698758,-0.5580708247772762,-0.6712067910468669,0.612754123667739,0.5273839220461456,
at,0.0,0.0,-0.5524537972425299,-0.6515921308549967,0.0,-0.001174754031197684,0.16977089072065885,-0.3088371601493929,
pt,-0.27097607762930614,0.0,0.0,0.6148296057987661,-0.10413897496658374,0.5825105655295283,0.6510779870180963,0.0,
rs,0.37680117046658484,-0.5719642285336537,0.0,0.7007321137409395,0.0,-0.47556573512126254,-0.6614649316071459,0.6022984594994611,
tq,-0.6322218105104284,-0.3384493018030229,0.48931097081137415,-0.20150012325168146,0.0,0.0,0.5462080986336906,0.5871742858733708,
tw,0.3314194405349228,-0.5882740489798045,-0.6956151280283023,0.0,0.6275698910496905,0.0,0.0,-0.09949872306967393,
1,0.0,0.0,0.0,0.0,0.0,0.0,0.0,0.0,
0,0.0,0.0,0.0,0.0,0.0,0.0,0.0,0.0,
