,ty,at,pt,rs,tq,tw,1,0,
ty,0.3808433293009286,0.0,0.647641378577308,-0.3668407888249876,-0.5172097596399208,-0.20195362371964182,-0.31963371291685105,0.0,
at,0.6080545948893517,0.0,0.7128447964560798,0.4436234728908496,0.1108124984645997,0.7157744452231143,-0.5857062792977673,0.6516117403905095,
pt,0.0,0.0,0.6814542668828056,0.0,0.715696421718053,-0.057599131263078016,-0.5618729300334883,-0.6564455392237506,
rs,-0.37181059763294283,-0.6943244211611245,0.6945209558115133,-0.6417391107056627,-0.4997033048405255,-0.7172972143435025,-0.43092222401679336,0.658527099013069,
tq,0.6387889042262477,0.0,0.6419006408698846,-0.721341317899007,0.6943031450438231,0.7014847235662125,0.0,0.7112343493953381,
tw,-0.59514827805524,0.2918122979320991,0.5675860699831063,-0.708274719169071,-0.413889308862557,0.45351990183366964,0.7205231128498983,-0.4044207648310525,
1,0.0,0.0,0.0,0.0,0.0,0.0,0.0,0.0,
0,0.0,0.0,0.0,0.0,0.0,0.0,0.0,0.0,
