,ty,at,pt,rs,tq,tw,1,0,
ty,-0.45366962065022526,0.5355145694782844,-0.6152912201382369,0.0,0.06996180430854151,-0.610999620465448,-0.5852829541561534,0.14861055372567608,
at,0.0,-0.653868500163864,-0.5786688393453945,0.5908813955135513,0.6074943900622127,0.3530657932402071,0.5707233463900412,-0.5061141731394376,
pt,-0.6451975289956344,-0.23495866090593467,-0.5955909605871573,-0.5689513444996327,0.0,-0.29914934715525604,0.0,0.5829010048334762,
rs,-0.5728051273379507,-0.4684957169092182,0.41497058091821587,0.635422394850434,-0.4109771664645121,-0.68927588942927,-0.7000728572511208,-0.6115229260464576,
tq,0.0,-0.6234024470882275,-0.5323790353934578,0.19615185918601094,0.0,0.5399559364627186,0.7228029516117365,0.5599168569642509,
tw,0.58950835157456,0.5072086124901103,0.0,-0.33422726443178513,-0.4655626109414642,0.0,-0.28398670040110996,-0.4503651387939847,
1,0.0,0.0,0.0,0.0,0.0,0.0,0.0,0.0,
0,0.0,0.0,0.0,0.0,0.0,0.0,0.0,0.0,
