,ty,at,pt,rs,tq,tw,1,0,
ty,0.5263471980872754,-0.6047620879422958,0.6144766729887476,0.643063810423844,-0.1905833619136027,0.0,-0.46001292805862687,-0.5167106708956507,
at,0.0806418636466587,0.0,-0.26069152234549264,0.6920272212340005,-0.09050483105753263,0.3692163733370845,0.6245475758779953,0.0,
pt,-0.7056514317441138,0.2954658693340181,0.5329413472662385,0.22130403595828735,0.7076940302966136,0.5049330093945008,-0.445460770323958,0.6877106271411206,
rs,0.6901544424696079,0.5952388333769421,-0.6205427955395949,0.7236080827989133,-0.6871004756864546,-0.6250032340268306,-0.5653585540378774,0.6576850749625585,
tq,0.372165225916516,-0.5233189194461673,0.29979380414742773,-0.6643442147627956,0.7227106325829253,0.7007537627694348,-0.6205630511250746,-0.697126026666232,
tw,0.38922880788039377,-0.6008230710277874,0.017287617083555775,-0.7105082148681404,0.11307404282971739,-0.5161679761903788,0.4556098429937122,-0.6152461338224047,
1,0.0,0.0,0.0,0.0,0.0,0.0,0.0,0.0,
0,0.0,0.0,0.0,0.0,0.0,0.0,0.0,0.0,
