,ty,at,pt,rs,tq,tw,1,0,
ty,0.0,0.0,0.0,0.0,-0.010488139899402053,0.09175022331089493,0.0,0.0,
at,0.0,0.0,0.0,0.6128326241946402,0.5373776040483385,0.5111801300237316,0.0,-0.5229937507062828,
pt,0.0,-0.6413317337433077,0.0,0.0,-0.03762960161535263,0.013432766764069919,0.0,0.0,
rs,0.4502402495371134,-0.6660778928263857,0.4268974581625876,0.0,-0.6499842178093058,0.0,0.0,0.0,
tq,-0.15503347161182335,-0.013059100299837619,0.00768604069349875,-0.6469027796488446,0.0,0.0,0.11446191691838062,0.0,
tw,0.0,0.6327676999140661,-0.5947680610436303,0.5184623222626329,0.636856277020579,0.0,-0.6384942804922684,0.0,
1,0.0,0.0,0.0,0.0,0.0,0.0,0.0,0.0,
0,0.0,0.0,0.0,0.0,0.0,0.0,0.0,0.0,
