,ty,at,pt,rs,tq,tw,1,0,
ty,0.6557811363190285,-0.5557377944438979,0.5283476211654484,-0.2632380233936298,0.07382513910248757,-0.15273442331714834,-0.47971680445460474,0.6934588306708026,
at,0.41683606976238097,0.4414159162199512,-0.5455002730918534,-0.26917058968530305,0.609278978147384,0.6092556252735619,-0.6808117671996412,0.6709597891061048,
pt,-0.34623680647456617,0.6460685223492031,-0.6818631215787087,-0.6228050928608632,-0.4222808159825025,-0.6386931317154753,0.24643974723848844,0.6250990486302811,
rs,0.7040853370086498,-0.4521298358592273,-0.13895032483708256,-0.12136308063278325,-0.5764865297654346,-0.5294493821638042,-0.527816140758639,0.5572165165710807,
tq,0.5169775916019415,0.6598712104309301,0.5531953171073775,0.3050568333239678,0.6520710208198047,0.5887913472975087,-0.5550780810520859,-0.41840064996852805,
tw,0.5561288367977758,-0.571227949741323,-0.4543025419527424,-0.47967960244017627,-0.19377474656652505,0.5164986788405567,0.6184099033430562,-0.7147203516029357,
1,0.0,0.0,0.0,0.0,0.0,0.0,0.0,0.0,
0,0.0,0.0,0.0,0.0,0.0,0.0,0.0,0.0,
