,ty,at,pt,rs,tq,tw,1,0,
ty,0.0,0.011583751167635534,-0.5583185422952468,0.06159822555236305,-0.5476342621690543,0.0,0.0,0.31188626437696243,
at,-0.44172822452905985,0.0,0.22451746383688462,0.592292679595295,0.0,0.28470948064646784,0.6876609878175505,-0.09589234045495978,
pt,0.0,-0.06791076845776906,0.0,0.0,0.0,-0.5792533929173834,-0.044548983771781306,0.0,
rs,0.0,0.0,0.0978935082765326,0.0,-0.023569118071831922,0.026159915700815606,-0.044039585652555314,0.5678394571864506,
tq,-0.2963551278208755,0.0,-0.7364988260951341,0.0,0.0,0.0,0.23751630737270382,0.0,
tw,0.06704354982036657,0.0,-0.2054480356212335,-0.22945100463889018,0.0,-0.3358630840673179,0.28443951174512616,0.33538129697891106,
1,0.0,0.0,0.0,0.0,0.0,0.0,0.0,0.0,
0,0.0,0.0,0.0,0.0,0.0,0.0,0.0,0.0,
