,ty,at,pt,rs,tq,tw,1,0,
ty,0.0,0.0,0.0,0.0,0.0,0.0,0.6531788734227032,0.0,
at,-0.5429389433636376,0.0,-0.5979967248737316,0.0,0.0,-0.7337253679335884,0.0,0.0,
pt,0.40217979155161915,0.0,0.0,0.0,0.0,-0.7458821388070921,0.0,0.6312247959912685,
rs,-0.7132513991998563,-0.30991645120233224,0.0,0.0,0.0,0.5296948278586997,0.0,0.6620758065032154,
tq,0.0,0.6304445520056235,-0.6711598725908741,0.5170498825896676,0.0,-0.46204116814623314,0.0,-0.6418989869309499,
tw,-0.6175272102686961,-0.7621694148502554,0.0,0.0,0.29053023581591053,0.0,0.0,0.0,
1,0.0,0.0,0.0,0.0,0.0,0.0,0.0,0.0,
0,0.0,0.0,0.0,0.0,0.0,0.0,0.0,0.0,
