,ty,at,pt,rs,tq,tw,1,0,
ty,0.0,0.14542212425118686,0.13749335033612678,-0.5730749163386396,-0.43582717245042074,0.6498823715284531,-0.3380775207925369,0.3812769993685728,
at,-0.5032293079908408,0.12317469808654195,-0.14772428837613166,-0.6835494583143509,0.5009961689980226,0.30430118061700007,-0.32537882991912387,0.6580849935475729,
pt,-0.4810466428691335,0.6092306798249043,0.16853053107906377,-0.3038794003173278,-0.24400803079790329,-0.6959719837703385,0.4724665779590212,0.5470693267811719,
rs,-0.05354384869832907,0.11873608074865007,0.661072695360481,0.0,-0.4872539036411744,0.3748022727900417,0.2691552463341074,0.6035760842041296,
tq,0.09814955368674266,-0.3745174444342416,-0.5888293362163983,-0.16476109099589395,0.6229822401954352,0.2449654201114832,-0.40096479226660153,-0.4828535863176817,
tw,-0.38528104914362576,0.5622669069160424,0.48062273999169447,0.5537886789902592,0.3850761542659274,0.0,-0.4057039723913542,-0.003652991617366731,
1,0.0,0.0,0.0,0.0,0.0,0.0,0.0,0.0,
0,0.0,0.0,0.0,0.0,0.0,0.0,0.0,0.0,
