,ty,at,pt,rs,tq,tw,1,0,
ty,0.0,-0.7015568992709724,0.6647441289730873,0.08910722141099883,-0.1129221563455685,-0.471816217987799,0.013478189336309695,0.6454307545408511,
at,-0.26041787275560474,0.45459009147552176,-0.6837869283442359,0.49186334210010746,0.6772672767766477,-0.5519246021751589,-0.3051515903546107,0.6660096997005029,
pt,0.5043274024878144,0.5057363648883427,-0.5841087522131575,0.39472653974713195,-0.39484504662225267,0.44443598680442276,-0.5309764962851592,0.6483713027378343,
rs,-0.38317307190071215,-0.5123591732952119,-0.5871655002701892,0.0,-0.6817941922306353,0.10567939600625058,0.44824206464087046,0.6319419811024006,
tq,-0.15420789501734855,-0.3166162759412044,-0.5015217980124679,-0.542894774514634,0.5388517426095232,-0.67509907791352,0.016772478552960726,-0.021473326389707247,
tw,-0.6726367057454997,0.4071857021176509,-0.07655824157307839,0.18918386407943752,0.6241883905364539,0.0,-0.3827078751895628,-0.48953374959110063,
1,0.0,0.0,0.0,0.0,0.0,0.0,0.0,0.0,
0,0.0,0.0,0.0,0.0,0.0,0.0,0.0,0.0,
