,ty,at,pt,rs,tq,tw,1,0,
ty,0.0,-0.6937304287547001,-0.2761098958917808,0.24495736683661104,0.6005111854040492,-0.6767124500637629,0.671888879397952,0.6735640359588522,
at,0.4971761976666447,-0.5143477117483484,0.6972492188013188,0.29253490819107053,0.6280412589177848,-0.47624375597754837,-0.2577597005299317,0.4130869998037271,
pt,-0.6773396565720128,-0.4258552550507982,0.39334368509785755,0.5795639431434173,-0.6902404716971177,0.6543290149006452,0.6004721451301758,-0.5224113093798097,
rs,0.6989111719614998,-0.23136978453351095,-0.6998859352795402,0.0,0.5402313196369736,-0.13837364149420453,-0.7011193035973092,0.06830036418726117,
tq,-0.6829867765382533,-0.005431507348210306,0.6478928158115306,-0.5538758675752553,-0.69316387996902,0.477147276379649,-0.6367130863869557,0.6944073823119836,
tw,-0.44259589673737476,0.53498963572892,0.6953420685628489,0.41667614184774865,0.6651719701145773,0.0,0.3979827536622769,0.688219127824095,
1,0.0,0.0,0.0,0.0,0.0,0.0,0.0,0.0,
0,0.0,0.0,0.0,0.0,0.0,0.0,0.0,0.0,
