,ty,at,pt,rs,tq,tw,1,0,
ty,0.6886972235310267,0.6139250569091447,-0.45776383411283833,0.10311912062985391,-0.2142349541255756,-0.33630067228802146,-0.5355516522942424,-0.03558058948224364,
at,-0.31439259264914515,0.3267711564557677,-0.09195830850782682,0.3961478551505754,0.1545377528441222,0.09918909808775506,-0.18176185367947206,0.27439732173503134,
pt,0.40805856881771696,-0.4201891239472281,-0.5189824932573781,0.27931573409007965,0.549663584997449,0.12938429733176207,-0.44635591842231537,0.5480002972696933,
rs,-0.30190535657973877,0.5014420297996504,0.6215484418279857,-0.26744018797013064,-0.4478734968642989,0.10295908168406707,-0.5003786890629445,-0.5507125580576181,
tq,-0.31710912999302016,0.615211672641239,0.5510112809021128,0.187862260408746,0.4232853544071482,0.07368769692395985,-0.014328552656024212,-0.4923335886975616,
tw,-0.3944358769981859,0.33990377869137317,0.2694777146565859,-0.23866251019962856,0.3693234863560966,-0.03471472465540761,0.11742765185537749,-0.40839476447176776,
1,0.0,0.0,0.0,0.0,0.0,0.0,0.0,0.0,
0,0.0,0.0,0.0,0.0,0.0,0.0,0.0,0.0,
