,ty,at,pt,rs,tq,tw,1,0,
ty,0.0,0.0,0.21921099368508148,-0.4836121759294507,0.0,-0.6650781313305322,0.0,0.0,
at,-0.4975323570913598,0.0,-0.3051030008652037,0.3593037244618827,0.5824137991952423,0.0,-0.16472069753685614,0.45635642361950224,
pt,0.3018399740901294,0.0,0.0,-0.6044990327544492,0.0,0.07102469468543401,-0.520456020317374,-0.31529825247752197,
rs,-0.3561635461907555,0.0,0.0,0.0,-0.42185831143512775,-0.03094320307974224,0.39165016730186575,0.37414696412779413,
tq,-0.5090441876794604,-0.28355838457767046,0.10454270993014438,0.3966024427599475,0.3987853048098172,0.04462753201228951,0.0,0.0,
tw,-0.03554227197213929,0.0,0.0,0.0,0.46916597651285236,0.0,0.12495351811760211,0.0,
1,0.0,0.0,0.0,0.0,0.0,0.0,0.0,0.0,
0,0.0,0.0,0.0,0.0,0.0,0.0,0.0,0.0,
