,ty,at,pt,rs,tq,tw,1,0,
ty,0.044945930175939494,0.19664149111791632,0.39797552538666325,0.48164785204833993,0.27863640224489566,0.47570087780750764,0.4476385145543959,0.5424901763464937,
at,0.5028644310379646,0.4383011368021106,-0.24694122854719497,0.3531436662529583,-0.3208316737744594,0.4743580605440481,0.44677121344589515,0.02010675394943746,
pt,-0.4840049012842151,-0.383161879483396,0.4195554296235969,0.0,0.0,0.43546760880590424,-0.5413797050143369,0.0,
rs,-0.3387695542934759,0.012266089846845601,0.5039037840709701,0.49539928756646645,0.0,-0.5025446167022243,-0.11815933363105507,0.3938312692819371,
tq,-0.3572149255372478,0.0,-0.39524213847511563,-0.17142728551487313,0.0,-0.26384034514598537,0.0,-0.5256879572979293,
tw,0.550194391405511,-0.33184964965291464,-0.46485588817114687,-0.2802128665520321,-0.14419935789566216,0.0,-0.41937655889189124,-0.6106627669589623,
1,0.0,0.0,0.0,0.0,0.0,0.0,0.0,0.0,
0,0.0,0.0,0.0,0.0,0.0,0.0,0.0,0.0,
