,ty,at,pt,rs,tq,tw,1,0,
ty,0.0,0.2909037047430231,0.6820778903231116,0.6959068154147675,0.04920538930899007,-0.7199005511808219,0.6726813865066619,0.0,
at,0.0,0.0,0.0,0.7002121943097429,0.7240119404100162,-0.6621216885987882,0.0,0.0,
pt,0.0,0.7074729150557809,-0.721612213562385,0.0,-0.0383882813546305,0.6176961298028439,-0.6736679500508724,0.0,
rs,0.0,0.0,0.0,0.0,-0.5990231555059488,0.0,-0.6944483814457987,0.1454752690686715,
tq,-0.6911487028900838,0.7336090783955264,0.7307580907690806,-0.7079367724463306,0.0,0.0,-0.6253599439631613,-0.6948372804885328,
tw,0.41389545535413585,0.0,0.6310032871225577,0.45125007297033093,0.7196323280993361,0.0,0.32932191986721693,0.0,
1,0.0,0.0,0.0,0.0,0.0,0.0,0.0,0.0,
0,0.0,0.0,0.0,0.0,0.0,0.0,0.0,0.0,
