,ty,at,pt,rs,tq,tw,1,0,
ty,0.0,0.5868090395397271,0.29125519428645946,0.0,-0.7232088770570415,-0.7023967719692242,0.0,0.0,
at,0.7183418903033325,0.0,0.0,0.0,-0.6804248370097715,0.19371940013757222,0.0,0.6945678097887021,
pt,0.12374219382855534,-0.6907577303233662,0.0,0.0,0.0,0.0,0.6833112452825466,0.0,
rs,0.6974806950576024,0.0,-0.7001270788728088,0.0,0.0,-0.7152603626693058,0.0,0.0,
tq,0.0,0.0,0.6795930720712771,0.0,0.0,0.0,0.0,0.0,
tw,-0.18594172763785335,0.0,0.0,0.11552000838646614,0.0,0.0,0.0,0.0,
1,0.0,0.0,0.0,0.0,0.0,0.0,0.0,0.0,
0,0.0,0.0,0.0,0.0,0.0,0.0,0.0,0.0,
