,ty,at,pt,rs,tq,tw,1,0,
ty,0.13935200088219513,0.0,0.4840734851799835,0.5977507915632105,0.0,0.1226095240988668,0.41812178373773756,0.6482404839035539,
at,-0.3505700801350689,0.5593895228575276,0.4511097413059851,0.10293052362259426,0.4485933867038849,0.29825444370523657,-0.4892261000455076,0.0,
pt,-0.5870694434810564,-0.42692729871012786,0.0,-0.4662825643101427,0.08975366071924169,-0.6816229395568801,-0.6638219051303801,0.18468180368419476,
rs,0.0,0.2819842909460569,-0.03307357499307448,0.0,-0.5558840570007876,0.051751654358826074,-0.5295000444938307,0.0,
tq,-0.4792797705081703,-0.39817396263369076,0.30010170211099896,-0.6561287990840394,0.48510140758221937,-0.5492062960478296,-0.21837249054919308,-0.2965845042254092,
tw,0.0,-0.553867762960881,0.25707128166324594,0.19988508219697848,0.35068289279417153,0.12877918936272176,0.03363783222868751,-0.6607586848781192,
1,0.0,0.0,0.0,0.0,0.0,0.0,0.0,0.0,
0,0.0,0.0,0.0,0.0,0.0,0.0,0.0,0.0,
