,ty,at,pt,rs,tq,tw,1,0,
ty,0.0,0.0,0.0,-0.397569256451572,0.0,0.011710873798602623,0.6813546411033322,0.6697347934487721,
at,0.0,0.0,-0.5496525189219235,0.6218986767200974,0.6401606833630136,0.0,0.031571775076096396,0.0,
pt,0.0,0.0,0.0,0.0,0.0,-0.17647665290263373,0.0,0.0,
rs,0.0,0.0,0.0,0.0,-0.3149334383198812,0.0,0.0,0.0,
tq,-0.549200881779727,0.7423142286192344,0.0,0.0,0.0,0.0,0.0,0.0,
tw,0.0,0.6705318986481863,0.23181839595515707,0.0,0.3930386868283937,0.0,-0.5874366113677462,0.45129113457069603,
1,0.0,0.0,0.0,0.0,0.0,0.0,0.0,0.0,
0,0.0,0.0,0.0,0.0,0.0,0.0,0.0,0.0,
