,ty,at,pt,rs,tq,tw,1,0,
ty,0.0,0.0,0.0,-0.0011657105165609884,0.0,-0.595162728791033,-0.5410773501721966,0.0,
at,0.0,0.0,0.0,0.6486246400182847,0.7019220644986524,0.0,0.0,0.0,
pt,0.0,0.0,0.0,0.0,0.011194441898848356,-0.23507767894754397,0.0,0.6652585318868656,
rs,0.0,0.0,0.0,0.32305973236446583,-0.7200660803638572,0.0,0.0,0.0,
tq,0.0,0.6380734716774701,-0.6268656028450958,-0.262998359129853,0.0,0.6939120263864219,0.0,-0.6720858551791574,
tw,0.0,0.0,0.0,0.31543500890610976,0.705104584089263,0.0,0.0,0.0,
1,0.0,0.0,0.0,0.0,0.0,0.0,0.0,0.0,
0,0.0,0.0,0.0,0.0,0.0,0.0,0.0,0.0,
