,ty,at,pt,rs,tq,tw,1,0,
ty,0.6802585585470624,0.0,0.0,0.0,-0.6515617433316361,-0.6928532466836259,0.0,0.0,
at,0.0,0.0,0.09040583811699357,0.0,0.0,0.0,0.0,-0.6479431281330962,
pt,0.0,0.0,0.0,-0.42899876943466064,0.0,0.6236059168326051,0.0,0.7019728793624102,
rs,0.22403005212530266,-0.6473781180478045,0.44754952506798396,0.0,0.0,0.0,-0.5967734260555638,0.37337051363137497,
tq,-0.11926156095624074,0.2857149760633431,-0.25008914086276113,0.24144706875965086,0.0,-0.7029200881731479,0.3698456039669824,0.0,
tw,0.34439363236048737,0.0,-0.3480853174478238,0.0,0.0,-0.39869579477280326,0.6506979089129133,0.0,
1,0.0,0.0,0.0,0.0,0.0,0.0,0.0,0.0,
0,0.0,0.0,0.0,0.0,0.0,0.0,0.0,0.0,
