,ty,at,pt,rs,tq,tw,1,0,
ty,0.33850630560360373,-0.3533102681801884,-0.6898649523952528,-0.2942391894107891,-0.49877527098557006,0.6224909308059065,-0.6117900634861998,0.08314405822758575,
at,-0.6323524419887212,-0.6695092969062549,0.6877536498903406,0.19227024190062666,0.7165367585262967,-0.5581245412463276,0.6746888514731223,-0.3980226250637333,
pt,0.6380740781622273,0.15519092293214512,0.5910367772271996,0.5918732105597525,-0.1124534005530042,0.6575569528309578,-0.7193103661715259,-0.2911272660077557,
rs,-0.5786152349246894,-0.48072389227897006,0.6576175097942772,-0.6480619950590002,-0.697989461941939,0.6446673000213076,-0.6235969230489735,0.6934634996247482,
tq,-0.6706798381330747,0.6070851106547867,0.6813137670209962,-0.6544606099851809,0.7013424371663559,0.4345137178532074,-0.6687962622013472,-0.6372945943717389,
tw,-0.6505621971341344,0.18881738820061583,0.5914940224822468,0.6875527999075268,0.3784716573472244,-0.37816603360343254,-0.3541197002191676,-0.6401802728972761,
1,0.0,0.0,0.0,0.0,0.0,0.0,0.0,0.0,
0,0.0,0.0,0.0,0.0,0.0,0.0,0.0,0.0,
