,ty,at,pt,rs,tq,tw,1,0,
ty,0.0,0.5375816251862185,0.0,0.10305576937420298,-0.36976385027671704,-0.5971537716066634,-0.6793530298841292,0.0,
at,0.0,0.0,0.0,0.0,0.689485378911142,0.0,0.3980988623853525,0.6423738477684525,
pt,0.3976206958428466,0.5390869035436677,0.0,0.13836669184062333,-0.4698732258378013,0.6049030917415278,-0.584301170277746,0.38403277095693483,
rs,-0.6584511098937745,0.2559424670119582,-0.7145885945603023,0.7076042297326542,-0.6606816193165231,-0.7040565903899132,0.3693088709132778,0.6117730291052499,
tq,-0.6823563986749392,-0.44426233431099865,0.0,0.0,0.6204649880306563,0.13643112606742372,-0.17527222300874692,-0.18142933573218073,
tw,0.6856241763288411,0.5345883865937336,0.0,0.0,0.6968542902317506,-0.5696963212331493,-0.5673511217491622,0.0,
1,0.0,0.0,0.0,0.0,0.0,0.0,0.0,0.0,
0,0.0,0.0,0.0,0.0,0.0,0.0,0.0,0.0,
