,ty,at,pt,rs,tq,tw,1,0,
ty,0.0,0.0,0.6404651606911219,-0.003875295975668253,0.4529890156137664,-0.8102233118588044,0.0,-0.377626553094349,
at,0.21207060711938916,0.0,-0.6115254202921387,0.00457610591248674,0.0,0.5990081232781864,0.41685722976073997,0.0,
pt,0.0555582112387505,0.5775937295341257,0.0,0.0,-0.31486506696580674,0.0,-0.4054614164081441,0.0,
rs,0.0,0.0,0.3488923858411609,0.0,0.0,0.4867150799902142,0.04277722096974741,0.593245812996965,
tq,0.43328212671470184,-0.012041769552093446,0.0,0.0,0.0,0.0,-0.7374986490287512,0.0,
tw,-0.41102361702335494,0.0,0.0,0.0,0.0,0.0,-0.5409989741750254,0.0,
1,0.0,0.0,0.0,0.0,0.0,0.0,0.0,0.0,
0,0.0,0.0,0.0,0.0,0.0,0.0,0.0,0.0,
