,ty,at,pt,rs,tq,tw,1,0,
ty,0.7502039715125816,-0.6226555637061928,-0.7318508490535522,-0.4312551992105541,-0.43032316911417845,0.5840841715201259,0.6974320593583084,0.10740269239290412,
at,-0.3018374892941176,0.7291453181337146,-0.675193402526373,-0.6805104790020826,-0.6264658180705804,-0.7200092299973888,0.759697874861251,0.6439225676734384,
pt,0.13377613104590505,-0.7337769090575567,0.6947698340001462,-0.4019729970771016,-0.5513871606505419,0.7463639446482794,-0.05631970816105455,0.6085302310043661,
rs,-0.7446939593454972,-0.7268916142633661,0.7196282787627344,0.16089906594750383,-0.698235231081303,0.5036231100660792,-0.44500665786514076,0.7600646268427528,
tq,-0.7494759504097526,0.7570751331551354,-0.5578040634932879,-0.631479200501805,-0.5761330564093469,0.7323687111416525,0.4607385007164167,-0.7464749693531894,
tw,-0.7469720473814885,0.7571514932103109,0.011240249800604962,-0.7273406368915117,0.752870698982053,-0.39483370453965017,-0.5189472292237811,0.764005566489383,
1,0.0,0.0,0.0,0.0,0.0,0.0,0.0,0.0,
0,0.0,0.0,0.0,0.0,0.0,0.0,0.0,0.0,
