,ty,at,pt,rs,tq,tw,1,0,
ty,0.0,-0.14558683765289662,0.0,0.0,-0.28645321225775083,0.28456875268123794,0.0,0.27814755464186,
at,0.3364175377500075,0.0,-0.44554031357514917,0.24871158866608448,0.7316613118841686,-0.14518986319854238,0.1357401854739172,0.4229918207644598,
pt,-0.5891179495545354,0.0,0.0,0.5628653107897739,-0.11999222234628676,-0.2008660329116725,0.4492486480288687,0.4712947718073873,
rs,0.20641321451608816,0.0,0.39033607444769486,0.0,-0.6766838678231687,-0.5599650590294062,0.1990459798439007,0.5273217678246259,
tq,-0.7391413518358455,0.5459606345437826,0.0,-0.28016456442277055,0.0,-0.6602961520060208,0.0,-0.7424131333688858,
tw,0.5940287510975161,0.6829923261672673,-0.0751165476732824,-0.1905951496057168,0.0,0.0,-0.5558469743475286,-0.7250212308437697,
1,0.0,0.0,0.0,0.0,0.0,0.0,0.0,0.0,
0,0.0,0.0,0.0,0.0,0.0,0.0,0.0,0.0,
