,ty,at,pt,rs,tq,tw,1,0,
ty,0.0,0.0,-0.5530977605130866,0.0,-0.3939907799190766,-0.6920700307615287,0.0,0.6073608746997651,
at,-0.43132497990455526,0.0,0.0,0.0,0.0,0.0,0.0,0.0,
pt,-0.6828323591688525,-0.13622503670024333,0.0,0.5195854005306798,0.0,0.0,0.585575210368111,0.0,
rs,0.5849132005756116,0.0,0.0,0.6820956850277549,0.0,-0.7102048413004407,0.0,3.696594030414315E-4,
tq,-0.6661625360955508,0.6855663667020405,-0.2822361475285375,0.0,0.7121331253539498,0.6940240804736206,-0.5963790273349282,0.06069423579815508,
tw,-0.5359889899073154,0.0,0.0,0.0,0.0,0.5023448888430586,0.6762482934070089,0.0,
1,0.0,0.0,0.0,0.0,0.0,0.0,0.0,0.0,
0,0.0,0.0,0.0,0.0,0.0,0.0,0.0,0.0,
