,ty,at,pt,rs,tq,tw,1,0,
ty,-0.5555736657638691,-0.5768240903648445,-0.1829989334685793,0.2545455728616124,-0.01189199036221826,-0.3029648948055033,-0.4086166143346462,-0.6511331240372594,
at,0.31108204563450204,-0.6072780354061668,0.5862035625245006,-0.3656282222000421,0.5705543191905649,-0.5775990571189428,-0.17865161102976554,0.24519559098684227,
pt,-0.5335179155710572,-0.5361447181602075,-0.468997855374267,0.6086456858851397,0.12814301236825243,0.5475152533755814,0.3758002538745388,-0.6019691176520011,
rs,0.578769355731421,-0.3631036284211898,0.22368471478450855,0.6214862471360548,-0.4876181578767214,-0.5882653505494699,-0.5350257327420853,0.5422795320767676,
tq,0.08497205625549323,0.27841716049614057,-0.10308633432555275,0.1454012605426056,0.4191915137784445,-0.5875783838496469,0.4789383639242,0.46140818055444544,
tw,0.5708046033789499,-0.6089399329741573,-0.6566660379861494,-0.34445253227809236,0.49206073412938717,0.19018317664071596,-0.1851270036950982,0.3526645481356703,
1,0.0,0.0,0.0,0.0,0.0,0.0,0.0,0.0,
0,0.0,0.0,0.0,0.0,0.0,0.0,0.0,0.0,
