,ty,at,pt,rs,tq,tw,1,0,
ty,0.0,0.6962990108717443,-0.4149602542855144,0.37653230666788856,0.0,0.0,0.5274697084644664,0.0,
at,-0.6305901655196782,-0.71852217761467,0.0,0.0,0.0,-0.38316732771621664,0.0,-0.176972811487402,
pt,0.2754474921245776,0.4248307464701802,0.0,0.0,0.5221452127092897,0.0,0.05895371978823209,-0.07416507086143025,
rs,0.0,0.41078270693831365,0.0,0.6280534234222422,0.0,-0.3149347423795048,-0.31935971124586987,0.6438052860177222,
tq,0.0,0.10988009434708294,-0.6007993405176804,-0.09675907189759114,0.0,-0.7028577221366354,-0.36686610854952245,-0.5326736078110951,
tw,0.0,0.7260945084801097,0.0,0.0,-0.4631811193675812,0.0,-0.34581694133554347,-0.3208330503556816,
1,0.0,0.0,0.0,0.0,0.0,0.0,0.0,0.0,
0,0.0,0.0,0.0,0.0,0.0,0.0,0.0,0.0,
