,ty,at,pt,rs,tq,tw,1,0,
ty,-0.20364680317825903,0.0,0.3416746069251216,-0.5885011161641907,-0.6923727961305128,-0.4163322570522186,-0.38478334825011734,0.0,
at,0.4531571818519521,0.0,0.6230369319531175,0.5125893014964077,-0.09215123392212093,0.7232300937020196,0.6631337086791088,0.5089325219162639,
pt,0.0,0.0,-0.66990253142655,0.0,0.6404442434463169,0.6159977148850867,-0.7222913743139145,0.6955003631869179,
rs,0.39717460905016166,-0.6818447044775336,0.7157151698335449,0.7214875341151864,-0.7172148093066818,-0.7085129488638128,-0.43052037851252706,0.7070987625922682,
tq,-0.6779049053602733,0.0,0.704441488394951,0.32138834083759044,0.7128982872561859,0.6300431585961186,0.0,-0.7206558170157047,
tw,-0.5031705582218713,-0.3478386241204528,-0.5488326303820268,-0.6632119644516526,0.6855925125521957,-0.6562584275969725,-0.15742800704025117,-0.32962516373443984,
1,0.0,0.0,0.0,0.0,0.0,0.0,0.0,0.0,
0,0.0,0.0,0.0,0.0,0.0,0.0,0.0,0.0,
