,ty,at,pt,rs,tq,tw,1,0,
ty,0.0,-0.13822226400815577,0.0,0.5230269389656013,-0.0206524079903171,-0.18722160143355382,0.2806791363535641,0.0,
at,0.0,0.0,0.0,0.0,0.690575485380156,0.0,-0.7127334046234352,0.5576737859810595,
pt,-0.4969254782605048,0.6975988425173709,0.0,-0.5628523449910229,-0.35570938604593644,-0.41651731090171346,0.5404757164192507,0.6800446711767537,
rs,0.5995937109796797,0.7101003865879388,0.505280376246832,0.672888640508237,-0.40547008265055895,-0.5405364532665276,-0.6173451024188429,0.7157302197929687,
tq,-0.2367884400272665,-0.32726565908560834,0.0,0.0,0.5923037330230579,0.5774933182908271,-0.6246664817405366,-0.6685392208726594,
tw,0.09336468753562951,0.24628943390851143,0.0,0.0,-0.22775490416491287,0.7199249485434637,0.7159312984283839,0.0,
1,0.0,0.0,0.0,0.0,0.0,0.0,0.0,0.0,
0,0.0,0.0,0.0,0.0,0.0,0.0,0.0,0.0,
