,ty,at,pt,rs,tq,tw,1,0,
ty,0.0,-0.18683211774307137,0.0,0.0,0.5379317412069771,-0.46507517336419274,0.0,0.49425299064379363,
at,-0.4817736419388436,0.0,0.10280892415367403,-0.4541181910595089,0.0,0.0,0.0,0.0,
pt,0.0,-0.3667446762732966,0.0,0.6393091711991828,-0.1575590959584807,-0.16195053040332538,0.11567015600135348,0.0,
rs,0.2800060859155545,0.0,-0.09996397920805182,0.4171845804047049,-0.40049456680653667,0.3890236511781473,0.0,0.0,
tq,0.0,0.1808796715301663,0.0,0.27652748040772557,0.0,0.0,0.0,-0.3785279763742289,
tw,-0.10257819948592528,0.0,0.0,-0.43392543402543343,-0.12753387501121383,0.0,0.0,0.0,
1,0.0,0.0,0.0,0.0,0.0,0.0,0.0,0.0,
0,0.0,0.0,0.0,0.0,0.0,0.0,0.0,0.0,
