,ty,at,pt,rs,tq,tw,1,0,
ty,0.0,-0.615564753984275,-0.47929810348022606,0.644577820775027,-0.33357360224660804,0.7060730155378052,0.5681399837395951,0.6124053026119377,
at,0.2335519426512713,0.26251095101910593,-0.6903789652175192,0.46734728955022214,0.6687183693959049,0.0,-0.4703949362360285,0.565930432963784,
pt,-0.20478810845531592,0.0,0.4119886766753948,-0.7015966144160771,-0.4225705758397883,-0.5804514264756517,-0.28127110699228247,0.5033193674080212,
rs,-0.3149384655920283,0.6348439981720306,0.5761056289432203,0.0,0.0,0.5364944913812744,0.28003787181595446,0.0,
tq,-0.545442270424254,-0.6778509141424544,-0.07854253964551514,0.0,0.6601365638242339,-0.49082562961895393,-0.38132173451815976,-0.423859445593318,
tw,0.45360772670358895,-0.6241889123367509,0.0,-0.5151595444696727,0.2068349062022639,-0.494512371086625,-0.6944748747618903,0.2348204127770203,
1,0.0,0.0,0.0,0.0,0.0,0.0,0.0,0.0,
0,0.0,0.0,0.0,0.0,0.0,0.0,0.0,0.0,
