,ty,at,pt,rs,tq,tw,1,0,
ty,-0.6573766570602133,-0.019379090706908048,-0.49878038181582424,0.0,-0.5914832373395011,-0.1026330041037241,0.35570675909732213,0.7264598389601181,
at,0.0,0.19681404696901322,0.5856302088154007,-0.4816963072248498,0.7127145796982668,0.7284661897317031,0.7361032510224744,0.5530651839277798,
pt,0.5605303537020633,-0.42867615581003776,-0.30652257090505114,-0.7350149253725275,0.0,-0.3531732862682107,0.0,0.1439147616190898,
rs,0.7158410687723216,-0.5934675465713757,0.6919897889590284,0.5304146084192067,0.054165862932845824,-0.49523119485197126,0.593081752252555,0.6972560329388539,
tq,0.0,0.7180534342608367,-0.7123582479220186,0.393771877042252,0.0,0.33996745542066575,-0.5670313976251041,0.3832986096341335,
tw,-0.6484406032957992,0.6984265205605452,0.0,-0.7093508962965023,0.6861678716252705,0.0,0.5763417564322726,-0.2204585095985392,
1,0.0,0.0,0.0,0.0,0.0,0.0,0.0,0.0,
0,0.0,0.0,0.0,0.0,0.0,0.0,0.0,0.0,
