,ty,at,pt,rs,tq,tw,1,0,
ty,0.0,0.0,0.0,0.0,0.48604269290947716,0.49200840777758315,0.0,0.0,
at,0.0,0.0,0.0,0.6549042618680193,0.46408748183419085,-0.5295282710157667,0.0,-0.5421081548979881,
pt,0.0,0.47512057609447583,0.0,0.0,-0.6419423421214043,0.3456147540779028,0.0,0.0,
rs,-0.42855765781179617,-0.6072230811965397,-0.47616615615337643,0.0,-0.35952445420614143,0.0,0.0,0.0,
tq,-0.26070857746034576,0.6843867783620112,0.5671979657392485,-0.03859968030155718,0.0,0.0,-0.21315866335411207,0.0,
tw,0.0,-0.5169654347015123,0.4148537156537905,-0.006094289308553083,0.44869775313195054,0.0,-0.3274068789938487,0.0,
1,0.0,0.0,0.0,0.0,0.0,0.0,0.0,0.0,
0,0.0,0.0,0.0,0.0,0.0,0.0,0.0,0.0,
