,ty,at,pt,rs,tq,tw,1,0,
ty,-0.5745388246357648,-0.017945846230195444,-0.5045196681960471,-0.37488463459885973,-0.2734806928257288,0.6315717826991316,-0.6360702064863398,0.3219235198849393,
at,0.25997208289430895,0.4308671707979651,-0.5276419426502884,-0.5745724140949704,0.6081896568082508,-0.23700939884702085,-0.30042832450763124,0.2839922117856472,
pt,0.43611701598891345,0.5201252593159348,-0.5213357709356627,-0.3981952992361999,-0.24870576474843498,0.5956541078841392,0.5825892320562419,-0.4973553472272809,
rs,0.4547377333899731,-0.536339312846324,-0.4525489234626244,-0.4968269503343865,-0.4556156198421861,0.6171276824786595,0.4154404142615446,-0.4565333704978108,
tq,0.5017005531951372,-0.540805230242014,-0.39828741048674127,0.2813615190696739,0.5562153440815533,-0.566646881546612,-0.5728836097147373,-0.5881807943862974,
tw,-0.45105065364818303,-0.23970366817417782,-0.5108476194704822,0.5480045814968594,0.3336245159469624,0.5439801146672281,-0.6466621369904314,0.5872829420777654,
1,0.0,0.0,0.0,0.0,0.0,0.0,0.0,0.0,
0,0.0,0.0,0.0,0.0,0.0,0.0,0.0,0.0,
