,ty,at,pt,rs,tq,tw,1,0,
ty,0.0,0.0,0.0,-0.6249927981166516,-0.17939195980312705,-0.06317904091212379,0.0,0.02125504119165922,
at,-0.7246251161319988,0.0,0.0,0.6925134789002132,0.0,0.0,0.0,-0.5664246930596202,
pt,-0.65454672628866,-0.4047991614065125,0.0,0.0,0.0,-0.4238919028129391,0.0,0.0,
rs,0.0,-0.8305722432007889,0.19990032642207312,0.0,0.0,0.0,0.0,0.02384123922060022,
tq,-0.6332721967264463,-0.2848547708331126,0.0,-0.9442635885448696,0.0,0.8168817993333319,0.7172527088023748,0.0,
tw,0.0,-0.03855073928596098,-0.5085376290555055,-0.2795915668337039,0.0,0.0,0.3276749699492485,-0.7330054084754647,
1,0.0,0.0,0.0,0.0,0.0,0.0,0.0,0.0,
0,0.0,0.0,0.0,0.0,0.0,0.0,0.0,0.0,
