,ty,at,pt,rs,tq,tw,1,0,
ty,0.0,0.3323208996729022,0.0,0.6079404508098533,-0.10513307952474978,-0.4713308527076974,0.1934435423868363,0.02151980964588516,
at,-0.5730954821908337,0.7096666980924168,-0.6271442882869696,-0.5928183587722681,0.5962053215302424,0.5734941451626792,-0.6528918890957804,0.0,
pt,0.49709083893204803,0.6764741610809641,0.0,0.4355114242015198,0.0,-0.44313201958933734,0.5909397333208336,0.0,
rs,0.0,0.6747361344610144,-0.5178694682634699,0.0,0.0,0.36542123116792885,-0.6575468419786334,0.543089000106556,
tq,0.0,-0.6606712486613786,0.6597985276674072,-0.4145137866489514,0.0,-0.7006143681598194,0.0,-0.5480556610792588,
tw,-0.14885996635893323,-0.6589580367764788,-0.36374276438432845,0.37955077921168606,0.0,0.0,0.027536208153095418,-0.5062712866164271,
1,0.0,0.0,0.0,0.0,0.0,0.0,0.0,0.0,
0,0.0,0.0,0.0,0.0,0.0,0.0,0.0,0.0,
