,ty,at,pt,rs,tq,tw,1,0,
ty,0.4394946890038456,0.48406186920935834,0.42904965137508017,0.48032598552928546,0.5455058473737319,-0.2246484243119905,-0.0803410459750072,-0.5148690784446149,
at,0.5163652191472496,-0.4820835337974984,-0.3776299750981599,0.2254967578623032,-0.3695815053779005,-0.32598389600554933,-0.35111720870169066,-0.48196679489844135,
pt,-0.3780545901061807,-0.48054107738070223,0.3834579884406771,0.0,0.0,0.514614060902378,0.3324915570792234,0.0,
rs,-0.5407095480316784,-0.1888620598535645,-0.4219362585167742,0.5653016813393191,0.0,0.49226661170520364,-0.44200702417311455,0.31321525417360613,
tq,-0.5029448464485466,0.0,0.5011339207918998,-0.4009998071435932,0.0,0.1544432442763462,0.0,0.25697007580285214,
tw,-0.5873405734765313,-0.44893114032431863,0.47030610313840543,0.3728285766495234,-0.4654673505825081,0.0,0.3421044786973637,0.21589000661687996,
1,0.0,0.0,0.0,0.0,0.0,0.0,0.0,0.0,
0,0.0,0.0,0.0,0.0,0.0,0.0,0.0,0.0,
